nohup: ignoring input
Genero avatar per 5003 personaggi...

============================================================
Generazione: Bianca (bianca_seduzione)
============================================================
  Uso API gratuita: free
  Prompt: Candid snapshot of a mature woman, around 30 years old, carismatica, Donna carismatica che sa incantare. Natural indoor ...
  Pexels: trovata foto di Chris F
  Immagine: 25685 bytes
  Server: static/avatars/seduzione/bianca_seduzione.png
  Android drawables: char_bianca_seduzione.png
  characters.py aggiornato per 'bianca_seduzione'
  ✅ Avatar salvato!

============================================================
Generazione: Christian (christian_seduzione)
============================================================
  Uso API gratuita: free
  Prompt: Candid snapshot of a mature man, around 32 years old, affascinante, Uomo affascinante dal magnetismo animale. Natural in...
  Pexels: trovata foto di Deepak Maurya
  Immagine: 30793 bytes
  Server: static/avatars/seduzione/christian_seduzione.png
  Android drawables: char_christian_seduzione.png
  characters.py aggiornato per 'christian_seduzione'
  ✅ Avatar salvato!

============================================================
Generazione: Andrea (andrea_tecnico)
============================================================
  Uso API gratuita: free
  Prompt: Candid snapshot of a mature man, around 30 years old, informatico e programmatore, Informatico e programmatore esperto, ...
  Pexels: trovata foto di Спиридон Варфаламеев
  Immagine: 23273 bytes
  Server: static/avatars/tecnici/andrea_tecnico.png
  Android drawables: char_andrea_tecnico.png
  characters.py aggiornato per 'andrea_tecnico'
  ✅ Avatar salvato!

============================================================
Generazione: Prof. Moretti (prof_moretti)
============================================================
  Uso API gratuita: free
  Prompt: Candid snapshot of a elderly man, around 50 years old, teaching, gesturing while explaining, Professore di matematica pu...
  Pexels: trovata foto di Vanessa Garcia
  Immagine: 31055 bytes
  Server: static/avatars/tecnici/prof_moretti.png
  Android drawables: char_prof_moretti.png
  characters.py aggiornato per 'prof_moretti'
  ✅ Avatar salvato!

============================================================
Generazione: Francesco (consulente_startup)
============================================================
  Uso API gratuita: free
  Prompt: Candid snapshot of a mature man, around 38 years old, consulente startup, Consulente startup con esperienza decennale ne...
  Pexels: trovata foto di cottonbro studio
  Immagine: 32379 bytes
  Server: static/avatars/esperti/consulente_startup.png
  Android drawables: char_consulente_startup.png
  characters.py aggiornato per 'consulente_startup'
  ✅ Avatar salvato!

============================================================
Generazione: Matteo (coach_disciplina)
============================================================
  Uso API gratuita: free
  Prompt: Candid snapshot of a mature man, around 36 years old, coach disciplina, Coach specializzato in disciplina, abitudini e c...
  Pexels: trovata foto di Andres  Ayrton
  Immagine: 39765 bytes
  Server: static/avatars/motivazione/coach_disciplina.png
  Android drawables: char_coach_disciplina.png
  characters.py aggiornato per 'coach_disciplina'
  ✅ Avatar salvato!

============================================================
Generazione: Giulia (coach_focus)
============================================================
  Uso API gratuita: free
  Prompt: Candid snapshot of a mature woman, around 32 years old, coach produttività, Coach per il focus mentale e la lotta alla p...
  Pexels: trovata foto di Andres  Ayrton
  Immagine: 39765 bytes
  Server: static/avatars/motivazione/coach_focus.png
  Android drawables: char_coach_focus.png
  characters.py aggiornato per 'coach_focus'
  ✅ Avatar salvato!

============================================================
Generazione: Tommaso (supporto_motivazionale)
============================================================
  Uso API gratuita: free
  Prompt: Candid snapshot of a mature man, around 34 years old, supporter realistico, Supporto motivazionale concreto senza false ...
  Pexels: trovata foto di Raul Albright
  Immagine: 54530 bytes
  Server: static/avatars/amicizia/supporto_motivazionale.png
  Android drawables: char_supporto_motivazionale.png
  characters.py aggiornato per 'supporto_motivazionale'
  ✅ Avatar salvato!

============================================================
Generazione: Morpheus (narratore_interattivo)
============================================================
  Uso API gratuita: free
  Prompt: Candid snapshot of a elderly man, around 999 years old, narratore, Narratore ancestrale che tesse storie interattive che...
  Pexels: trovata foto di Amir Esrafili
  Immagine: 34061 bytes
  Server: static/avatars/creativi/narratore_interattivo.png
  Android drawables: char_narratore_interattivo.png
  characters.py aggiornato per 'narratore_interattivo'
  ✅ Avatar salvato!

============================================================
Generazione: Iris (costruttore_mondi)
============================================================
  Uso API gratuita: free
  Prompt: Candid snapshot of a mature man, around 30 years old, worldbuilder, Costruttrice di mondi immaginari, lore e universi na...
  Pexels: trovata foto di Alexander Krivitskiy
  Immagine: 66072 bytes
  Server: static/avatars/creativi/costruttore_mondi.png
  Android drawables: char_costruttore_mondi.png
  characters.py aggiornato per 'costruttore_mondi'
  ✅ Avatar salvato!

============================================================
Generazione: Prof. ING (tutor_coding)
============================================================
  Uso API gratuita: free
  Prompt: Candid snapshot of a mature man, around 37 years old, tutor programmazione, Insegnante di programmazione passo-passo per...
  Pexels: trovata foto di Anna Sharon Cipolletta
  Immagine: 23068 bytes
  Server: static/avatars/scuola/tutor_coding.png
  Android drawables: char_tutor_coding.png
  characters.py aggiornato per 'tutor_coding'
  ✅ Avatar salvato!

============================================================
Generazione: Dott. Bianchi (tutor_studio)
============================================================
  Uso API gratuita: free
  Prompt: Candid snapshot of a mature man, around 44 years old, tutor didattico, Tutor personalizzato per metodo di studio e prepa...
  Pexels: trovata foto di Pavel Sharko
  Immagine: 24055 bytes
  Server: static/avatars/scuola/tutor_studio.png
  Android drawables: char_tutor_studio.png
  characters.py aggiornato per 'tutor_studio'
  ✅ Avatar salvato!

============================================================
Generazione: Mentor One (stratega_totale)
============================================================
  Uso API gratuita: free
  Prompt: Candid snapshot of a mature man, around 45 years old, consulente strategico totale, Consulente strategico che unisce bus...
  Pexels: trovata foto di Alena Sku
  Immagine: 15026 bytes
  Server: static/avatars/premium/stratega_totale.png
  Android drawables: char_stratega_totale.png
  characters.py aggiornato per 'stratega_totale'
  ✅ Avatar salvato!

============================================================
Generazione: Aria (super_assistente)
============================================================
  Uso API gratuita: free
  Prompt: Candid snapshot of a young woman, around 28 years old, AI tutor multi-dominio, Assistente multi-dominio specializzato in...
  Pexels: trovata foto di cottonbro studio
  Immagine: 30042 bytes
  Server: static/avatars/premium/super_assistente.png
  Android drawables: char_super_assistente.png
  characters.py aggiornato per 'super_assistente'
  ✅ Avatar salvato!

============================================================
Generazione: Yilin (yilin_hf1)
============================================================
  Uso API gratuita: free
  Prompt: Candid snapshot of a young woman, around 28 years old, Martial Arts Fiction, Yilin is a young nun from the Hengshan Sect...
  Pexels: trovata foto di cottonbro studio
  Immagine: 30052 bytes
  Server: static/avatars/fantasy/yilin_hf1.png
  Android drawables: char_yilin_hf1.png
  characters.py aggiornato per 'yilin_hf1'
  ✅ Avatar salvato!

============================================================
Generazione: Natsu Dragneel (natsu_dragneel_hf3)
============================================================
  Uso API gratuita: free
  Prompt: Candid snapshot of a young man, around 25 years old, Magic, Natsu Dragneel is the main protagonist of the manga and anim...
  Pexels: trovata foto di Murat IŞIK
  Immagine: 30493 bytes
  Server: static/avatars/fantasy/natsu_dragneel_hf3.png
  Android drawables: char_natsu_dragneel_hf3.png
  characters.py aggiornato per 'natsu_dragneel_hf3'
  ✅ Avatar salvato!

============================================================
Generazione: Tintin (tintin_hf6)
============================================================
  Uso API gratuita: free
  Prompt: Candid snapshot of a young man, around 19 years old, Character-Centric News Blogs, Tintin is a young Belgian reporter an...
  Pexels: trovata foto di ARTIST BIPUL
  Immagine: 124314 bytes
  Server: static/avatars/creativi/tintin_hf6.png
  Android drawables: char_tintin_hf6.png
  characters.py aggiornato per 'tintin_hf6'
  ✅ Avatar salvato!

============================================================
Generazione: Ada Lovelace (ada_lovelace_hf7)
============================================================
  Uso API gratuita: free
  Prompt: Candid snapshot of a young woman, around 21 years old, Retrospective Studies on Contributions..., Ada Lovelace was an En...
  Pexels: trovata foto di Darya Sannikova
  Immagine: 32775 bytes
  Server: static/avatars/storia/ada_lovelace_hf7.png
  Android drawables: char_ada_lovelace_hf7.png
  characters.py aggiornato per 'ada_lovelace_hf7'
  ✅ Avatar salvato!

============================================================
Generazione: Thor (thor_hf8)
============================================================
  Uso API gratuita: free
  Prompt: Candid snapshot of a mature man, around 31 years old, Religious and Spiritual, Thor is the Norse God of Thunder and a su...
  Pexels: trovata foto di Pixabay
  Immagine: 86048 bytes
  Server: static/avatars/creativi/thor_hf8.png
  Android drawables: char_thor_hf8.png
  characters.py aggiornato per 'thor_hf8'
  ✅ Avatar salvato!

============================================================
Generazione: Wonder Woman (Diana Prince) (wonder_woman_diana_prince_hf10)
============================================================
  Uso API gratuita: free
  Prompt: Candid snapshot of a young man, around 28 years old, Character-Centric Fitness Challenges..., Wonder Woman, also known a...
  Pexels: trovata foto di Moon Bouy
  Immagine: 23030 bytes
  Server: static/avatars/creativi/wonder_woman_diana_prince_hf10.png
  Android drawables: char_wonder_woman_diana_prince_hf10.png
  characters.py aggiornato per 'wonder_woman_diana_prince_hf10'
  ✅ Avatar salvato!

============================================================
Generazione: Kazuya Saotome (kazuya_saotome_hf11)
============================================================
  Uso API gratuita: free
  Prompt: Candid snapshot of a young man, around 18 years old, Robotics, Kazuya Saotome is a college student and an aspiring robot...
  Pexels: trovata foto di Golden Ratio Captures
  Immagine: 33312 bytes
  Server: static/avatars/anime/kazuya_saotome_hf11.png
  Android drawables: char_kazuya_saotome_hf11.png
  characters.py aggiornato per 'kazuya_saotome_hf11'
  ✅ Avatar salvato!

============================================================
Generazione: Nina Zarechnaya (nina_zarechnaya_hf12)
============================================================
  Uso API gratuita: free
  Prompt: Candid snapshot of a young woman, around 20 years old, Western Play, Nina Zarechnaya is a young, idealistic actress in A...
  Pexels: trovata foto di Vika Glitter
  Immagine: 26099 bytes
  Server: static/avatars/viaggi/nina_zarechnaya_hf12.png
  Android drawables: char_nina_zarechnaya_hf12.png
  characters.py aggiornato per 'nina_zarechnaya_hf12'
  ✅ Avatar salvato!

============================================================
Generazione: Koumei Shokatsuryou (koumei_shokatsuryou_hf13)
============================================================
  Uso API gratuita: free
  Prompt: Candid snapshot of a young man, around 18 years old, Alternate History, Koumei Shokatsuryou, also known as Zhuge Liang, ...
  Pexels: trovata foto di Eduardo  González
  Immagine: 75914 bytes
  Server: static/avatars/storia/koumei_shokatsuryou_hf13.png
  Android drawables: char_koumei_shokatsuryou_hf13.png
  characters.py aggiornato per 'koumei_shokatsuryou_hf13'
  ✅ Avatar salvato!

============================================================
Generazione: Dorian Gray (dorian_gray_hf16)
============================================================
  Uso API gratuita: free
  Prompt: Candid snapshot of a mature man, around 35 years old, Historical Psychological Drama, Dorian Gray is the handsome and na...
  Pexels: trovata foto di Daniil Kondrashin
  Immagine: 28396 bytes
  Server: static/avatars/storia/dorian_gray_hf16.png
  Android drawables: char_dorian_gray_hf16.png
  characters.py aggiornato per 'dorian_gray_hf16'
  ✅ Avatar salvato!

============================================================
Generazione: Pablo Escobar (pablo_escobar_hf17)
============================================================
  Uso API gratuita: free
  Prompt: Candid snapshot of a young man, around 26 years old, Docudramas, Pablo Escobar was a notorious Colombian drug lord and t...
  Pexels: trovata foto di SoyBreno Fotografia
  Immagine: 35547 bytes
  Server: static/avatars/romantici/pablo_escobar_hf17.png
  Android drawables: char_pablo_escobar_hf17.png
  characters.py aggiornato per 'pablo_escobar_hf17'
  ✅ Avatar salvato!

============================================================
Generazione: The Jersey Devil (the_jersey_devil_hf18)
============================================================
  Uso API gratuita: free
  Prompt: Candid snapshot of a young man, around 19 years old, Mystery murders, The Jersey Devil is a legendary creature said to i...
  Pexels: trovata foto di Nur Andi Ravsanjani Gusma
  Immagine: 14391 bytes
  Server: static/avatars/detective/the_jersey_devil_hf18.png
  Android drawables: char_the_jersey_devil_hf18.png
  characters.py aggiornato per 'the_jersey_devil_hf18'
  ✅ Avatar salvato!

============================================================
Generazione: Tomoya Okazaki (tomoya_okazaki_hf19)
============================================================
  Uso API gratuita: free
  Prompt: Candid snapshot of a mature man, around 35 years old, Visual Novel Adaptation, Tomoya Okazaki is the main protagonist of...
  Pexels: trovata foto di Mahdi Bafande
  Immagine: 15938 bytes
  Server: static/avatars/creativi/tomoya_okazaki_hf19.png
  Android drawables: char_tomoya_okazaki_hf19.png
  characters.py aggiornato per 'tomoya_okazaki_hf19'
  ✅ Avatar salvato!

============================================================
Generazione: Link (link_hf20)
============================================================
  Uso API gratuita: free
  Prompt: Candid snapshot of a young man, around 20 years old, Adventure Board Games, Link is the courageous hero from the Legend ...
  Pexels: trovata foto di Vika Glitter
  Immagine: 39537 bytes
  Server: static/avatars/viaggi/link_hf20.png
  Android drawables: char_link_hf20.png
  characters.py aggiornato per 'link_hf20'
  ✅ Avatar salvato!

============================================================
Generazione: Eowyn (eowyn_hf21)
============================================================
  Uso API gratuita: free
  Prompt: Candid snapshot of a mature woman, around 34 years old, Epic Novel, Eowyn is a noblewoman of Rohan, known for her courag...
  Pexels: trovata foto di Ahmet Mert
  Immagine: 40931 bytes
  Server: static/avatars/creativi/eowyn_hf21.png
  Android drawables: char_eowyn_hf21.png
  characters.py aggiornato per 'eowyn_hf21'
  ✅ Avatar salvato!

============================================================
Generazione: Rosa Parks (rosa_parks_hf22)
============================================================
  Uso API gratuita: free
  Prompt: Candid snapshot of a young woman, around 23 years old, Biographical Magazines, Rosa Parks was an American activist in th...
  Pexels: trovata foto di Vanessa Pozos
  Immagine: 28735 bytes
  Server: static/avatars/creativi/rosa_parks_hf22.png
  Android drawables: char_rosa_parks_hf22.png
  characters.py aggiornato per 'rosa_parks_hf22'
  ✅ Avatar salvato!

============================================================
Generazione: Akira Fudo (Devilman) (akira_fudo_devilman_hf23)
============================================================
  Uso API gratuita: free
  Prompt: Candid snapshot of a young man, around 18 years old, Demons, Akira Fudo is the protagonist of the anime \. Natural indoo...
  Pexels: trovata foto di Heber Vazquez
  Immagine: 33191 bytes
  Server: static/avatars/anime/akira_fudo_devilman_hf23.png
  Android drawables: char_akira_fudo_devilman_hf23.png
  characters.py aggiornato per 'akira_fudo_devilman_hf23'
  ✅ Avatar salvato!

============================================================
Generazione: Dr. Ethan Martin (dr_ethan_martin_hf24)
============================================================
  Uso API gratuita: free
  Prompt: Candid snapshot of a young man, around 22 years old, Wellness Newspapers, Dr. Natural indoor lighting from window, soft ...
  Pexels: trovata foto di Luigie Estrella
  Immagine: 36882 bytes
  Server: static/avatars/creativi/dr_ethan_martin_hf24.png
  Android drawables: char_dr_ethan_martin_hf24.png
  characters.py aggiornato per 'dr_ethan_martin_hf24'
  ✅ Avatar salvato!

============================================================
Generazione: Leonardo da Vinci (leonardo_da_vinci_hf25)
============================================================
  Uso API gratuita: free
  Prompt: Candid snapshot of a mature man, around 35 years old, Historical Dissertations, Leonardo da Vinci was an Italian polymat...
  Pexels: trovata foto di Faruk Tokluoğlu
  Immagine: 24493 bytes
  Server: static/avatars/storia/leonardo_da_vinci_hf25.png
  Android drawables: char_leonardo_da_vinci_hf25.png
  characters.py aggiornato per 'leonardo_da_vinci_hf25'
  ✅ Avatar salvato!

============================================================
Generazione: Robbie Robertson (robbie_robertson_hf26)
============================================================
  Uso API gratuita: free
  Prompt: Candid snapshot of a young man, around 23 years old, Community Newspapers, Robbie Robertson is the managing editor of th...
  Pexels: trovata foto di Olumide Adekunle
  Immagine: 44853 bytes
  Server: static/avatars/creativi/robbie_robertson_hf26.png
  Android drawables: char_robbie_robertson_hf26.png
  characters.py aggiornato per 'robbie_robertson_hf26'
  ✅ Avatar salvato!

============================================================
Generazione: Harold (harold_hf27)
============================================================
  Uso API gratuita: free
  Prompt: Candid snapshot of a mature man, around 31 years old, Slice of Life, Harold is the imaginative young boy from the graphi...
  Pexels: trovata foto di Manoo Media
  Immagine: 48969 bytes
  Server: static/avatars/quotidiano/harold_hf27.png
  Android drawables: char_harold_hf27.png
  characters.py aggiornato per 'harold_hf27'
  ✅ Avatar salvato!

============================================================
Generazione: Nicki Minaj (nicki_minaj_hf28)
============================================================
  Uso API gratuita: free
  Prompt: Candid snapshot of a young woman, around 29 years old, Hip-Hop and Rap Magazines, Nicki Minaj is a Trinidadian-American ...
  Pexels: trovata foto di Darya Sannikova
  Immagine: 38553 bytes
  Server: static/avatars/creativi/nicki_minaj_hf28.png
  Android drawables: char_nicki_minaj_hf28.png
  characters.py aggiornato per 'nicki_minaj_hf28'
  ✅ Avatar salvato!

============================================================
Generazione: Frank Underwood (frank_underwood_hf29)
============================================================
  Uso API gratuita: free
  Prompt: Candid snapshot of a mature man, around 35 years old, Political Thrillers, Frank Underwood is a cunning and ruthless pol...
  Pexels: trovata foto di Suat Tüfenk
  Immagine: 24748 bytes
  Server: static/avatars/detective/frank_underwood_hf29.png
  Android drawables: char_frank_underwood_hf29.png
  characters.py aggiornato per 'frank_underwood_hf29'
  ✅ Avatar salvato!

============================================================
Generazione: Pit (pit_hf30)
============================================================
  Uso API gratuita: free
  Prompt: Candid snapshot of a young man, around 25 years old, Retro Game, Pit is an angelic warrior and the protagonist of the Ki...
  Pexels: trovata foto di khezez  | خزاز
  Immagine: 45317 bytes
  Server: static/avatars/gamer/pit_hf30.png
  Android drawables: char_pit_hf30.png
  characters.py aggiornato per 'pit_hf30'
  ✅ Avatar salvato!

============================================================
Generazione: Zlata Filipović (zlata_filipovi_hf31)
============================================================
  Uso API gratuita: free
  Prompt: Candid snapshot of a young woman, around 23 years old, Fictional Diaries Blogs, Zlata Filipović is a young girl who docu...
  Pexels: trovata foto di Breno Cardoso
  Immagine: 47799 bytes
  Server: static/avatars/creativi/zlata_filipovi_hf31.png
  Android drawables: char_zlata_filipovi_hf31.png
  characters.py aggiornato per 'zlata_filipovi_hf31'
  ✅ Avatar salvato!

============================================================
Generazione: Daredevil (Matt Murdock) (daredevil_matt_murdock_hf33)
============================================================
  Uso API gratuita: free
  Prompt: Candid snapshot of a young man, around 26 years old, Autobiography, Matt Murdock, also known as Daredevil, is a blind la...
  Pexels: trovata foto di Alexander Krivitskiy
  Immagine: 66072 bytes
  Server: static/avatars/quotidiano/daredevil_matt_murdock_hf33.png
  Android drawables: char_daredevil_matt_murdock_hf33.png
  characters.py aggiornato per 'daredevil_matt_murdock_hf33'
  ✅ Avatar salvato!

============================================================
Generazione: Bayek of Siwa (bayek_of_siwa_hf34)
============================================================
  Uso API gratuita: free
  Prompt: Candid snapshot of a young man, around 21 years old, Permadeath Game, Bayek of Siwa is a Medjay and the last protector o...
  Pexels: trovata foto di Mikhail Nilov
  Immagine: 17849 bytes
  Server: static/avatars/gamer/bayek_of_siwa_hf34.png
  Android drawables: char_bayek_of_siwa_hf34.png
  characters.py aggiornato per 'bayek_of_siwa_hf34'
  ✅ Avatar salvato!

============================================================
Generazione: Tiffi (Teen) (tiffi_teen_hf35)
============================================================
  Uso API gratuita: free
  Prompt: Candid snapshot of a young woman, around 27 years old, Match-3, Teen Tiffi is a more mature version of the original Tiff...
  Pexels: trovata foto di Lucas Pezeta
  Immagine: 17664 bytes
  Server: static/avatars/gamer/tiffi_teen_hf35.png
  Android drawables: char_tiffi_teen_hf35.png
  characters.py aggiornato per 'tiffi_teen_hf35'
  ✅ Avatar salvato!

============================================================
Generazione: Jigsaw (John Kramer) (jigsaw_john_kramer_hf36)
============================================================
  Uso API gratuita: free
  Prompt: Candid snapshot of a young man, around 18 years old, Slasher Films, John Kramer, also known as Jigsaw, is the primary an...
  Pexels: trovata foto di Aldair Nuñez
  Immagine: 41395 bytes
  Server: static/avatars/intrattenimento/jigsaw_john_kramer_hf36.png
  Android drawables: char_jigsaw_john_kramer_hf36.png
  characters.py aggiornato per 'jigsaw_john_kramer_hf36'
  ✅ Avatar salvato!

============================================================
Generazione: Billie Joe McAllister (billie_joe_mcallister_hf37)
============================================================
  Uso API gratuita: free
  Prompt: Candid snapshot of a young man, around 26 years old, Narrative Songs, Billie Joe McAllister is a young man whose mysteri...
  Pexels: trovata foto di Enes Ersahin
  Immagine: 47730 bytes
  Server: static/avatars/creativi/billie_joe_mcallister_hf37.png
  Android drawables: char_billie_joe_mcallister_hf37.png
  characters.py aggiornato per 'billie_joe_mcallister_hf37'
  ✅ Avatar salvato!

============================================================
Generazione: John Reese (john_reese_hf38)
============================================================
  Uso API gratuita: free
  Prompt: Candid snapshot of a young man, around 18 years old, Character Conspiracy Theories Blogs, John Reese is a former CIA ope...
  Pexels: trovata foto di Saúl  Ticona
  Immagine: 21534 bytes
  Server: static/avatars/creativi/john_reese_hf38.png
  Android drawables: char_john_reese_hf38.png
  characters.py aggiornato per 'john_reese_hf38'
  ✅ Avatar salvato!

============================================================
Generazione: Cloud Strife (cloud_strife_hf39)
============================================================
  Uso API gratuita: free
  Prompt: Candid snapshot of a mature man, around 30 years old, Fantasy Game, Cloud Strife is a former SOLDIER turned mercenary wh...
  Pexels: trovata foto di Oscar Calstrom
  Immagine: 27302 bytes
  Server: static/avatars/fantasy/cloud_strife_hf39.png
  Android drawables: char_cloud_strife_hf39.png
  characters.py aggiornato per 'cloud_strife_hf39'
  ✅ Avatar salvato!

============================================================
Generazione: The Black Annis (the_black_annis_hf40)
============================================================
  Uso API gratuita: free
  Prompt: Candid snapshot of a young man, around 27 years old, Ghost Stories, The Black Annis is a hag-like figure from English fo...
  Pexels: trovata foto di Lokman Hossain
  Immagine: 39738 bytes
  Server: static/avatars/creativi/the_black_annis_hf40.png
  Android drawables: char_the_black_annis_hf40.png
  characters.py aggiornato per 'the_black_annis_hf40'
  ✅ Avatar salvato!

============================================================
Generazione: Lex (lex_hf41)
============================================================
  Uso API gratuita: free
  Prompt: Candid snapshot of a young man, around 19 years old, Word Game, Lex is the bookish worm protagonist of the word game Boo...
  Pexels: trovata foto di Kevin  Malik
  Immagine: 32473 bytes
  Server: static/avatars/gamer/lex_hf41.png
  Android drawables: char_lex_hf41.png
  characters.py aggiornato per 'lex_hf41'
  ✅ Avatar salvato!

============================================================
Generazione: Sarah Silverman (sarah_silverman_hf42)
============================================================
  Uso API gratuita: free
  Prompt: Candid snapshot of a mature woman, around 33 years old, Stand-up Comedy Shows, Sarah Silverman is a comedian and actress...
  Pexels: trovata foto di Damir Mijailovic
  Immagine: 35914 bytes
  Server: static/avatars/intrattenimento/sarah_silverman_hf42.png
  Android drawables: char_sarah_silverman_hf42.png
  characters.py aggiornato per 'sarah_silverman_hf42'
  ✅ Avatar salvato!

============================================================
Generazione: Inuyasha (inuyasha_hf43)
============================================================
  Uso API gratuita: free
  Prompt: Candid snapshot of a young man, around 21 years old, Animal, Inuyasha is a half-demon (hanyou) and the titular character...
  Pexels: trovata foto di Diana ✨
  Immagine: 42479 bytes
  Server: static/avatars/anime/inuyasha_hf43.png
  Android drawables: char_inuyasha_hf43.png
  characters.py aggiornato per 'inuyasha_hf43'
  ✅ Avatar salvato!

============================================================
Generazione: Jayne Eyre (jayne_eyre_hf44)
============================================================
  Uso API gratuita: free
  Prompt: Candid snapshot of a young woman, around 19 years old, Western, Jane Eyre is an orphaned girl who grows up to become a s...
  Pexels: trovata foto di Jonathan Santiago
  Immagine: 46863 bytes
  Server: static/avatars/viaggi/jayne_eyre_hf44.png
  Android drawables: char_jayne_eyre_hf44.png
  characters.py aggiornato per 'jayne_eyre_hf44'
  ✅ Avatar salvato!

============================================================
Generazione: Lelouch Lamperouge (Lelouch vi... (lelouch_lamperouge_lelouch_vi_britannia_hf45)
============================================================
  Uso API gratuita: free
  Prompt: Candid snapshot of a young man, around 26 years old, Mafia, Lelouch Lamperouge, also known as Lelouch vi Britannia, is t...
  Pexels: trovata foto di HANUMAN PHOTO STUDIO🏕️📸
  Immagine: 22078 bytes
  Server: static/avatars/anime/lelouch_lamperouge_lelouch_vi_britannia_hf45.png
  Android drawables: char_lelouch_lamperouge_lelouch_vi_britannia_hf45.png
  characters.py aggiornato per 'lelouch_lamperouge_lelouch_vi_britannia_hf45'
  ✅ Avatar salvato!

============================================================
Generazione: Shinichi Izumi (shinichi_izumi_hf46)
============================================================
  Uso API gratuita: free
  Prompt: Candid snapshot of a mature man, around 32 years old, Mind Games, Shinichi Izumi is the protagonist of the manga series ...
  Pexels: trovata foto di pratik prasad
  Immagine: 26208 bytes
  Server: static/avatars/anime/shinichi_izumi_hf46.png
  Android drawables: char_shinichi_izumi_hf46.png
  characters.py aggiornato per 'shinichi_izumi_hf46'
  ✅ Avatar salvato!

============================================================
Generazione: Walt Mossberg (walt_mossberg_hf47)
============================================================
  Uso API gratuita: free
  Prompt: Candid snapshot of a young man, around 29 years old, Technology Newspapers, Walt Mossberg is a veteran technology journa...
  Pexels: trovata foto di Olumide Adekunle
  Immagine: 44853 bytes
  Server: static/avatars/tecnologia/walt_mossberg_hf47.png
  Android drawables: char_walt_mossberg_hf47.png
  characters.py aggiornato per 'walt_mossberg_hf47'
  ✅ Avatar salvato!

============================================================
Generazione: Richard Hammond (richard_hammond_hf48)
============================================================
  Uso API gratuita: free
  Prompt: Candid snapshot of a young man, around 29 years old, Documentary Series, Richard Hammond is an English television presen...
  Pexels: trovata foto di Ebahir
  Immagine: 41912 bytes
  Server: static/avatars/creativi/richard_hammond_hf48.png
  Android drawables: char_richard_hammond_hf48.png
  characters.py aggiornato per 'richard_hammond_hf48'
  ✅ Avatar salvato!

============================================================
Generazione: Darth Vader (Anakin Skywalker) (darth_vader_anakin_skywalker_hf49)
============================================================
  Uso API gratuita: free
  Prompt: Candid snapshot of a mature man, around 31 years old, Character Backstory Blogs, Darth Vader, formerly known as Anakin S...
  Pexels: trovata foto di Moon Bouy
  Immagine: 23030 bytes
  Server: static/avatars/creativi/darth_vader_anakin_skywalker_hf49.png
  Android drawables: char_darth_vader_anakin_skywalker_hf49.png
  characters.py aggiornato per 'darth_vader_anakin_skywalker_hf49'
  ✅ Avatar salvato!

============================================================
Generazione: Kathryn Bigelow (kathryn_bigelow_hf50)
============================================================
  Uso API gratuita: free
  Prompt: Candid snapshot of a young woman, around 20 years old, Director Interviews, Kathryn Bigelow is an American filmmaker kno...
  Pexels: trovata foto di MART  PRODUCTION
  Immagine: 24910 bytes
  Server: static/avatars/creativi/kathryn_bigelow_hf50.png
  Android drawables: char_kathryn_bigelow_hf50.png
  characters.py aggiornato per 'kathryn_bigelow_hf50'
  ✅ Avatar salvato!

============================================================
Generazione: Robert K. Merton (robert_k_merton_hf51)
============================================================
  Uso API gratuita: free
  Prompt: Candid snapshot of a young man, around 23 years old, Sociological Research Journals, Robert K. Natural indoor lighting f...
  Pexels: trovata foto di Olumide Adekunle
  Immagine: 44853 bytes
  Server: static/avatars/creativi/robert_k_merton_hf51.png
  Android drawables: char_robert_k_merton_hf51.png
  characters.py aggiornato per 'robert_k_merton_hf51'
  ✅ Avatar salvato!

============================================================
Generazione: Frederick Douglass (frederick_douglass_hf52)
============================================================
  Uso API gratuita: free
  Prompt: Candid snapshot of a young man, around 24 years old, Historical Debates, Frederick Douglass was an American social refor...
  Pexels: trovata foto di Enes Tarık  Eslemez
  Immagine: 48818 bytes
  Server: static/avatars/storia/frederick_douglass_hf52.png
  Android drawables: char_frederick_douglass_hf52.png
  characters.py aggiornato per 'frederick_douglass_hf52'
  ✅ Avatar salvato!

============================================================
Generazione: Patti Smith (patti_smith_hf53)
============================================================
  Uso API gratuita: free
  Prompt: Candid snapshot of a young man, around 26 years old, Autobiographical Novel, Patti Smith is a singer-songwriter and auth...
  Pexels: trovata foto di Saúl  Ticona
  Immagine: 29188 bytes
  Server: static/avatars/creativi/patti_smith_hf53.png
  Android drawables: char_patti_smith_hf53.png
  characters.py aggiornato per 'patti_smith_hf53'
  ✅ Avatar salvato!

============================================================
Generazione: Bathsheba Everdene (bathsheba_everdene_hf54)
============================================================
  Uso API gratuita: free
  Prompt: Candid snapshot of a young woman, around 29 years old, Historical Fiction, Bathsheba Everdene is the independent and hea...
  Pexels: trovata foto di Ahmet Mert
  Immagine: 33194 bytes
  Server: static/avatars/storia/bathsheba_everdene_hf54.png
  Android drawables: char_bathsheba_everdene_hf54.png
  characters.py aggiornato per 'bathsheba_everdene_hf54'
  ✅ Avatar salvato!

============================================================
Generazione: Lucas Davenport (lucas_davenport_hf55)
============================================================
  Uso API gratuita: free
  Prompt: Candid snapshot of a young man, around 18 years old, Political Thriller Short Stories, Lucas Davenport is a brilliant an...
  Pexels: trovata foto di Enes Tarık  Eslemez
  Immagine: 42468 bytes
  Server: static/avatars/detective/lucas_davenport_hf55.png
  Android drawables: char_lucas_davenport_hf55.png
  characters.py aggiornato per 'lucas_davenport_hf55'
  ✅ Avatar salvato!

============================================================
Generazione: Sigmund Freud (sigmund_freud_hf56)
============================================================
  Uso API gratuita: free
  Prompt: Candid snapshot of a young man, around 26 years old, Discussion Papers on Controversial..., Sigmund Freud was an Austria...
  Pexels: trovata foto di cottonbro studio
  Immagine: 29306 bytes
  Server: static/avatars/tecnici/sigmund_freud_hf56.png
  Android drawables: char_sigmund_freud_hf56.png
  characters.py aggiornato per 'sigmund_freud_hf56'
  ✅ Avatar salvato!

============================================================
Generazione: Beth Boland (beth_boland_hf57)
============================================================
  Uso API gratuita: free
  Prompt: Candid snapshot of a young man, around 25 years old, Psychological Thrillers, Beth Boland is a suburban mother who turns...
  Pexels: trovata foto di OMAR  JAMIL
  Immagine: 337332 bytes
  Server: static/avatars/detective/beth_boland_hf57.png
  Android drawables: char_beth_boland_hf57.png
  characters.py aggiornato per 'beth_boland_hf57'
  ✅ Avatar salvato!

============================================================
Generazione: Hannibal Lecter (hannibal_lecter_hf58)
============================================================
  Uso API gratuita: free
  Prompt: Candid snapshot of a young man, around 27 years old, Psychological Horror Films, Dr. Natural indoor lighting from window...
  Pexels: trovata foto di artawkrn
  Immagine: 23214 bytes
  Server: static/avatars/horror/hannibal_lecter_hf58.png
  Android drawables: char_hannibal_lecter_hf58.png
  characters.py aggiornato per 'hannibal_lecter_hf58'
  ✅ Avatar salvato!

============================================================
Generazione: Maui (maui_hf59)
============================================================
  Uso API gratuita: free
  Prompt: Candid snapshot of a mature man, around 31 years old, Samoan Mythology, Maui is a legendary demigod in Polynesian mythol...
  Pexels: trovata foto di Abhishek Mishra
  Immagine: 33666 bytes
  Server: static/avatars/fantasy/maui_hf59.png
  Android drawables: char_maui_hf59.png
  characters.py aggiornato per 'maui_hf59'
  ✅ Avatar salvato!

============================================================
Generazione: Amaterasu (amaterasu_hf60)
============================================================
  Uso API gratuita: free
  Prompt: Candid snapshot of a mature man, around 34 years old, Puzzle, Amaterasu is the sun goddess in the form of a white wolf f...
  Pexels: trovata foto di Ali Ahmed
  Immagine: 41781 bytes
  Server: static/avatars/gamer/amaterasu_hf60.png
  Android drawables: char_amaterasu_hf60.png
  characters.py aggiornato per 'amaterasu_hf60'
  ✅ Avatar salvato!

============================================================
Generazione: A'Zi (a_zi_hf61)
============================================================
  Uso API gratuita: free
  Prompt: Candid snapshot of a young man, around 27 years old, Martial Arts Fiction, A'Zi is a controversial character in Jin Yong...
  Pexels: trovata foto di cottonbro studio
  Immagine: 25384 bytes
  Server: static/avatars/fantasy/a_zi_hf61.png
  Android drawables: char_a_zi_hf61.png
  characters.py aggiornato per 'a_zi_hf61'
  ✅ Avatar salvato!

============================================================
Generazione: Jane Goodall (jane_goodall_hf62)
============================================================
  Uso API gratuita: free
  Prompt: Candid snapshot of a mature woman, around 33 years old, Famous Scientists Blogs, Jane Goodall is a British primatologist...
  Pexels: trovata foto di Anna Tarazevich
  Immagine: 33579 bytes
  Server: static/avatars/creativi/jane_goodall_hf62.png
  Android drawables: char_jane_goodall_hf62.png
  characters.py aggiornato per 'jane_goodall_hf62'
  ✅ Avatar salvato!

============================================================
Generazione: Mugai (mugai_hf63)
============================================================
  Uso API gratuita: free
  Prompt: Candid snapshot of a young man, around 21 years old, Kikuyu Mythology, Mugai is a lesser deity in Kikuyu mythology, ofte...
  Pexels: trovata foto di Heber Vazquez
  Immagine: 34330 bytes
  Server: static/avatars/fantasy/mugai_hf63.png
  Android drawables: char_mugai_hf63.png
  characters.py aggiornato per 'mugai_hf63'
  ✅ Avatar salvato!

============================================================
Generazione: Nicole Richie (nicole_richie_hf64)
============================================================
  Uso API gratuita: free
  Prompt: Candid snapshot of a young woman, around 20 years old, Makeover Shows, Nicole Richie is a fashion designer, actress, and...
  Pexels: trovata foto di Los Muertos Crew
  Immagine: 26276 bytes
  Server: static/avatars/creativi/nicole_richie_hf64.png
  Android drawables: char_nicole_richie_hf64.png
  characters.py aggiornato per 'nicole_richie_hf64'
  ✅ Avatar salvato!

============================================================
Generazione: Sherlock Holmes (sherlock_holmes_hf65)
============================================================
  Uso API gratuita: free
  Prompt: Candid snapshot of a mature man, around 30 years old, Mystery RPGs, Sherlock Holmes is a fictional private detective cre...
  Pexels: trovata foto di Ahmet Mert
  Immagine: 55901 bytes
  Server: static/avatars/detective/sherlock_holmes_hf65.png
  Android drawables: char_sherlock_holmes_hf65.png
  characters.py aggiornato per 'sherlock_holmes_hf65'
  ✅ Avatar salvato!

============================================================
Generazione: Keanu Reeves (keanu_reeves_hf66)
============================================================
  Uso API gratuita: free
  Prompt: Candid snapshot of a young woman, around 22 years old, Celebrity Biography Magazines, Keanu Reeves is a Canadian actor k...
  Pexels: trovata foto di Antonio Friedemann
  Immagine: 65602 bytes
  Server: static/avatars/quotidiano/keanu_reeves_hf66.png
  Android drawables: char_keanu_reeves_hf66.png
  characters.py aggiornato per 'keanu_reeves_hf66'
  ✅ Avatar salvato!

============================================================
Generazione: Keith Richards (keith_richards_hf67)
============================================================
  Uso API gratuita: free
  Prompt: Candid snapshot of a young man, around 24 years old, Cameo Appearances in Media, Keith Richards is an English musician, ...
  Pexels: trovata foto di Victor Koonoo
  Immagine: 220349 bytes
  Server: static/avatars/creativi/keith_richards_hf67.png
  Android drawables: char_keith_richards_hf67.png
  characters.py aggiornato per 'keith_richards_hf67'
  ✅ Avatar salvato!

============================================================
Generazione: John Barleycorn (john_barleycorn_hf68)
============================================================
  Uso API gratuita: free
  Prompt: Candid snapshot of a young man, around 27 years old, Folk Songs, John Barleycorn is a personification of barley and the ...
  Pexels: trovata foto di Taken by Great
  Immagine: 53393 bytes
  Server: static/avatars/creativi/john_barleycorn_hf68.png
  Android drawables: char_john_barleycorn_hf68.png
  characters.py aggiornato per 'john_barleycorn_hf68'
  ✅ Avatar salvato!

============================================================
Generazione: Richard Ramirez (richard_ramirez_hf69)
============================================================
  Uso API gratuita: free
  Prompt: Candid snapshot of a young woman, around 22 years old, True Crime Magazines, Richard Ramirez, also known as the Night St...
  Pexels: trovata foto di Alex Urezkov
  Immagine: 26104 bytes
  Server: static/avatars/detective/richard_ramirez_hf69.png
  Android drawables: char_richard_ramirez_hf69.png
  characters.py aggiornato per 'richard_ramirez_hf69'
  ✅ Avatar salvato!

============================================================
Generazione: Nina Sayers (nina_sayers_hf70)
============================================================
  Uso API gratuita: free
  Prompt: Candid snapshot of a mature woman, around 33 years old, Interactive Theatre, Nina Sayers is a talented but psychological...
  Pexels: trovata foto di cottonbro studio
  Immagine: 30127 bytes
  Server: static/avatars/creativi/nina_sayers_hf70.png
  Android drawables: char_nina_sayers_hf70.png
  characters.py aggiornato per 'nina_sayers_hf70'
  ✅ Avatar salvato!

============================================================
Generazione: Yossarian (yossarian_hf71)
============================================================
  Uso API gratuita: free
  Prompt: Candid snapshot of a young man, around 26 years old, Satirical Novel, Captain John Yossarian is the anti-hero of Joseph ...
  Pexels: trovata foto di RedWolf
  Immagine: 39145 bytes
  Server: static/avatars/creativi/yossarian_hf71.png
  Android drawables: char_yossarian_hf71.png
  characters.py aggiornato per 'yossarian_hf71'
  ✅ Avatar salvato!

============================================================
Generazione: Charles Dexter Ward (charles_dexter_ward_hf72)
============================================================
  Uso API gratuita: free
  Prompt: Candid snapshot of a mature man, around 35 years old, Weird Fiction, Charles Dexter Ward is a young antiquarian from Pro...
  Pexels: trovata foto di Alexander Bickov
  Immagine: 70049 bytes
  Server: static/avatars/creativi/charles_dexter_ward_hf72.png
  Android drawables: char_charles_dexter_ward_hf72.png
  characters.py aggiornato per 'charles_dexter_ward_hf72'
  ✅ Avatar salvato!

============================================================
Generazione: Mother Teresa (mother_teresa_hf73)
============================================================
  Uso API gratuita: free
  Prompt: Candid snapshot of a young woman, around 26 years old, Ethical Biography, Mother Teresa, also known as Saint Teresa of C...
  Pexels: trovata foto di Elisanette Ortiz
  Immagine: 5288 bytes
  Server: static/avatars/quotidiano/mother_teresa_hf73.png
  Android drawables: char_mother_teresa_hf73.png
  characters.py aggiornato per 'mother_teresa_hf73'
  ✅ Avatar salvato!

============================================================
Generazione: Selina Meyer (selina_meyer_hf74)
============================================================
  Uso API gratuita: free
  Prompt: Candid snapshot of a young woman, around 27 years old, Political Board Games, Selina Meyer is the ambitious and often hi...
  Pexels: trovata foto di Tima Miroshnichenko
  Immagine: 53261 bytes
  Server: static/avatars/gamer/selina_meyer_hf74.png
  Android drawables: char_selina_meyer_hf74.png
  characters.py aggiornato per 'selina_meyer_hf74'
  ✅ Avatar salvato!

============================================================
Generazione: Luke Skywalker (luke_skywalker_hf75)
============================================================
  Uso API gratuita: free
  Prompt: Candid snapshot of a young man, around 21 years old, Fan Magazines and Fanzines, Luke Skywalker is the central character...
  Pexels: trovata foto di Bruno Casttro
  Immagine: 31594 bytes
  Server: static/avatars/creativi/luke_skywalker_hf75.png
  Android drawables: char_luke_skywalker_hf75.png
  characters.py aggiornato per 'luke_skywalker_hf75'
  ✅ Avatar salvato!

============================================================
Generazione: Galileo Galilei (galileo_galilei_hf76)
============================================================
  Uso API gratuita: free
  Prompt: Candid snapshot of a young man, around 25 years old, Position Papers on Theories Proposed by..., Galileo Galilei was an ...
  Pexels: trovata foto di Luigie Estrella
  Immagine: 36882 bytes
  Server: static/avatars/creativi/galileo_galilei_hf76.png
  Android drawables: char_galileo_galilei_hf76.png
  characters.py aggiornato per 'galileo_galilei_hf76'
  ✅ Avatar salvato!

============================================================
Generazione: Santiago Nasar (santiago_nasar_hf77)
============================================================
  Uso API gratuita: free
  Prompt: Candid snapshot of a mature man, around 31 years old, Magical Realism Short Stories, Santiago Nasar is a central charact...
  Pexels: trovata foto di Leroy Skalstad
  Immagine: 71316 bytes
  Server: static/avatars/fantasy/santiago_nasar_hf77.png
  Android drawables: char_santiago_nasar_hf77.png
  characters.py aggiornato per 'santiago_nasar_hf77'
  ✅ Avatar salvato!

============================================================
Generazione: Beyoncé (beyonc_hf78)
============================================================
  Uso API gratuita: free
  Prompt: Candid snapshot of a young woman, around 26 years old, Celebrity Gossip Newspapers, Beyoncé is a globally acclaimed sing...
  Pexels: trovata foto di Ron Lach
  Immagine: 33121 bytes
  Server: static/avatars/creativi/beyonc_hf78.png
  Android drawables: char_beyonc_hf78.png
  characters.py aggiornato per 'beyonc_hf78'
  ✅ Avatar salvato!

============================================================
Generazione: Cathy (cathy_hf79)
============================================================
  Uso API gratuita: free
  Prompt: Candid snapshot of a mature man, around 30 years old, New Weird, Cathy is a member of the Londonmancers, a secretive gro...
  Pexels: trovata foto di The Earthy Jay
  Immagine: 32626 bytes
  Server: static/avatars/creativi/cathy_hf79.png
  Android drawables: char_cathy_hf79.png
  characters.py aggiornato per 'cathy_hf79'
  ✅ Avatar salvato!

============================================================
Generazione: Dr. Ian Malcolm (dr_ian_malcolm_hf80)
============================================================
  Uso API gratuita: free
  Prompt: Candid snapshot of a young man, around 23 years old, Academic Research Journals, Dr. Natural indoor lighting from window...
  Pexels: trovata foto di Ron Lach
  Immagine: 22527 bytes
  Server: static/avatars/creativi/dr_ian_malcolm_hf80.png
  Android drawables: char_dr_ian_malcolm_hf80.png
  characters.py aggiornato per 'dr_ian_malcolm_hf80'
  ✅ Avatar salvato!

============================================================
Generazione: Captain MacMillan (captain_macmillan_hf81)
============================================================
  Uso API gratuita: free
  Prompt: Candid snapshot of a mature man, around 34 years old, War Game, Captain MacMillan is a Scottish sniper and special force...
  Pexels: trovata foto di Sammie Sander
  Immagine: 37199 bytes
  Server: static/avatars/sopravvivenza/captain_macmillan_hf81.png
  Android drawables: char_captain_macmillan_hf81.png
  characters.py aggiornato per 'captain_macmillan_hf81'
  ✅ Avatar salvato!

============================================================
Generazione: Bobby Flay (bobby_flay_hf82)
============================================================
  Uso API gratuita: free
  Prompt: Candid snapshot of a young man, around 20 years old, Lifestyle Magazines, Bobby Flay is an American celebrity chef, rest...
  Pexels: trovata foto di Jovan Vasiljević
  Immagine: 26505 bytes
  Server: static/avatars/creativi/bobby_flay_hf82.png
  Android drawables: char_bobby_flay_hf82.png
  characters.py aggiornato per 'bobby_flay_hf82'
  ✅ Avatar salvato!

============================================================
Generazione: Sir Tristan (sir_tristan_hf83)
============================================================
  Uso API gratuita: free
  Prompt: Candid snapshot of a young man, around 29 years old, Chivalric Romance, Sir Tristan is a knight of the Round Table known...
  Pexels: trovata foto di cottonbro studio
  Immagine: 22704 bytes
  Server: static/avatars/romantici/sir_tristan_hf83.png
  Android drawables: char_sir_tristan_hf83.png
  characters.py aggiornato per 'sir_tristan_hf83'
  ✅ Avatar salvato!

============================================================
Generazione: Avram Hershko (avram_hershko_hf84)
============================================================
  Uso API gratuita: free
  Prompt: Candid snapshot of a mature man, around 34 years old, Proteomic Studies on Discoveries by..., Avram Hershko is a Hungari...
  Pexels: trovata foto di Mikhail Nilov
  Immagine: 26017 bytes
  Server: static/avatars/creativi/avram_hershko_hf84.png
  Android drawables: char_avram_hershko_hf84.png
  characters.py aggiornato per 'avram_hershko_hf84'
  ✅ Avatar salvato!

============================================================
Generazione: Agent 47 (agent_47_hf85)
============================================================
  Uso API gratuita: free
  Prompt: Candid snapshot of a mature man, around 31 years old, Sandbox, Agent 47 is the main protagonist of the Hitman series. Na...
  Pexels: trovata foto di Ali Ahmed
  Immagine: 41781 bytes
  Server: static/avatars/gamer/agent_47_hf85.png
  Android drawables: char_agent_47_hf85.png
  characters.py aggiornato per 'agent_47_hf85'
  ✅ Avatar salvato!

============================================================
Generazione: Lara Croft (lara_croft_hf86)
============================================================
  Uso API gratuita: free
  Prompt: Candid snapshot of a mature woman, around 32 years old, Character Study Blogs, Lara Croft is the fearless archaeologist ...
  Pexels: trovata foto di Kacey Inkwell
  Immagine: 22821 bytes
  Server: static/avatars/creativi/lara_croft_hf86.png
  Android drawables: char_lara_croft_hf86.png
  characters.py aggiornato per 'lara_croft_hf86'
  ✅ Avatar salvato!

============================================================
Generazione: Deckard Shaw (deckard_shaw_hf87)
============================================================
  Uso API gratuita: free
  Prompt: Candid snapshot of a mature man, around 31 years old, Cyberpunk Series, Deckard Shaw is a former British military office...
  Pexels: trovata foto di Michelangelo Buonarroti
  Immagine: 32216 bytes
  Server: static/avatars/sci-fi/deckard_shaw_hf87.png
  Android drawables: char_deckard_shaw_hf87.png
  characters.py aggiornato per 'deckard_shaw_hf87'
  ✅ Avatar salvato!

============================================================
Generazione: Captain Jack Sparrow (captain_jack_sparrow_hf88)
============================================================
  Uso API gratuita: free
  Prompt: Candid snapshot of a young man, around 23 years old, Comic Novel, Captain Jack Sparrow is the eccentric and cunning pira...
  Pexels: trovata foto di Vitaly Gorbachev
  Immagine: 253945 bytes
  Server: static/avatars/creativi/captain_jack_sparrow_hf88.png
  Android drawables: char_captain_jack_sparrow_hf88.png
  characters.py aggiornato per 'captain_jack_sparrow_hf88'
  ✅ Avatar salvato!

============================================================
Generazione: Henri Matisse (henri_matisse_hf89)
============================================================
  Uso API gratuita: free
  Prompt: Candid snapshot of a young man, around 29 years old, Art Documentaries, Henri Matisse was a French artist, known for his...
  Pexels: trovata foto di Jonas Thomann
  Immagine: 37920 bytes
  Server: static/avatars/creativi/henri_matisse_hf89.png
  Android drawables: char_henri_matisse_hf89.png
  characters.py aggiornato per 'henri_matisse_hf89'
  ✅ Avatar salvato!

============================================================
Generazione: Eddie Murphy (eddie_murphy_hf90)
============================================================
  Uso API gratuita: free
  Prompt: Candid snapshot of a young man, around 26 years old, Stand-up Comedy Shows, Eddie Murphy is a legendary comedian and act...
  Pexels: trovata foto di cami
  Immagine: 15120 bytes
  Server: static/avatars/intrattenimento/eddie_murphy_hf90.png
  Android drawables: char_eddie_murphy_hf90.png
  characters.py aggiornato per 'eddie_murphy_hf90'
  ✅ Avatar salvato!

============================================================
Generazione: April Ryan (april_ryan_hf91)
============================================================
  Uso API gratuita: free
  Prompt: Candid snapshot of a mature woman, around 30 years old, Point-and-Click Adventure, April Ryan is the main character in T...
  Pexels: trovata foto di Wisnu Phaewchimplee
  Immagine: 41737 bytes
  Server: static/avatars/viaggi/april_ryan_hf91.png
  Android drawables: char_april_ryan_hf91.png
  characters.py aggiornato per 'april_ryan_hf91'
  ✅ Avatar salvato!

============================================================
Generazione: Belle (belle_hf92)
============================================================
  Uso API gratuita: free
  Prompt: Candid snapshot of a young man, around 26 years old, Modern Fairy Tales, Belle is a bright and independent young woman f...
  Pexels: trovata foto di James Bat Barrera
  Immagine: 41210 bytes
  Server: static/avatars/fantasy/belle_hf92.png
  Android drawables: char_belle_hf92.png
  characters.py aggiornato per 'belle_hf92'
  ✅ Avatar salvato!

============================================================
Generazione: Petrushka (petrushka_hf93)
============================================================
  Uso API gratuita: free
  Prompt: Candid snapshot of a mature man, around 31 years old, Puppetry, Petrushka is a puppet character from the Russian ballet ...
  Pexels: trovata foto di Fatih Güney
  Immagine: 32370 bytes
  Server: static/avatars/creativi/petrushka_hf93.png
  Android drawables: char_petrushka_hf93.png
  characters.py aggiornato per 'petrushka_hf93'
  ✅ Avatar salvato!

============================================================
Generazione: The Alchemist (the_alchemist_hf94)
============================================================
  Uso API gratuita: free
  Prompt: Candid snapshot of a young woman, around 20 years old, Idle, The Alchemist is a brilliant and eccentric scientist in the...
  Pexels: trovata foto di Ricky  Tjio
  Immagine: 27252 bytes
  Server: static/avatars/gamer/the_alchemist_hf94.png
  Android drawables: char_the_alchemist_hf94.png
  characters.py aggiornato per 'the_alchemist_hf94'
  ✅ Avatar salvato!

============================================================
Generazione: Diana Prince / Wonder Woman (diana_prince_wonder_woman_hf95)
============================================================
  Uso API gratuita: free
  Prompt: Candid snapshot of a young woman, around 29 years old, Cinematic Universe Films, Diana Prince, also known as Wonder Woma...
  Pexels: trovata foto di mahdi chaghari
  Immagine: 14277 bytes
  Server: static/avatars/intrattenimento/diana_prince_wonder_woman_hf95.png
  Android drawables: char_diana_prince_wonder_woman_hf95.png
  characters.py aggiornato per 'diana_prince_wonder_woman_hf95'
  ✅ Avatar salvato!

============================================================
Generazione: Mercy Thompson (mercy_thompson_hf96)
============================================================
  Uso API gratuita: free
  Prompt: Candid snapshot of a mature man, around 31 years old, Urban Fantasy, Mercedes \. Natural indoor lighting from window, so...
  Pexels: trovata foto di Jimmy Elizarraras
  Immagine: 44006 bytes
  Server: static/avatars/fantasy/mercy_thompson_hf96.png
  Android drawables: char_mercy_thompson_hf96.png
  characters.py aggiornato per 'mercy_thompson_hf96'
  ✅ Avatar salvato!

============================================================
Generazione: Maxwell (maxwell_hf97)
============================================================
  Uso API gratuita: free
  Prompt: Candid snapshot of a young man, around 22 years old, Physics Puzzle, Maxwell is the main character in the Scribblenauts ...
  Pexels: trovata foto di Alexander Krivitskiy
  Immagine: 66072 bytes
  Server: static/avatars/tecnici/maxwell_hf97.png
  Android drawables: char_maxwell_hf97.png
  characters.py aggiornato per 'maxwell_hf97'
  ✅ Avatar salvato!

============================================================
Generazione: Andrea Sachs (andrea_sachs_hf98)
============================================================
  Uso API gratuita: free
  Prompt: Candid snapshot of a young man, around 19 years old, Bilingual Newspapers, Andrea \. Natural indoor lighting from window...
  Pexels: trovata foto di Luigie Estrella
  Immagine: 36882 bytes
  Server: static/avatars/creativi/andrea_sachs_hf98.png
  Android drawables: char_andrea_sachs_hf98.png
  characters.py aggiornato per 'andrea_sachs_hf98'
  ✅ Avatar salvato!

============================================================
Generazione: Susan B. Anthony (susan_b_anthony_hf99)
============================================================
  Uso API gratuita: free
  Prompt: Candid snapshot of a young woman, around 22 years old, Revolutionary Biography, Susan B. Natural indoor lighting from wi...
  Pexels: trovata foto di hadi ahmadi
  Immagine: 11220 bytes
  Server: static/avatars/quotidiano/susan_b_anthony_hf99.png
  Android drawables: char_susan_b_anthony_hf99.png
  characters.py aggiornato per 'susan_b_anthony_hf99'
  ✅ Avatar salvato!

============================================================
Generazione: George (george_hf100)
============================================================
  Uso API gratuita: free
  Prompt: Candid snapshot of a young man, around 23 years old, Science Fiction Play, George Milton is a small, wiry, and quick-wit...
  Pexels: trovata foto di Eduardo  González
  Immagine: 77981 bytes
  Server: static/avatars/sci-fi/george_hf100.png
  Android drawables: char_george_hf100.png
  characters.py aggiornato per 'george_hf100'
  ✅ Avatar salvato!

============================================================
Generazione: Buffy Summers (buffy_summers_hf101)
============================================================
  Uso API gratuita: free
  Prompt: Candid snapshot of a young woman, around 20 years old, Character Analysis, Buffy Summers is a teenage girl chosen to bat...
  Pexels: trovata foto di Chandru Charlie
  Immagine: 61883 bytes
  Server: static/avatars/creativi/buffy_summers_hf101.png
  Android drawables: char_buffy_summers_hf101.png
  characters.py aggiornato per 'buffy_summers_hf101'
  ✅ Avatar salvato!

============================================================
Generazione: Kanye West (kanye_west_hf102)
============================================================
  Uso API gratuita: free
  Prompt: Candid snapshot of a mature man, around 31 years old, Celebrity Gossip Newspapers, Kanye West is a rapper, producer, and...
  Pexels: trovata foto di Ayodeji Fatunla
  Immagine: 33365 bytes
  Server: static/avatars/creativi/kanye_west_hf102.png
  Android drawables: char_kanye_west_hf102.png
  characters.py aggiornato per 'kanye_west_hf102'
  ✅ Avatar salvato!

============================================================
Generazione: Miyuki Shirogane (miyuki_shirogane_hf103)
============================================================
  Uso API gratuita: free
  Prompt: Candid snapshot of a young man, around 27 years old, Human Drama, Miyuki Shirogane is one of the main characters in the ...
  Pexels: trovata foto di Mari Petra
  Immagine: 28633 bytes
  Server: static/avatars/romantici/miyuki_shirogane_hf103.png
  Android drawables: char_miyuki_shirogane_hf103.png
  characters.py aggiornato per 'miyuki_shirogane_hf103'
  ✅ Avatar salvato!

============================================================
Generazione: Jemma Simmons (jemma_simmons_hf104)
============================================================
  Uso API gratuita: free
  Prompt: Candid snapshot of a mature man, around 31 years old, Technological Assessments by Leading..., Jemma Simmons is a bioche...
  Pexels: trovata foto di cottonbro studio
  Immagine: 24757 bytes
  Server: static/avatars/creativi/jemma_simmons_hf104.png
  Android drawables: char_jemma_simmons_hf104.png
  characters.py aggiornato per 'jemma_simmons_hf104'
  ✅ Avatar salvato!

============================================================
Generazione: Ellen Ripley (ellen_ripley_hf105)
============================================================
  Uso API gratuita: free
  Prompt: Candid snapshot of a young woman, around 23 years old, Movie Character Breakdowns, Ellen Ripley, portrayed by Sigourney ...
  Pexels: trovata foto di Israyosoy S.
  Immagine: 40096 bytes
  Server: static/avatars/intrattenimento/ellen_ripley_hf105.png
  Android drawables: char_ellen_ripley_hf105.png
  characters.py aggiornato per 'ellen_ripley_hf105'
  ✅ Avatar salvato!

============================================================
Generazione: Amelia Earhart (amelia_earhart_hf106)
============================================================
  Uso API gratuita: free
  Prompt: Candid snapshot of a young woman, around 21 years old, Cultural Icon Stories, Amelia Earhart was an American aviation pi...
  Pexels: trovata foto di Eky Rima Nurya Ganda
  Immagine: 35234 bytes
  Server: static/avatars/creativi/amelia_earhart_hf106.png
  Android drawables: char_amelia_earhart_hf106.png
  characters.py aggiornato per 'amelia_earhart_hf106'
  ✅ Avatar salvato!

============================================================
Generazione: Ghostface (ghostface_hf107)
============================================================
  Uso API gratuita: free
  Prompt: Candid snapshot of a mature woman, around 30 years old, Horror Magazines, Ghostface is the masked killer from the \. Nat...
  Pexels: trovata foto di Antonio Friedemann
  Immagine: 65602 bytes
  Server: static/avatars/horror/ghostface_hf107.png
  Android drawables: char_ghostface_hf107.png
  characters.py aggiornato per 'ghostface_hf107'
  ✅ Avatar salvato!

============================================================
Generazione: Wendell Berry (wendell_berry_hf108)
============================================================
  Uso API gratuita: free
  Prompt: Candid snapshot of a young man, around 21 years old, Agricultural Newspapers, Wendell Berry is a real-life farmer, poet,...
  Pexels: trovata foto di Seher Doğan
  Immagine: 61233 bytes
  Server: static/avatars/creativi/wendell_berry_hf108.png
  Android drawables: char_wendell_berry_hf108.png
  characters.py aggiornato per 'wendell_berry_hf108'
  ✅ Avatar salvato!

============================================================
Generazione: Lindsey Vonn (lindsey_vonn_hf109)
============================================================
  Uso API gratuita: free
  Prompt: Candid snapshot of a mature woman, around 34 years old, Professional Athlete Magazines, Lindsey Vonn is a retired Americ...
  Pexels: trovata foto di Vanessa Pozos
  Immagine: 28735 bytes
  Server: static/avatars/creativi/lindsey_vonn_hf109.png
  Android drawables: char_lindsey_vonn_hf109.png
  characters.py aggiornato per 'lindsey_vonn_hf109'
  ✅ Avatar salvato!

============================================================
Generazione: Patrick Verona (patrick_verona_hf110)
============================================================
  Uso API gratuita: free
  Prompt: Candid snapshot of a mature man, around 35 years old, Coming-of-Age Films, Patrick Verona is a brooding, rebellious high...
  Pexels: trovata foto di Natalia Olivera
  Immagine: 31878 bytes
  Server: static/avatars/intrattenimento/patrick_verona_hf110.png
  Android drawables: char_patrick_verona_hf110.png
  characters.py aggiornato per 'patrick_verona_hf110'
  ✅ Avatar salvato!

============================================================
Generazione: Dr. Caldwell Esselstyn (dr_caldwell_esselstyn_hf111)
============================================================
  Uso API gratuita: free
  Prompt: Candid snapshot of a young man, around 28 years old, Health Documentaries, Dr. Natural indoor lighting from window, soft...
  Pexels: trovata foto di Ron Lach
  Immagine: 19815 bytes
  Server: static/avatars/creativi/dr_caldwell_esselstyn_hf111.png
  Android drawables: char_dr_caldwell_esselstyn_hf111.png
  characters.py aggiornato per 'dr_caldwell_esselstyn_hf111'
  ✅ Avatar salvato!

============================================================
Generazione: Elijah Snow (elijah_snow_hf112)
============================================================
  Uso API gratuita: free
  Prompt: Candid snapshot of a mature man, around 33 years old, Retro Futurism, Elijah Snow is a century-old adventurer and member...
  Pexels: trovata foto di Michelangelo Buonarroti
  Immagine: 32216 bytes
  Server: static/avatars/creativi/elijah_snow_hf112.png
  Android drawables: char_elijah_snow_hf112.png
  characters.py aggiornato per 'elijah_snow_hf112'
  ✅ Avatar salvato!

============================================================
Generazione: Amicia de Rune (amicia_de_rune_hf113)
============================================================
  Uso API gratuita: free
  Prompt: Candid snapshot of a young woman, around 24 years old, Interactive Fiction, Amicia de Rune is the protagonist of \. Natu...
  Pexels: trovata foto di Christian Gutierrez Nava
  Immagine: 29708 bytes
  Server: static/avatars/gamer/amicia_de_rune_hf113.png
  Android drawables: char_amicia_de_rune_hf113.png
  characters.py aggiornato per 'amicia_de_rune_hf113'
  ✅ Avatar salvato!

============================================================
Generazione: The Erlking (the_erlking_hf114)
============================================================
  Uso API gratuita: free
  Prompt: Candid snapshot of a mature man, around 34 years old, Dark Fairy Tales, The Erlking is the malevolent spirit from Johann...
  Pexels: trovata foto di James Bat Barrera
  Immagine: 41210 bytes
  Server: static/avatars/fantasy/the_erlking_hf114.png
  Android drawables: char_the_erlking_hf114.png
  characters.py aggiornato per 'the_erlking_hf114'
  ✅ Avatar salvato!

============================================================
Generazione: Unity (unity_hf115)
============================================================
  Uso API gratuita: free
  Prompt: Candid snapshot of a mature man, around 34 years old, Science Fiction Animation, Unity is a hive mind entity capable of ...
  Pexels: trovata foto di Mikhail Nilov
  Immagine: 26793 bytes
  Server: static/avatars/sci-fi/unity_hf115.png
  Android drawables: char_unity_hf115.png
  characters.py aggiornato per 'unity_hf115'
  ✅ Avatar salvato!

============================================================
Generazione: Vajrayogini (vajrayogini_hf116)
============================================================
  Uso API gratuita: free
  Prompt: Candid snapshot of a young woman, around 28 years old, Tibetan Mythology, Vajrayogini is a tantric deity in Tibetan Budd...
  Pexels: trovata foto di Anderson Wei
  Immagine: 104922 bytes
  Server: static/avatars/fantasy/vajrayogini_hf116.png
  Android drawables: char_vajrayogini_hf116.png
  characters.py aggiornato per 'vajrayogini_hf116'
  ✅ Avatar salvato!

============================================================
Generazione: Ellie (ellie_hf117)
============================================================
  Uso API gratuita: free
  Prompt: Candid snapshot of a mature man, around 35 years old, Adventure, Ellie is a resilient and brave young survivor from \. N...
  Pexels: trovata foto di Vasily Baranov
  Immagine: 84477 bytes
  Server: static/avatars/viaggi/ellie_hf117.png
  Android drawables: char_ellie_hf117.png
  characters.py aggiornato per 'ellie_hf117'
  ✅ Avatar salvato!

============================================================
Generazione: Frida Kahlo (frida_kahlo_hf118)
============================================================
  Uso API gratuita: free
  Prompt: Candid snapshot of a young woman, around 20 years old, Collective Biography, Frida Kahlo was a Mexican painter known for...
  Pexels: trovata foto di Jean Marc Bonnel
  Immagine: 48113 bytes
  Server: static/avatars/quotidiano/frida_kahlo_hf118.png
  Android drawables: char_frida_kahlo_hf118.png
  characters.py aggiornato per 'frida_kahlo_hf118'
  ✅ Avatar salvato!

============================================================
Generazione: Nobu (nobu_hf119)
============================================================
  Uso API gratuita: free
  Prompt: Candid snapshot of a young man, around 27 years old, Historical, Nobu is a character from the manga \. Natural indoor li...
  Pexels: trovata foto di Diogo Digital Art
  Immagine: 34174 bytes
  Server: static/avatars/storia/nobu_hf119.png
  Android drawables: char_nobu_hf119.png
  characters.py aggiornato per 'nobu_hf119'
  ✅ Avatar salvato!

============================================================
Generazione: MacKenzie McHale (mackenzie_mchale_hf120)
============================================================
  Uso API gratuita: free
  Prompt: Candid snapshot of a mature man, around 30 years old, Opinion Newspapers, MacKenzie McHale is the executive producer of ...
  Pexels: trovata foto di Luigie Estrella
  Immagine: 36882 bytes
  Server: static/avatars/creativi/mackenzie_mchale_hf120.png
  Android drawables: char_mackenzie_mchale_hf120.png
  characters.py aggiornato per 'mackenzie_mchale_hf120'
  ✅ Avatar salvato!

============================================================
Generazione: Renge Miyauchi (renge_miyauchi_hf121)
============================================================
  Uso API gratuita: free
  Prompt: Candid snapshot of a young woman, around 21 years old, Comedy, Renge Miyauchi is a young, quirky girl from the anime \. ...
  Pexels: trovata foto di Damir Mijailovic
  Immagine: 35914 bytes
  Server: static/avatars/intrattenimento/renge_miyauchi_hf121.png
  Android drawables: char_renge_miyauchi_hf121.png
  characters.py aggiornato per 'renge_miyauchi_hf121'
  ✅ Avatar salvato!

============================================================
Generazione: Philip Zimbardo (philip_zimbardo_hf122)
============================================================
  Uso API gratuita: free
  Prompt: Candid snapshot of a mature man, around 34 years old, Psychological Documentaries, Philip Zimbardo is an American psycho...
  Pexels: trovata foto di hamed farahpour
  Immagine: 42547 bytes
  Server: static/avatars/detective/philip_zimbardo_hf122.png
  Android drawables: char_philip_zimbardo_hf122.png
  characters.py aggiornato per 'philip_zimbardo_hf122'
  ✅ Avatar salvato!

============================================================
Generazione: Akul (akul_hf123)
============================================================
  Uso API gratuita: free
  Prompt: Candid snapshot of a young man, around 22 years old, Nicoya Mythology, Akul is the god of the hunt in Nicoya mythology, ...
  Pexels: trovata foto di Israyosoy S.
  Immagine: 34034 bytes
  Server: static/avatars/fantasy/akul_hf123.png
  Android drawables: char_akul_hf123.png
  characters.py aggiornato per 'akul_hf123'
  ✅ Avatar salvato!

============================================================
Generazione: Issei Hyoudou (issei_hyoudou_hf124)
============================================================
  Uso API gratuita: free
  Prompt: Candid snapshot of a young man, around 22 years old, Ecchi, Issei Hyoudou is the main protagonist of \. Natural indoor l...
  Pexels: trovata foto di PREM GS
  Immagine: 59625 bytes
  Server: static/avatars/anime/issei_hyoudou_hf124.png
  Android drawables: char_issei_hyoudou_hf124.png
  characters.py aggiornato per 'issei_hyoudou_hf124'
  ✅ Avatar salvato!

============================================================
Generazione: James \ (james_ghost_st_patrick_hf125)
============================================================
  Uso API gratuita: free
  Prompt: Candid snapshot of a mature man, around 35 years old, Dramas, James \. Natural indoor lighting from window, soft shadows...
  Pexels: trovata foto di Abdelilah Hibat Allah
  Immagine: 21983 bytes
  Server: static/avatars/romantici/james_ghost_st_patrick_hf125.png
  Android drawables: char_james_ghost_st_patrick_hf125.png
  characters.py aggiornato per 'james_ghost_st_patrick_hf125'
  ✅ Avatar salvato!

============================================================
Generazione: Jake Brigance (jake_brigance_hf126)
============================================================
  Uso API gratuita: free
  Prompt: Candid snapshot of a young man, around 26 years old, Legal Drama, Jake Brigance is a passionate and determined lawyer fr...
  Pexels: trovata foto di Abdelilah Hibat Allah
  Immagine: 21983 bytes
  Server: static/avatars/romantici/jake_brigance_hf126.png
  Android drawables: char_jake_brigance_hf126.png
  characters.py aggiornato per 'jake_brigance_hf126'
  ✅ Avatar salvato!

============================================================
Generazione: Roronoa Zoro (roronoa_zoro_hf127)
============================================================
  Uso API gratuita: free
  Prompt: Candid snapshot of a young man, around 22 years old, Martial Arts, Roronoa Zoro is a swordsman and one of the main chara...
  Pexels: trovata foto di Muhammad-Taha Ibrahim
  Immagine: 29691 bytes
  Server: static/avatars/fantasy/roronoa_zoro_hf127.png
  Android drawables: char_roronoa_zoro_hf127.png
  characters.py aggiornato per 'roronoa_zoro_hf127'
  ✅ Avatar salvato!

============================================================
Generazione: Jessica Fletcher (jessica_fletcher_hf128)
============================================================
  Uso API gratuita: free
  Prompt: Candid snapshot of a mature woman, around 32 years old, Mystery Fairy Tales, Jessica Fletcher is a successful mystery wr...
  Pexels: trovata foto di Kate
  Immagine: 35110 bytes
  Server: static/avatars/detective/jessica_fletcher_hf128.png
  Android drawables: char_jessica_fletcher_hf128.png
  characters.py aggiornato per 'jessica_fletcher_hf128'
  ✅ Avatar salvato!

============================================================
Generazione: Yui Hirasawa (yui_hirasawa_hf129)
============================================================
  Uso API gratuita: free
  Prompt: Candid snapshot of a young woman, around 24 years old, Magical Girl, Yui Hirasawa is one of the main characters in \. Na...
  Pexels: trovata foto di Azahel Calzada De La Luz
  Immagine: 33797 bytes
  Server: static/avatars/fantasy/yui_hirasawa_hf129.png
  Android drawables: char_yui_hirasawa_hf129.png
  characters.py aggiornato per 'yui_hirasawa_hf129'
  ✅ Avatar salvato!

============================================================
Generazione: Malinowski (malinowski_hf130)
============================================================
  Uso API gratuita: free
  Prompt: Candid snapshot of a young man, around 22 years old, Anthropological Studies on Cultures..., Bronisław Malinowski was a ...
  Pexels: trovata foto di Syed Qaarif Andrabi
  Immagine: 45651 bytes
  Server: static/avatars/creativi/malinowski_hf130.png
  Android drawables: char_malinowski_hf130.png
  characters.py aggiornato per 'malinowski_hf130'
  ✅ Avatar salvato!

============================================================
Generazione: Luffy (luffy_hf131)
============================================================
  Uso API gratuita: free
  Prompt: Candid snapshot of a young man, around 22 years old, Doujinshi, Monkey D. Natural indoor lighting from window, soft shad...
  Pexels: trovata foto di Спиридон Варфаламеев
  Immagine: 23273 bytes
  Server: static/avatars/anime/luffy_hf131.png
  Android drawables: char_luffy_hf131.png
  characters.py aggiornato per 'luffy_hf131'
  ✅ Avatar salvato!

============================================================
Generazione: Veronica Mars (veronica_mars_hf132)
============================================================
  Uso API gratuita: free
  Prompt: Candid snapshot of a mature woman, around 34 years old, Detective Card Games, Veronica Mars is the sharp-witted teenage ...
  Pexels: trovata foto di cottonbro studio
  Immagine: 43787 bytes
  Server: static/avatars/detective/veronica_mars_hf132.png
  Android drawables: char_veronica_mars_hf132.png
  characters.py aggiornato per 'veronica_mars_hf132'
  ✅ Avatar salvato!

============================================================
Generazione: Balder Hringhorni (balder_hringhorni_hf133)
============================================================
  Uso API gratuita: free
  Prompt: Candid snapshot of a young man, around 18 years old, Military, Balder Hringhorni is a Norse god known for his beauty, ki...
  Pexels: trovata foto di Michał Paćko
  Immagine: 35019 bytes
  Server: static/avatars/sopravvivenza/balder_hringhorni_hf133.png
  Android drawables: char_balder_hringhorni_hf133.png
  characters.py aggiornato per 'balder_hringhorni_hf133'
  ✅ Avatar salvato!

============================================================
Generazione: Geralt of Rivia (geralt_of_rivia_hf134)
============================================================
  Uso API gratuita: free
  Prompt: Candid snapshot of a young man, around 25 years old, MMORPG (Massively Multiplayer Online..., Geralt of Rivia is the mai...
  Pexels: trovata foto di Bùi Hoàng Long
  Immagine: 31858 bytes
  Server: static/avatars/fantasy/geralt_of_rivia_hf134.png
  Android drawables: char_geralt_of_rivia_hf134.png
  characters.py aggiornato per 'geralt_of_rivia_hf134'
  ✅ Avatar salvato!

============================================================
Generazione: Thomas Becket (thomas_becket_hf135)
============================================================
  Uso API gratuita: free
  Prompt: Candid snapshot of a young man, around 25 years old, Political Play, Thomas Becket is the Archbishop of Canterbury, init...
  Pexels: trovata foto di Sora Shimazaki
  Immagine: 58570 bytes
  Server: static/avatars/creativi/thomas_becket_hf135.png
  Android drawables: char_thomas_becket_hf135.png
  characters.py aggiornato per 'thomas_becket_hf135'
  ✅ Avatar salvato!

============================================================
Generazione: Lady Bird McPherson (lady_bird_mcpherson_hf136)
============================================================
  Uso API gratuita: free
  Prompt: Candid snapshot of a young man, around 19 years old, Slice of Life Films, Christine \. Natural indoor lighting from wind...
  Pexels: trovata foto di Vitor Diniz
  Immagine: 28227 bytes
  Server: static/avatars/quotidiano/lady_bird_mcpherson_hf136.png
  Android drawables: char_lady_bird_mcpherson_hf136.png
  characters.py aggiornato per 'lady_bird_mcpherson_hf136'
  ✅ Avatar salvato!

============================================================
Generazione: Ivan Pavlov (ivan_pavlov_hf137)
============================================================
  Uso API gratuita: free
  Prompt: Candid snapshot of a mature man, around 30 years old, Behavioral Studies on Theories Proposed..., Ivan Pavlov was a Russ...
  Pexels: trovata foto di Moon Bouy
  Immagine: 17261 bytes
  Server: static/avatars/creativi/ivan_pavlov_hf137.png
  Android drawables: char_ivan_pavlov_hf137.png
  characters.py aggiornato per 'ivan_pavlov_hf137'
  ✅ Avatar salvato!

============================================================
Generazione: Guts (guts_hf138)
============================================================
  Uso API gratuita: free
  Prompt: Candid snapshot of a mature man, around 34 years old, Horror, Guts is the main character of \. Natural indoor lighting f...
  Pexels: trovata foto di Lucky Photography
  Immagine: 18074 bytes
  Server: static/avatars/horror/guts_hf138.png
  Android drawables: char_guts_hf138.png
  characters.py aggiornato per 'guts_hf138'
  ✅ Avatar salvato!

============================================================
Generazione: Skeeter Phelan (skeeter_phelan_hf139)
============================================================
  Uso API gratuita: free
  Prompt: Candid snapshot of a young man, around 24 years old, Epistolary Novel, Skeeter Phelan is a young white journalist in Kat...
  Pexels: trovata foto di khezez  | خزاز
  Immagine: 50747 bytes
  Server: static/avatars/creativi/skeeter_phelan_hf139.png
  Android drawables: char_skeeter_phelan_hf139.png
  characters.py aggiornato per 'skeeter_phelan_hf139'
  ✅ Avatar salvato!

============================================================
Generazione: Xie Lian (xie_lian_hf140)
============================================================
  Uso API gratuita: free
  Prompt: Candid snapshot of a mature man, around 33 years old, Wuxia, Xie Lian is the main character in the Wuxia manga \. Natura...
  Pexels: trovata foto di SoyBreno Fotografia
  Immagine: 35547 bytes
  Server: static/avatars/fantasy/xie_lian_hf140.png
  Android drawables: char_xie_lian_hf140.png
  characters.py aggiornato per 'xie_lian_hf140'
  ✅ Avatar salvato!

============================================================
Generazione: Mary Tyrone (mary_tyrone_hf141)
============================================================
  Uso API gratuita: free
  Prompt: Candid snapshot of a mature man, around 30 years old, Naturalist Play, Mary Tyrone is a central character in Eugene O'Ne...
  Pexels: trovata foto di Axl Nascimento
  Immagine: 20324 bytes
  Server: static/avatars/creativi/mary_tyrone_hf141.png
  Android drawables: char_mary_tyrone_hf141.png
  characters.py aggiornato per 'mary_tyrone_hf141'
  ✅ Avatar salvato!

============================================================
Generazione: Lady Death (lady_death_hf142)
============================================================
  Uso API gratuita: free
  Prompt: Candid snapshot of a young woman, around 22 years old, Gothic Horror, Lady Death, created by Brian Pulido, is a powerful...
  Pexels: trovata foto di Oswaldo  López
  Immagine: 36477 bytes
  Server: static/avatars/horror/lady_death_hf142.png
  Android drawables: char_lady_death_hf142.png
  characters.py aggiornato per 'lady_death_hf142'
  ✅ Avatar salvato!

============================================================
Generazione: Ludwig van Beethoven (ludwig_van_beethoven_hf143)
============================================================
  Uso API gratuita: free
  Prompt: Candid snapshot of a young man, around 26 years old, Composite Biography, Ludwig van Beethoven was a German composer and...
  Pexels: trovata foto di Ebuka Onyewuchi
  Immagine: 37900 bytes
  Server: static/avatars/quotidiano/ludwig_van_beethoven_hf143.png
  Android drawables: char_ludwig_van_beethoven_hf143.png
  characters.py aggiornato per 'ludwig_van_beethoven_hf143'
  ✅ Avatar salvato!

============================================================
Generazione: Amanda Wingfield (amanda_wingfield_hf144)
============================================================
  Uso API gratuita: free
  Prompt: Candid snapshot of a mature woman, around 34 years old, Meta-Theatre, Amanda Wingfield is a central character in Tenness...
  Pexels: trovata foto di Chris F
  Immagine: 32738 bytes
  Server: static/avatars/creativi/amanda_wingfield_hf144.png
  Android drawables: char_amanda_wingfield_hf144.png
  characters.py aggiornato per 'amanda_wingfield_hf144'
  ✅ Avatar salvato!

============================================================
Generazione: Tatutsi Xuweri Timaiweme (tatutsi_xuweri_timaiweme_hf145)
============================================================
  Uso API gratuita: free
  Prompt: Candid snapshot of a young man, around 26 years old, Huichol Mythology, Tatutsi Xuweri Timaiweme is the Grandfather Sun ...
  Pexels: trovata foto di Dux  Camp.
  Immagine: 69324 bytes
  Server: static/avatars/fantasy/tatutsi_xuweri_timaiweme_hf145.png
  Android drawables: char_tatutsi_xuweri_timaiweme_hf145.png
  characters.py aggiornato per 'tatutsi_xuweri_timaiweme_hf145'
  ✅ Avatar salvato!

============================================================
Generazione: Sir Humphrey Appleby (sir_humphrey_appleby_hf146)
============================================================
  Uso API gratuita: free
  Prompt: Candid snapshot of a young man, around 24 years old, Historical Comedies, Sir Humphrey Appleby is a senior British civil...
  Pexels: trovata foto di Hakan Tunc
  Immagine: 44298 bytes
  Server: static/avatars/storia/sir_humphrey_appleby_hf146.png
  Android drawables: char_sir_humphrey_appleby_hf146.png
  characters.py aggiornato per 'sir_humphrey_appleby_hf146'
  ✅ Avatar salvato!

============================================================
Generazione: Mikazuki Augus (mikazuki_augus_hf147)
============================================================
  Uso API gratuita: free
  Prompt: Candid snapshot of a mature man, around 31 years old, Piloted Robots, Mikazuki Augus is the main protagonist of \. Natur...
  Pexels: trovata foto di Shubham Dhage
  Immagine: 37567 bytes
  Server: static/avatars/anime/mikazuki_augus_hf147.png
  Android drawables: char_mikazuki_augus_hf147.png
  characters.py aggiornato per 'mikazuki_augus_hf147'
  ✅ Avatar salvato!

============================================================
Generazione: Rumi (rumi_hf148)
============================================================
  Uso API gratuita: free
  Prompt: Candid snapshot of a mature man, around 30 years old, Poetry Newspapers, Rumi was a 13th-century Persian poet, Islamic s...
  Pexels: trovata foto di ahmet öktem
  Immagine: 52576 bytes
  Server: static/avatars/romantici/rumi_hf148.png
  Android drawables: char_rumi_hf148.png
  characters.py aggiornato per 'rumi_hf148'
  ✅ Avatar salvato!

============================================================
Generazione: Aang (aang_hf149)
============================================================
  Uso API gratuita: free
  Prompt: Candid snapshot of a mature man, around 34 years old, Adventure Series, Aang is the last Airbender and the Avatar, the o...
  Pexels: trovata foto di Jonathan Cooper
  Immagine: 29214 bytes
  Server: static/avatars/viaggi/aang_hf149.png
  Android drawables: char_aang_hf149.png
  characters.py aggiornato per 'aang_hf149'
  ✅ Avatar salvato!

============================================================
Generazione: ELEVEN (eleven_hf150)
============================================================
  Uso API gratuita: free
  Prompt: Candid snapshot of a young woman, around 22 years old, Character Theories Blogs, Eleven, also known as El, is a young gi...
  Pexels: trovata foto di Keyla Brito
  Immagine: 48633 bytes
  Server: static/avatars/creativi/eleven_hf150.png
  Android drawables: char_eleven_hf150.png
  characters.py aggiornato per 'eleven_hf150'
  ✅ Avatar salvato!

============================================================
Generazione: Helena (helena_hf151)
============================================================
  Uso API gratuita: free
  Prompt: Candid snapshot of a young woman, around 23 years old, Shadow Play, Helena is a young woman of Athens, deeply in love wi...
  Pexels: trovata foto di Sowmya Seva
  Immagine: 48302 bytes
  Server: static/avatars/creativi/helena_hf151.png
  Android drawables: char_helena_hf151.png
  characters.py aggiornato per 'helena_hf151'
  ✅ Avatar salvato!

============================================================
Generazione: Howard the Duck (howard_the_duck_hf152)
============================================================
  Uso API gratuita: free
  Prompt: Candid snapshot of a young man, around 23 years old, Humor and Comedy, Howard the Duck is a wisecracking, anthropomorphi...
  Pexels: trovata foto di Nicky Manosalva
  Immagine: 29563 bytes
  Server: static/avatars/intrattenimento/howard_the_duck_hf152.png
  Android drawables: char_howard_the_duck_hf152.png
  characters.py aggiornato per 'howard_the_duck_hf152'
  ✅ Avatar salvato!

============================================================
Generazione: Q.U.B.E. AI (q_u_b_e_ai_hf153)
============================================================
  Uso API gratuita: free
  Prompt: Candid snapshot of a young man, around 27 years old, Physics Puzzle, The AI in Q. Natural indoor lighting from window, s...
  Pexels: trovata foto di Steve A Johnson
  Immagine: 31776 bytes
  Server: static/avatars/tecnici/q_u_b_e_ai_hf153.png
  Android drawables: char_q_u_b_e_ai_hf153.png
  characters.py aggiornato per 'q_u_b_e_ai_hf153'
  ✅ Avatar salvato!

============================================================
Generazione: Nika Temsmith (nika_temsmith_hf154)
============================================================
  Uso API gratuita: free
  Prompt: Candid snapshot of a young woman, around 24 years old, Time Travel, Nika Temsmith is a scientist from the year 3797 who ...
  Pexels: trovata foto di BULE
  Immagine: 14788 bytes
  Server: static/avatars/sci-fi/nika_temsmith_hf154.png
  Android drawables: char_nika_temsmith_hf154.png
  characters.py aggiornato per 'nika_temsmith_hf154'
  ✅ Avatar salvato!

============================================================
Generazione: Malcolm Reynolds (malcolm_reynolds_hf155)
============================================================
  Uso API gratuita: free
  Prompt: Candid snapshot of a mature man, around 35 years old, Science Fiction Icons, Malcolm \. Natural indoor lighting from win...
  Pexels: trovata foto di Vanessa Pozos
  Immagine: 57897 bytes
  Server: static/avatars/sci-fi/malcolm_reynolds_hf155.png
  Android drawables: char_malcolm_reynolds_hf155.png
  characters.py aggiornato per 'malcolm_reynolds_hf155'
  ✅ Avatar salvato!

============================================================
Generazione: Mazu (mazu_hf156)
============================================================
  Uso API gratuita: free
  Prompt: Candid snapshot of a young woman, around 19 years old, Chinese Mythology, Mazu, also known as the Goddess of the Sea, is...
  Pexels: trovata foto di Jessica Sacco
  Immagine: 158562 bytes
  Server: static/avatars/fantasy/mazu_hf156.png
  Android drawables: char_mazu_hf156.png
  characters.py aggiornato per 'mazu_hf156'
  ✅ Avatar salvato!

============================================================
Generazione: Usagi Tsukino (Sailor Moon) (usagi_tsukino_sailor_moon_hf157)
============================================================
  Uso API gratuita: free
  Prompt: Candid snapshot of a young man, around 25 years old, Environmental, Usagi Tsukino, also known as Sailor Moon, is the mai...
  Pexels: trovata foto di ntare lambert
  Immagine: 43848 bytes
  Server: static/avatars/anime/usagi_tsukino_sailor_moon_hf157.png
  Android drawables: char_usagi_tsukino_sailor_moon_hf157.png
  characters.py aggiornato per 'usagi_tsukino_sailor_moon_hf157'
  ✅ Avatar salvato!

============================================================
Generazione: Aurora Teagarden (aurora_teagarden_hf158)
============================================================
  Uso API gratuita: free
  Prompt: Candid snapshot of a young woman, around 23 years old, Cozy Mystery, Aurora \. Natural indoor lighting from window, soft...
  Pexels: trovata foto di the framestreet
  Immagine: 41717 bytes
  Server: static/avatars/detective/aurora_teagarden_hf158.png
  Android drawables: char_aurora_teagarden_hf158.png
  characters.py aggiornato per 'aurora_teagarden_hf158'
  ✅ Avatar salvato!

============================================================
Generazione: June Osborne (Offred) (june_osborne_offred_hf159)
============================================================
  Uso API gratuita: free
  Prompt: Candid snapshot of a mature woman, around 34 years old, Epic Dramas, June Osborne, also known as Offred, is the protagon...
  Pexels: trovata foto di Ahmet Mert
  Immagine: 40931 bytes
  Server: static/avatars/romantici/june_osborne_offred_hf159.png
  Android drawables: char_june_osborne_offred_hf159.png
  characters.py aggiornato per 'june_osborne_offred_hf159'
  ✅ Avatar salvato!

============================================================
Generazione: The Rake (the_rake_hf160)
============================================================
  Uso API gratuita: free
  Prompt: Candid snapshot of a mature man, around 34 years old, Urban Legends Board Games, The Rake is a creature from a creepypas...
  Pexels: trovata foto di Kevin  Malik
  Immagine: 36934 bytes
  Server: static/avatars/gamer/the_rake_hf160.png
  Android drawables: char_the_rake_hf160.png
  characters.py aggiornato per 'the_rake_hf160'
  ✅ Avatar salvato!

============================================================
Generazione: Rosalind Franklin (rosalind_franklin_hf161)
============================================================
  Uso API gratuita: free
  Prompt: Candid snapshot of a mature woman, around 31 years old, Computational Studies Using Models by..., Rosalind Franklin was ...
  Pexels: trovata foto di Mustafa Enes Ardıç
  Immagine: 32376 bytes
  Server: static/avatars/creativi/rosalind_franklin_hf161.png
  Android drawables: char_rosalind_franklin_hf161.png
  characters.py aggiornato per 'rosalind_franklin_hf161'
  ✅ Avatar salvato!

============================================================
Generazione: Sebastian Michaelis (sebastian_michaelis_hf162)
============================================================
  Uso API gratuita: free
  Prompt: Candid snapshot of a young man, around 29 years old, Supernatural, Sebastian Michaelis is a demon butler bound by a cont...
  Pexels: trovata foto di Warley Soariz
  Immagine: 24677 bytes
  Server: static/avatars/fantasy/sebastian_michaelis_hf162.png
  Android drawables: char_sebastian_michaelis_hf162.png
  characters.py aggiornato per 'sebastian_michaelis_hf162'
  ✅ Avatar salvato!

============================================================
Generazione: Regan MacNeil (regan_macneil_hf163)
============================================================
  Uso API gratuita: free
  Prompt: Candid snapshot of a mature woman, around 30 years old, Horror RPGs, Regan MacNeil is a young girl possessed by a powerf...
  Pexels: trovata foto di artawkrn
  Immagine: 23214 bytes
  Server: static/avatars/horror/regan_macneil_hf163.png
  Android drawables: char_regan_macneil_hf163.png
  characters.py aggiornato per 'regan_macneil_hf163'
  ✅ Avatar salvato!

============================================================
Generazione: Madeline (madeline_hf164)
============================================================
  Uso API gratuita: free
  Prompt: Candid snapshot of a mature woman, around 30 years old, Metroidvania, Madeline is the main character in Celeste, a platf...
  Pexels: trovata foto di mahdi chaghari
  Immagine: 27911 bytes
  Server: static/avatars/gamer/madeline_hf164.png
  Android drawables: char_madeline_hf164.png
  characters.py aggiornato per 'madeline_hf164'
  ✅ Avatar salvato!

============================================================
Generazione: Emily Jenkins (emily_jenkins_hf165)
============================================================
  Uso API gratuita: free
  Prompt: Candid snapshot of a young man, around 27 years old, Ghost Films, Emily Jenkins is a social worker in the 2009 film \. N...
  Pexels: trovata foto di Nathan J Hilton
  Immagine: 23275 bytes
  Server: static/avatars/intrattenimento/emily_jenkins_hf165.png
  Android drawables: char_emily_jenkins_hf165.png
  characters.py aggiornato per 'emily_jenkins_hf165'
  ✅ Avatar salvato!

============================================================
Generazione: Albert Einstein (albert_einstein_hf166)
============================================================
  Uso API gratuita: free
  Prompt: Candid snapshot of a young man, around 29 years old, Perspective Articles by or about Famous..., Albert Einstein was a t...
  Pexels: trovata foto di Raphael Brasileiro
  Immagine: 13193 bytes
  Server: static/avatars/creativi/albert_einstein_hf166.png
  Android drawables: char_albert_einstein_hf166.png
  characters.py aggiornato per 'albert_einstein_hf166'
  ✅ Avatar salvato!

============================================================
Generazione: Ninja (ninja_hf167)
============================================================
  Uso API gratuita: free
  Prompt: Candid snapshot of a young woman, around 25 years old, Esports Magazines, Tyler \. Natural indoor lighting from window, ...
  Pexels: trovata foto di Darya Sannikova
  Immagine: 38553 bytes
  Server: static/avatars/sport/ninja_hf167.png
  Android drawables: char_ninja_hf167.png
  characters.py aggiornato per 'ninja_hf167'
  ✅ Avatar salvato!

============================================================
Generazione: Jay Gatsby (jay_gatsby_hf168)
============================================================
  Uso API gratuita: free
  Prompt: Candid snapshot of a young man, around 25 years old, Historical Allegorical Novel, Jay Gatsby is a wealthy and enigmatic...
  Pexels: trovata foto di Enes Tarık  Eslemez
  Immagine: 48818 bytes
  Server: static/avatars/storia/jay_gatsby_hf168.png
  Android drawables: char_jay_gatsby_hf168.png
  characters.py aggiornato per 'jay_gatsby_hf168'
  ✅ Avatar salvato!

============================================================
Generazione: Sarah Connor (sarah_connor_hf169)
============================================================
  Uso API gratuita: free
  Prompt: Candid snapshot of a young woman, around 24 years old, Modern RPGs, Sarah Connor is a fierce and determined woman who be...
  Pexels: trovata foto di Janko Ferlic
  Immagine: 20759 bytes
  Server: static/avatars/fantasy/sarah_connor_hf169.png
  Android drawables: char_sarah_connor_hf169.png
  characters.py aggiornato per 'sarah_connor_hf169'
  ✅ Avatar salvato!

============================================================
Generazione: The Yeti (the_yeti_hf170)
============================================================
  Uso API gratuita: free
  Prompt: Candid snapshot of a young man, around 25 years old, Folklore creatures, The Yeti, also known as the Abominable Snowman,...
  Pexels: trovata foto di Santiago Sauceda González
  Immagine: 49240 bytes
  Server: static/avatars/creativi/the_yeti_hf170.png
  Android drawables: char_the_yeti_hf170.png
  characters.py aggiornato per 'the_yeti_hf170'
  ✅ Avatar salvato!

============================================================
Generazione: Bill Nye (bill_nye_hf171)
============================================================
  Uso API gratuita: free
  Prompt: Candid snapshot of a young woman, around 20 years old, Science Magazines, Bill Nye, popularly known as \. Natural indoor...
  Pexels: trovata foto di Darya Sannikova
  Immagine: 38553 bytes
  Server: static/avatars/tecnici/bill_nye_hf171.png
  Android drawables: char_bill_nye_hf171.png
  characters.py aggiornato per 'bill_nye_hf171'
  ✅ Avatar salvato!

============================================================
Generazione: The Goatman (the_goatman_hf172)
============================================================
  Uso API gratuita: free
  Prompt: Candid snapshot of a young man, around 28 years old, Urban legends about abandoned places, The Goatman is a creature fro...
  Pexels: trovata foto di Beyza Kaplan
  Immagine: 52480 bytes
  Server: static/avatars/creativi/the_goatman_hf172.png
  Android drawables: char_the_goatman_hf172.png
  characters.py aggiornato per 'the_goatman_hf172'
  ✅ Avatar salvato!

============================================================
Generazione: Bella Swan (bella_swan_hf173)
============================================================
  Uso API gratuita: free
  Prompt: Candid snapshot of a mature woman, around 32 years old, Character Popularity Trends, Bella Swan is the protagonist of St...
  Pexels: trovata foto di Alexander Zvir
  Immagine: 29246 bytes
  Server: static/avatars/creativi/bella_swan_hf173.png
  Android drawables: char_bella_swan_hf173.png
  characters.py aggiornato per 'bella_swan_hf173'
  ✅ Avatar salvato!

============================================================
Generazione: Pac-Man (pac_man_hf174)
============================================================
  Uso API gratuita: free
  Prompt: Candid snapshot of a young man, around 23 years old, Arcade, Pac-Man is the titular character of the classic arcade game...
  Pexels: trovata foto di Ryutaro Tsukata
  Immagine: 30730 bytes
  Server: static/avatars/gamer/pac_man_hf174.png
  Android drawables: char_pac_man_hf174.png
  characters.py aggiornato per 'pac_man_hf174'
  ✅ Avatar salvato!

============================================================
Generazione: Napoleon Bonaparte (napoleon_bonaparte_hf175)
============================================================
  Uso API gratuita: free
  Prompt: Candid snapshot of a young man, around 28 years old, Historical Character Comparisons, Napoleon Bonaparte was a French m...
  Pexels: trovata foto di Alex Dos Santos
  Immagine: 26360 bytes
  Server: static/avatars/storia/napoleon_bonaparte_hf175.png
  Android drawables: char_napoleon_bonaparte_hf175.png
  characters.py aggiornato per 'napoleon_bonaparte_hf175'
  ✅ Avatar salvato!

============================================================
Generazione: Rachel Summers (Phoenix) (rachel_summers_phoenix_hf176)
============================================================
  Uso API gratuita: free
  Prompt: Candid snapshot of a young woman, around 29 years old, Time Travel, Rachel Summers, also known as Phoenix, is a powerful...
  Pexels: trovata foto di Tima Miroshnichenko
  Immagine: 53610 bytes
  Server: static/avatars/sci-fi/rachel_summers_phoenix_hf176.png
  Android drawables: char_rachel_summers_phoenix_hf176.png
  characters.py aggiornato per 'rachel_summers_phoenix_hf176'
  ✅ Avatar salvato!

============================================================
Generazione: Kathleen Kelly (kathleen_kelly_hf177)
============================================================
  Uso API gratuita: free
  Prompt: Candid snapshot of a mature woman, around 35 years old, Romantic Comedies, Kathleen Kelly is the owner of a small, indep...
  Pexels: trovata foto di Vika Glitter
  Immagine: 29935 bytes
  Server: static/avatars/intrattenimento/kathleen_kelly_hf177.png
  Android drawables: char_kathleen_kelly_hf177.png
  characters.py aggiornato per 'kathleen_kelly_hf177'
  ✅ Avatar salvato!

============================================================
Generazione: Thrall (thrall_hf178)
============================================================
  Uso API gratuita: free
  Prompt: Candid snapshot of a young man, around 27 years old, Card Game, Thrall, also known as Go'el, is a key character in the W...
  Pexels: trovata foto di RDNE Stock project
  Immagine: 54161 bytes
  Server: static/avatars/gamer/thrall_hf178.png
  Android drawables: char_thrall_hf178.png
  characters.py aggiornato per 'thrall_hf178'
  ✅ Avatar salvato!

============================================================
Generazione: Bakura Ryou (bakura_ryou_hf179)
============================================================
  Uso API gratuita: free
  Prompt: Candid snapshot of a young woman, around 29 years old, Monster Card Games, Bakura Ryou is a kind and gentle character fr...
  Pexels: trovata foto di cottonbro studio
  Immagine: 33285 bytes
  Server: static/avatars/gamer/bakura_ryou_hf179.png
  Android drawables: char_bakura_ryou_hf179.png
  characters.py aggiornato per 'bakura_ryou_hf179'
  ✅ Avatar salvato!

============================================================
Generazione: Busintana (busintana_hf180)
============================================================
  Uso API gratuita: free
  Prompt: Candid snapshot of a young woman, around 24 years old, Tairona Mythology, Busintana is a revered deity in Tairona mythol...
  Pexels: trovata foto di Pedro Dias
  Immagine: 62350 bytes
  Server: static/avatars/fantasy/busintana_hf180.png
  Android drawables: char_busintana_hf180.png
  characters.py aggiornato per 'busintana_hf180'
  ✅ Avatar salvato!

============================================================
Generazione: Paul Atreides (paul_atreides_hf181)
============================================================
  Uso API gratuita: free
  Prompt: Candid snapshot of a young man, around 20 years old, Science Fiction RPGs, Paul Atreides is the protagonist of Frank Her...
  Pexels: trovata foto di Ahmet Mert
  Immagine: 38033 bytes
  Server: static/avatars/sci-fi/paul_atreides_hf181.png
  Android drawables: char_paul_atreides_hf181.png
  characters.py aggiornato per 'paul_atreides_hf181'
  ✅ Avatar salvato!

============================================================
Generazione: Sir Ranulph Fiennes (sir_ranulph_fiennes_hf182)
============================================================
  Uso API gratuita: free
  Prompt: Candid snapshot of a young woman, around 29 years old, Adventure and Outdoor Magazines, Sir Ranulph Fiennes is a British...
  Pexels: trovata foto di Antonio Friedemann
  Immagine: 65602 bytes
  Server: static/avatars/viaggi/sir_ranulph_fiennes_hf182.png
  Android drawables: char_sir_ranulph_fiennes_hf182.png
  characters.py aggiornato per 'sir_ranulph_fiennes_hf182'
  ✅ Avatar salvato!

============================================================
Generazione: Uta (uta_hf183)
============================================================
  Uso API gratuita: free
  Prompt: Candid snapshot of a young man, around 22 years old, Idol, Uta is an enigmatic character from the anime \. Natural indoo...
  Pexels: trovata foto di cottonbro studio
  Immagine: 24837 bytes
  Server: static/avatars/intrattenimento/uta_hf183.png
  Android drawables: char_uta_hf183.png
  characters.py aggiornato per 'uta_hf183'
  ✅ Avatar salvato!

============================================================
Generazione: Katherine Johnson (katherine_johnson_hf184)
============================================================
  Uso API gratuita: free
  Prompt: Candid snapshot of a young woman, around 18 years old, Network Analyses of Collaborations..., Katherine Johnson was a ma...
  Pexels: trovata foto di cottonbro studio
  Immagine: 30042 bytes
  Server: static/avatars/creativi/katherine_johnson_hf184.png
  Android drawables: char_katherine_johnson_hf184.png
  characters.py aggiornato per 'katherine_johnson_hf184'
  ✅ Avatar salvato!

============================================================
Generazione: Ainz Ooal Gown (ainz_ooal_gown_hf185)
============================================================
  Uso API gratuita: free
  Prompt: Candid snapshot of a young man, around 23 years old, Isekai, Ainz Ooal Gown, originally known as Momonga, is the protago...
  Pexels: trovata foto di Atahan Demir
  Immagine: 17009 bytes
  Server: static/avatars/fantasy/ainz_ooal_gown_hf185.png
  Android drawables: char_ainz_ooal_gown_hf185.png
  characters.py aggiornato per 'ainz_ooal_gown_hf185'
  ✅ Avatar salvato!

============================================================
Generazione: Jeff Rossen (jeff_rossen_hf186)
============================================================
  Uso API gratuita: free
  Prompt: Candid snapshot of a young man, around 25 years old, Consumer Advocacy Shows, Jeff Rossen is a journalist and the host o...
  Pexels: trovata foto di Sora Shimazaki
  Immagine: 45752 bytes
  Server: static/avatars/creativi/jeff_rossen_hf186.png
  Android drawables: char_jeff_rossen_hf186.png
  characters.py aggiornato per 'jeff_rossen_hf186'
  ✅ Avatar salvato!

============================================================
Generazione: David Rose (david_rose_hf187)
============================================================
  Uso API gratuita: free
  Prompt: Candid snapshot of a young man, around 27 years old, Mockumentaries, David Rose is the fashion-forward and sarcastic son...
  Pexels: trovata foto di Спиридон Варфаламеев
  Immagine: 23273 bytes
  Server: static/avatars/creativi/david_rose_hf187.png
  Android drawables: char_david_rose_hf187.png
  characters.py aggiornato per 'david_rose_hf187'
  ✅ Avatar salvato!

============================================================
Generazione: Jean-Luc Picard (jean_luc_picard_hf188)
============================================================
  Uso API gratuita: free
  Prompt: Candid snapshot of a young man, around 24 years old, Character Quotes Blogs, Captain Jean-Luc Picard is the commanding o...
  Pexels: trovata foto di Pixabay
  Immagine: 60495 bytes
  Server: static/avatars/creativi/jean_luc_picard_hf188.png
  Android drawables: char_jean_luc_picard_hf188.png
  characters.py aggiornato per 'jean_luc_picard_hf188'
  ✅ Avatar salvato!

============================================================
Generazione: Taté (tat_hf189)
============================================================
  Uso API gratuita: free
  Prompt: Candid snapshot of a young man, around 23 years old, Sioux Mythology, Taté is the wind god in Sioux mythology, responsib...
  Pexels: trovata foto di Stephen Leonardi
  Immagine: 56363 bytes
  Server: static/avatars/fantasy/tat_hf189.png
  Android drawables: char_tat_hf189.png
  characters.py aggiornato per 'tat_hf189'
  ✅ Avatar salvato!

============================================================
Generazione: Emily Cooper (emily_cooper_hf190)
============================================================
  Uso API gratuita: free
  Prompt: Candid snapshot of a young man, around 22 years old, Character-Driven Marketing Blogs, Emily Cooper is a young American ...
  Pexels: trovata foto di Felix
  Immagine: 14420 bytes
  Server: static/avatars/creativi/emily_cooper_hf190.png
  Android drawables: char_emily_cooper_hf190.png
  characters.py aggiornato per 'emily_cooper_hf190'
  ✅ Avatar salvato!

============================================================
Generazione: Hermann von Helmholtz (hermann_von_helmholtz_hf191)
============================================================
  Uso API gratuita: free
  Prompt: Candid snapshot of a mature man, around 32 years old, Experimental Papers on Concepts..., Hermann von Helmholtz was a Ge...
  Pexels: trovata foto di RedWolf
  Immagine: 41776 bytes
  Server: static/avatars/creativi/hermann_von_helmholtz_hf191.png
  Android drawables: char_hermann_von_helmholtz_hf191.png
  characters.py aggiornato per 'hermann_von_helmholtz_hf191'
  ✅ Avatar salvato!

============================================================
Generazione: Herne the Hunter (herne_the_hunter_hf192)
============================================================
  Uso API gratuita: free
  Prompt: Candid snapshot of a mature man, around 34 years old, Wiccan Mythology, Herne the Hunter is a ghostly figure in English ...
  Pexels: trovata foto di Ahmet Mert
  Immagine: 50662 bytes
  Server: static/avatars/fantasy/herne_the_hunter_hf192.png
  Android drawables: char_herne_the_hunter_hf192.png
  characters.py aggiornato per 'herne_the_hunter_hf192'
  ✅ Avatar salvato!

============================================================
Generazione: Black Panther (T'Challa) (black_panther_t_challa_hf193)
============================================================
  Uso API gratuita: free
  Prompt: Candid snapshot of a young man, around 27 years old, Superhero Blogs, Black Panther, also known as T'Challa, is a superh...
  Pexels: trovata foto di RedWolf
  Immagine: 39145 bytes
  Server: static/avatars/supereroi/black_panther_t_challa_hf193.png
  Android drawables: char_black_panther_t_challa_hf193.png
  characters.py aggiornato per 'black_panther_t_challa_hf193'
  ✅ Avatar salvato!

============================================================
Generazione: Mr. Peachum (mr_peachum_hf194)
============================================================
  Uso API gratuita: free
  Prompt: Candid snapshot of a young man, around 25 years old, Satire, Mr. Natural indoor lighting from window, soft shadows, real...
  Pexels: trovata foto di Engin Akyurt
  Immagine: 61186 bytes
  Server: static/avatars/intrattenimento/mr_peachum_hf194.png
  Android drawables: char_mr_peachum_hf194.png
  characters.py aggiornato per 'mr_peachum_hf194'
  ✅ Avatar salvato!

============================================================
Generazione: Walter White (walter_white_hf195)
============================================================
  Uso API gratuita: free
  Prompt: Candid snapshot of a young man, around 27 years old, Character Evolution Blogs, Walter White, also known by his alias He...
  Pexels: trovata foto di Nishant Aneja
  Immagine: 83575 bytes
  Server: static/avatars/creativi/walter_white_hf195.png
  Android drawables: char_walter_white_hf195.png
  characters.py aggiornato per 'walter_white_hf195'
  ✅ Avatar salvato!

============================================================
Generazione: Frankenstein's Monster (frankenstein_s_monster_hf196)
============================================================
  Uso API gratuita: free
  Prompt: Candid snapshot of a young man, around 22 years old, Horror, Frankenstein's Monster, often mistakenly called Frankenstei...
  Pexels: trovata foto di Mark Rz
  Immagine: 17742 bytes
  Server: static/avatars/horror/frankenstein_s_monster_hf196.png
  Android drawables: char_frankenstein_s_monster_hf196.png
  characters.py aggiornato per 'frankenstein_s_monster_hf196'
  ✅ Avatar salvato!

============================================================
Generazione: Iron Man (Tony Stark) (iron_man_tony_stark_hf197)
============================================================
  Uso API gratuita: free
  Prompt: Candid snapshot of a mature man, around 34 years old, War, Iron Man, or Tony Stark, is a billionaire industrialist and g...
  Pexels: trovata foto di Mikael Blomkvist
  Immagine: 16644 bytes
  Server: static/avatars/sopravvivenza/iron_man_tony_stark_hf197.png
  Android drawables: char_iron_man_tony_stark_hf197.png
  characters.py aggiornato per 'iron_man_tony_stark_hf197'
  ✅ Avatar salvato!

============================================================
Generazione: Rei Kawakubo (rei_kawakubo_hf198)
============================================================
  Uso API gratuita: free
  Prompt: Candid snapshot of a young woman, around 26 years old, Fashion Biography, Rei Kawakubo is a Japanese fashion designer an...
  Pexels: trovata foto di mahdi chaghari
  Immagine: 41410 bytes
  Server: static/avatars/quotidiano/rei_kawakubo_hf198.png
  Android drawables: char_rei_kawakubo_hf198.png
  characters.py aggiornato per 'rei_kawakubo_hf198'
  ✅ Avatar salvato!

============================================================
Generazione: Nana Komatsu (Hachi) (nana_komatsu_hachi_hf199)
============================================================
  Uso API gratuita: free
  Prompt: Candid snapshot of a young woman, around 23 years old, Romance, Nana Komatsu, often called Hachi, is one of the main cha...
  Pexels: trovata foto di Vinicius Quaresma
  Immagine: 28062 bytes
  Server: static/avatars/romantici/nana_komatsu_hachi_hf199.png
  Android drawables: char_nana_komatsu_hachi_hf199.png
  characters.py aggiornato per 'nana_komatsu_hachi_hf199'
  ✅ Avatar salvato!

============================================================
Generazione: Arak (arak_hf200)
============================================================
  Uso API gratuita: free
  Prompt: Candid snapshot of a young man, around 20 years old, Wichí Mythology, Arak is a spirit associated with fire in Wichí myt...
  Pexels: trovata foto di Abhishek Mishra
  Immagine: 33666 bytes
  Server: static/avatars/fantasy/arak_hf200.png
  Android drawables: char_arak_hf200.png
  characters.py aggiornato per 'arak_hf200'
  ✅ Avatar salvato!

============================================================
Generazione: Cable (cable_hf201)
============================================================
  Uso API gratuita: free
  Prompt: Candid snapshot of a mature man, around 32 years old, Time Travel, Cable, also known as Nathan Summers, is a time-travel...
  Pexels: trovata foto di Tima Miroshnichenko
  Immagine: 53610 bytes
  Server: static/avatars/sci-fi/cable_hf201.png
  Android drawables: char_cable_hf201.png
  characters.py aggiornato per 'cable_hf201'
  ✅ Avatar salvato!

============================================================
Generazione: Jin Park (jin_park_hf202)
============================================================
  Uso API gratuita: free
  Prompt: Candid snapshot of a young man, around 29 years old, Ethnic Newspapers, Jin Park is a cultural correspondent at The Kore...
  Pexels: trovata foto di Riya Kumari
  Immagine: 54609 bytes
  Server: static/avatars/creativi/jin_park_hf202.png
  Android drawables: char_jin_park_hf202.png
  characters.py aggiornato per 'jin_park_hf202'
  ✅ Avatar salvato!

============================================================
Generazione: Chief John Anderton (chief_john_anderton_hf203)
============================================================
  Uso API gratuita: free
  Prompt: Candid snapshot of a mature man, around 31 years old, Dystopian Films, Chief John Anderton is the head of PreCrime, a sp...
  Pexels: trovata foto di Ronaldo Murcia
  Immagine: 63259 bytes
  Server: static/avatars/sci-fi/chief_john_anderton_hf203.png
  Android drawables: char_chief_john_anderton_hf203.png
  characters.py aggiornato per 'chief_john_anderton_hf203'
  ✅ Avatar salvato!

============================================================
Generazione: Anansi the Spider (anansi_the_spider_hf204)
============================================================
  Uso API gratuita: free
  Prompt: Candid snapshot of a young man, around 19 years old, Folk Heroes, Anansi the Spider is a cunning and clever trickster fi...
  Pexels: trovata foto di abbas borzou
  Immagine: 53111 bytes
  Server: static/avatars/creativi/anansi_the_spider_hf204.png
  Android drawables: char_anansi_the_spider_hf204.png
  characters.py aggiornato per 'anansi_the_spider_hf204'
  ✅ Avatar salvato!

============================================================
Generazione: Donkey Kong (donkey_kong_hf205)
============================================================
  Uso API gratuita: free
  Prompt: Candid snapshot of a young man, around 21 years old, Retro Game, Donkey Kong is a large, powerful gorilla and the star o...
  Pexels: trovata foto di David Gomes
  Immagine: 30816 bytes
  Server: static/avatars/gamer/donkey_kong_hf205.png
  Android drawables: char_donkey_kong_hf205.png
  characters.py aggiornato per 'donkey_kong_hf205'
  ✅ Avatar salvato!

============================================================
Generazione: Kate Bishop (Hawkeye) (kate_bishop_hawkeye_hf206)
============================================================
  Uso API gratuita: free
  Prompt: Candid snapshot of a young woman, around 26 years old, Superhero Fiction, Kate Bishop, also known as Hawkeye, is a skill...
  Pexels: trovata foto di Anya  Juárez Tenorio
  Immagine: 24360 bytes
  Server: static/avatars/supereroi/kate_bishop_hawkeye_hf206.png
  Android drawables: char_kate_bishop_hawkeye_hf206.png
  characters.py aggiornato per 'kate_bishop_hawkeye_hf206'
  ✅ Avatar salvato!

============================================================
Generazione: Jean-Paul Sartre (jean_paul_sartre_hf207)
============================================================
  Uso API gratuita: free
  Prompt: Candid snapshot of a young man, around 26 years old, Philosophical Documentaries, Jean-Paul Sartre was a French existent...
  Pexels: trovata foto di Jean Marc Bonnel
  Immagine: 35775 bytes
  Server: static/avatars/motivazione/jean_paul_sartre_hf207.png
  Android drawables: char_jean_paul_sartre_hf207.png
  characters.py aggiornato per 'jean_paul_sartre_hf207'
  ✅ Avatar salvato!

============================================================
Generazione: Saitama (One Punch Man) (saitama_one_punch_man_hf208)
============================================================
  Uso API gratuita: free
  Prompt: Candid snapshot of a young man, around 27 years old, Superhero Webcomics, Saitama, also known as One Punch Man, is the p...
  Pexels: trovata foto di BM Capture
  Immagine: 47009 bytes
  Server: static/avatars/supereroi/saitama_one_punch_man_hf208.png
  Android drawables: char_saitama_one_punch_man_hf208.png
  characters.py aggiornato per 'saitama_one_punch_man_hf208'
  ✅ Avatar salvato!

============================================================
Generazione: Tomoya Aki (tomoya_aki_hf209)
============================================================
  Uso API gratuita: free
  Prompt: Candid snapshot of a mature man, around 33 years old, Harem, Tomoya Aki is the protagonist of \. Natural indoor lighting...
  Pexels: trovata foto di Mukhtar Shuaib Mukhtar
  Immagine: 67623 bytes
  Server: static/avatars/anime/tomoya_aki_hf209.png
  Android drawables: char_tomoya_aki_hf209.png
  characters.py aggiornato per 'tomoya_aki_hf209'
  ✅ Avatar salvato!

============================================================
Generazione: Sleeping Beauty (sleeping_beauty_hf210)
============================================================
  Uso API gratuita: free
  Prompt: Candid snapshot of a young woman, around 29 years old, Whimsical Fairy Tales, Sleeping Beauty, also known as Princess Au...
  Pexels: trovata foto di Kate
  Immagine: 35110 bytes
  Server: static/avatars/fantasy/sleeping_beauty_hf210.png
  Android drawables: char_sleeping_beauty_hf210.png
  characters.py aggiornato per 'sleeping_beauty_hf210'
  ✅ Avatar salvato!

============================================================
Generazione: Arthas Menethil (arthas_menethil_hf211)
============================================================
  Uso API gratuita: free
  Prompt: Candid snapshot of a young man, around 28 years old, Mobile Game, Arthas Menethil, also known as the Lich King, is a cen...
  Pexels: trovata foto di Alena Darmel
  Immagine: 26889 bytes
  Server: static/avatars/gamer/arthas_menethil_hf211.png
  Android drawables: char_arthas_menethil_hf211.png
  characters.py aggiornato per 'arthas_menethil_hf211'
  ✅ Avatar salvato!

============================================================
Generazione: Wade Davis (wade_davis_hf212)
============================================================
  Uso API gratuita: free
  Prompt: Candid snapshot of a young man, around 24 years old, Ethnographic Documentaries, Wade Davis is a Canadian anthropologist...
  Pexels: trovata foto di Mulya Has
  Immagine: 30981 bytes
  Server: static/avatars/creativi/wade_davis_hf212.png
  Android drawables: char_wade_davis_hf212.png
  characters.py aggiornato per 'wade_davis_hf212'
  ✅ Avatar salvato!

============================================================
Generazione: Dr. Ezekiel Blackwood (dr_ezekiel_blackwood_hf213)
============================================================
  Uso API gratuita: free
  Prompt: Candid snapshot of a young man, around 23 years old, Steampunk RPGs, Dr. Natural indoor lighting from window, soft shado...
  Pexels: trovata foto di Jimmy Elizarraras
  Immagine: 36630 bytes
  Server: static/avatars/sci-fi/dr_ezekiel_blackwood_hf213.png
  Android drawables: char_dr_ezekiel_blackwood_hf213.png
  characters.py aggiornato per 'dr_ezekiel_blackwood_hf213'
  ✅ Avatar salvato!

============================================================
Generazione: The White Rabbit (the_white_rabbit_hf214)
============================================================
  Uso API gratuita: free
  Prompt: Candid snapshot of a mature man, around 31 years old, Mythological Fairy Tales, The White Rabbit is a frantic, time-obse...
  Pexels: trovata foto di Rulo Mora
  Immagine: 36755 bytes
  Server: static/avatars/fantasy/the_white_rabbit_hf214.png
  Android drawables: char_the_white_rabbit_hf214.png
  characters.py aggiornato per 'the_white_rabbit_hf214'
  ✅ Avatar salvato!

============================================================
Generazione: Cleopatra VII (cleopatra_vii_hf215)
============================================================
  Uso API gratuita: free
  Prompt: Candid snapshot of a mature woman, around 32 years old, Historical Theses, Cleopatra VII was the last active ruler of th...
  Pexels: trovata foto di shahin khalaji
  Immagine: 28702 bytes
  Server: static/avatars/storia/cleopatra_vii_hf215.png
  Android drawables: char_cleopatra_vii_hf215.png
  characters.py aggiornato per 'cleopatra_vii_hf215'
  ✅ Avatar salvato!

============================================================
Generazione: Phaya Naga (phaya_naga_hf216)
============================================================
  Uso API gratuita: free
  Prompt: Candid snapshot of a young woman, around 19 years old, Thai Mythology, Phaya Naga are mythical serpent deities in Thai m...
  Pexels: trovata foto di Boo Normi
  Immagine: 112035 bytes
  Server: static/avatars/fantasy/phaya_naga_hf216.png
  Android drawables: char_phaya_naga_hf216.png
  characters.py aggiornato per 'phaya_naga_hf216'
  ✅ Avatar salvato!

============================================================
Generazione: Kim (kim_hf217)
============================================================
  Uso API gratuita: free
  Prompt: Candid snapshot of a young man, around 28 years old, Musical Theatre Characters Blogs, Kim is the central character in t...
  Pexels: trovata foto di cottonbro studio
  Immagine: 25452 bytes
  Server: static/avatars/romantici/kim_hf217.png
  Android drawables: char_kim_hf217.png
  characters.py aggiornato per 'kim_hf217'
  ✅ Avatar salvato!

============================================================
Generazione: Emma Woodhouse (emma_woodhouse_hf218)
============================================================
  Uso API gratuita: free
  Prompt: Candid snapshot of a young woman, around 18 years old, Satirical Biography, Emma Woodhouse is the titular character of J...
  Pexels: trovata foto di thecactusena ‎
  Immagine: 44526 bytes
  Server: static/avatars/quotidiano/emma_woodhouse_hf218.png
  Android drawables: char_emma_woodhouse_hf218.png
  characters.py aggiornato per 'emma_woodhouse_hf218'
  ✅ Avatar salvato!

============================================================
Generazione: Commander William Adama (commander_william_adama_hf219)
============================================================
  Uso API gratuita: free
  Prompt: Candid snapshot of a mature man, around 35 years old, War Series, Commander William Adama is the commanding officer of t...
  Pexels: trovata foto di Sammie Sander
  Immagine: 37199 bytes
  Server: static/avatars/sopravvivenza/commander_william_adama_hf219.png
  Android drawables: char_commander_william_adama_hf219.png
  characters.py aggiornato per 'commander_william_adama_hf219'
  ✅ Avatar salvato!

============================================================
Generazione: Kara Nozomi (kara_nozomi_hf220)
============================================================
  Uso API gratuita: free
  Prompt: Candid snapshot of a mature woman, around 31 years old, Cyberpunk RPGs, Kara Nozomi is a skilled solo from the tabletop ...
  Pexels: trovata foto di cottonbro studio
  Immagine: 19115 bytes
  Server: static/avatars/sci-fi/kara_nozomi_hf220.png
  Android drawables: char_kara_nozomi_hf220.png
  characters.py aggiornato per 'kara_nozomi_hf220'
  ✅ Avatar salvato!

============================================================
Generazione: Piper Chapman (piper_chapman_hf221)
============================================================
  Uso API gratuita: free
  Prompt: Candid snapshot of a young man, around 21 years old, Character Evolution in Series, Piper Chapman is the protagonist of ...
  Pexels: trovata foto di annmteu
  Immagine: 43536 bytes
  Server: static/avatars/creativi/piper_chapman_hf221.png
  Android drawables: char_piper_chapman_hf221.png
  characters.py aggiornato per 'piper_chapman_hf221'
  ✅ Avatar salvato!

============================================================
Generazione: Mima Kirigoe (mima_kirigoe_hf222)
============================================================
  Uso API gratuita: free
  Prompt: Candid snapshot of a young man, around 19 years old, Psychological, Mima Kirigoe is the protagonist of \. Natural indoor...
  Pexels: trovata foto di Hào Nguyễn
  Immagine: 208911 bytes
  Server: static/avatars/detective/mima_kirigoe_hf222.png
  Android drawables: char_mima_kirigoe_hf222.png
  characters.py aggiornato per 'mima_kirigoe_hf222'
  ✅ Avatar salvato!

============================================================
Generazione: The Men in Black (the_men_in_black_hf223)
============================================================
  Uso API gratuita: free
  Prompt: Candid snapshot of a young man, around 19 years old, Aliens and UFOs, The Men in Black are mysterious figures often desc...
  Pexels: trovata foto di Stanislav Kondratiev
  Immagine: 30815 bytes
  Server: static/avatars/creativi/the_men_in_black_hf223.png
  Android drawables: char_the_men_in_black_hf223.png
  characters.py aggiornato per 'the_men_in_black_hf223'
  ✅ Avatar salvato!

============================================================
Generazione: Yajiro Kojima (yajiro_kojima_hf224)
============================================================
  Uso API gratuita: free
  Prompt: Candid snapshot of a young man, around 18 years old, Samurai, Yajiro Kojima, also known as \. Natural indoor lighting fr...
  Pexels: trovata foto di Mathieu Wallerand
  Immagine: 45317 bytes
  Server: static/avatars/anime/yajiro_kojima_hf224.png
  Android drawables: char_yajiro_kojima_hf224.png
  characters.py aggiornato per 'yajiro_kojima_hf224'
  ✅ Avatar salvato!

============================================================
Generazione: Dexter Morgan (dexter_morgan_hf225)
============================================================
  Uso API gratuita: free
  Prompt: Candid snapshot of a young man, around 21 years old, TV Show Character Analysis, Dexter Morgan is the main character of ...
  Pexels: trovata foto di Edmundo Smith
  Immagine: 42871 bytes
  Server: static/avatars/intrattenimento/dexter_morgan_hf225.png
  Android drawables: char_dexter_morgan_hf225.png
  characters.py aggiornato per 'dexter_morgan_hf225'
  ✅ Avatar salvato!

============================================================
Generazione: Genos (genos_hf226)
============================================================
  Uso API gratuita: free
  Prompt: Candid snapshot of a young man, around 24 years old, Robotics, Genos is a cyborg hero known as the Demon Cyborg. Natural...
  Pexels: trovata foto di Yaroslav Shuraev
  Immagine: 44941 bytes
  Server: static/avatars/anime/genos_hf226.png
  Android drawables: char_genos_hf226.png
  characters.py aggiornato per 'genos_hf226'
  ✅ Avatar salvato!

============================================================
Generazione: Henry Hill (henry_hill_hf227)
============================================================
  Uso API gratuita: free
  Prompt: Candid snapshot of a young man, around 22 years old, Prison Films, Henry Hill is a key character in \. Natural indoor li...
  Pexels: trovata foto di Favour Concepts
  Immagine: 22304 bytes
  Server: static/avatars/intrattenimento/henry_hill_hf227.png
  Android drawables: char_henry_hill_hf227.png
  characters.py aggiornato per 'henry_hill_hf227'
  ✅ Avatar salvato!

============================================================
Generazione: Philip Marlowe (philip_marlowe_hf228)
============================================================
  Uso API gratuita: free
  Prompt: Candid snapshot of a young man, around 25 years old, Mystery Short Stories, Philip Marlowe is a private detective based ...
  Pexels: trovata foto di Sumant Arora
  Immagine: 42093 bytes
  Server: static/avatars/detective/philip_marlowe_hf228.png
  Android drawables: char_philip_marlowe_hf228.png
  characters.py aggiornato per 'philip_marlowe_hf228'
  ✅ Avatar salvato!

============================================================
Generazione: Elminster Aumar (elminster_aumar_hf229)
============================================================
  Uso API gratuita: free
  Prompt: Candid snapshot of a mature man, around 30 years old, Magic and Sorcery Board Games, Elminster Aumar is a legendary wiza...
  Pexels: trovata foto di Ahmet Mert
  Immagine: 45810 bytes
  Server: static/avatars/fantasy/elminster_aumar_hf229.png
  Android drawables: char_elminster_aumar_hf229.png
  characters.py aggiornato per 'elminster_aumar_hf229'
  ✅ Avatar salvato!

============================================================
Generazione: Elizabeth Bennet (elizabeth_bennet_hf230)
============================================================
  Uso API gratuita: free
  Prompt: Candid snapshot of a young woman, around 27 years old, Character Analysis, Elizabeth Bennet is the intelligent and spiri...
  Pexels: trovata foto di cottonbro studio
  Immagine: 33274 bytes
  Server: static/avatars/creativi/elizabeth_bennet_hf230.png
  Android drawables: char_elizabeth_bennet_hf230.png
  characters.py aggiornato per 'elizabeth_bennet_hf230'
  ✅ Avatar salvato!

============================================================
Generazione: Hanako-san (hanako_san_hf231)
============================================================
  Uso API gratuita: free
  Prompt: Candid snapshot of a mature woman, around 34 years old, Vengeful spirits, Hanako-san is a popular urban legend in Japan,...
  Pexels: trovata foto di Rebeca  Medeiros
  Immagine: 59903 bytes
  Server: static/avatars/creativi/hanako_san_hf231.png
  Android drawables: char_hanako_san_hf231.png
  characters.py aggiornato per 'hanako_san_hf231'
  ✅ Avatar salvato!

============================================================
Generazione: Steve Jobs (steve_jobs_hf232)
============================================================
  Uso API gratuita: free
  Prompt: Candid snapshot of a mature man, around 33 years old, Business Biography, Steve Jobs was the co-founder, chairman, and C...
  Pexels: trovata foto di Tim Mossholder
  Immagine: 28031 bytes
  Server: static/avatars/quotidiano/steve_jobs_hf232.png
  Android drawables: char_steve_jobs_hf232.png
  characters.py aggiornato per 'steve_jobs_hf232'
  ✅ Avatar salvato!

============================================================
Generazione: Isis (isis_hf233)
============================================================
  Uso API gratuita: free
  Prompt: Candid snapshot of a mature woman, around 33 years old, Mythological Figures Essays, Isis is a major goddess in ancient ...
  Pexels: trovata foto di Azvern
  Immagine: 53416 bytes
  Server: static/avatars/creativi/isis_hf233.png
  Android drawables: char_isis_hf233.png
  characters.py aggiornato per 'isis_hf233'
  ✅ Avatar salvato!

============================================================
Generazione: Madeline Usher (madeline_usher_hf234)
============================================================
  Uso API gratuita: free
  Prompt: Candid snapshot of a young woman, around 24 years old, Gothic Short Stories, Madeline Usher is the twin sister of Roderi...
  Pexels: trovata foto di Pedro Dias
  Immagine: 33351 bytes
  Server: static/avatars/creativi/madeline_usher_hf234.png
  Android drawables: char_madeline_usher_hf234.png
  characters.py aggiornato per 'madeline_usher_hf234'
  ✅ Avatar salvato!

============================================================
Generazione: Rachel Carson (rachel_carson_hf235)
============================================================
  Uso API gratuita: free
  Prompt: Candid snapshot of a young man, around 18 years old, Experimental Biography, Rachel Carson was an American marine biolog...
  Pexels: trovata foto di cottonbro studio
  Immagine: 27831 bytes
  Server: static/avatars/quotidiano/rachel_carson_hf235.png
  Android drawables: char_rachel_carson_hf235.png
  characters.py aggiornato per 'rachel_carson_hf235'
  ✅ Avatar salvato!

============================================================
Generazione: Steve Harvey (steve_harvey_hf236)
============================================================
  Uso API gratuita: free
  Prompt: Candid snapshot of a young man, around 23 years old, Game Shows, Steve Harvey is the energetic and humorous host of \. N...
  Pexels: trovata foto di cami
  Immagine: 15120 bytes
  Server: static/avatars/creativi/steve_harvey_hf236.png
  Android drawables: char_steve_harvey_hf236.png
  characters.py aggiornato per 'steve_harvey_hf236'
  ✅ Avatar salvato!

============================================================
Generazione: Lady Macbeth (lady_macbeth_hf237)
============================================================
  Uso API gratuita: free
  Prompt: Candid snapshot of a mature woman, around 31 years old, Verse Drama, Lady Macbeth is a central character in Shakespeare'...
  Pexels: trovata foto di 先森 邹
  Immagine: 34741 bytes
  Server: static/avatars/romantici/lady_macbeth_hf237.png
  Android drawables: char_lady_macbeth_hf237.png
  characters.py aggiornato per 'lady_macbeth_hf237'
  ✅ Avatar salvato!

============================================================
Generazione: Robin Hood (robin_hood_hf238)
============================================================
  Uso API gratuita: free
  Prompt: Candid snapshot of a young man, around 18 years old, Mythic Heroes, Robin Hood is a legendary English folk hero known fo...
  Pexels: trovata foto di Vanessa Pozos
  Immagine: 59775 bytes
  Server: static/avatars/creativi/robin_hood_hf238.png
  Android drawables: char_robin_hood_hf238.png
  characters.py aggiornato per 'robin_hood_hf238'
  ✅ Avatar salvato!

============================================================
Generazione: Hester Prynne (hester_prynne_hf239)
============================================================
  Uso API gratuita: free
  Prompt: Candid snapshot of a young woman, around 24 years old, Weird Fiction, Hester Prynne is a strong and dignified woman livi...
  Pexels: trovata foto di Diana ✨
  Immagine: 45335 bytes
  Server: static/avatars/creativi/hester_prynne_hf239.png
  Android drawables: char_hester_prynne_hf239.png
  characters.py aggiornato per 'hester_prynne_hf239'
  ✅ Avatar salvato!

============================================================
Generazione: Kiera (kiera_hf240)
============================================================
  Uso API gratuita: free
  Prompt: Candid snapshot of a young woman, around 21 years old, GameLit, Kiera is a prominent character in the \. Natural indoor ...
  Pexels: trovata foto di Yan Krukau
  Immagine: 23306 bytes
  Server: static/avatars/creativi/kiera_hf240.png
  Android drawables: char_kiera_hf240.png
  characters.py aggiornato per 'kiera_hf240'
  ✅ Avatar salvato!

============================================================
Generazione: Natsuru Senou (natsuru_senou_hf241)
============================================================
  Uso API gratuita: free
  Prompt: Candid snapshot of a mature man, around 30 years old, Gender Bender, Natsuru Senou is the main character of the manga an...
  Pexels: trovata foto di cottonbro studio
  Immagine: 23005 bytes
  Server: static/avatars/anime/natsuru_senou_hf241.png
  Android drawables: char_natsuru_senou_hf241.png
  characters.py aggiornato per 'natsuru_senou_hf241'
  ✅ Avatar salvato!

============================================================
Generazione: Baki Hanma (baki_hanma_hf242)
============================================================
  Uso API gratuita: free
  Prompt: Candid snapshot of a mature man, around 33 years old, Martial Arts RPGs, Baki Hanma is the protagonist of the Baki the G...
  Pexels: trovata foto di www.kaboompics.com
  Immagine: 41985 bytes
  Server: static/avatars/fantasy/baki_hanma_hf242.png
  Android drawables: char_baki_hanma_hf242.png
  characters.py aggiornato per 'baki_hanma_hf242'
  ✅ Avatar salvato!

============================================================
Generazione: Dr. Elwin Ransom (dr_elwin_ransom_hf243)
============================================================
  Uso API gratuita: free
  Prompt: Candid snapshot of a young man, around 18 years old, Time Travel Novel, Dr. Natural indoor lighting from window, soft sh...
  Pexels: trovata foto di cottonbro studio
  Immagine: 26944 bytes
  Server: static/avatars/creativi/dr_elwin_ransom_hf243.png
  Android drawables: char_dr_elwin_ransom_hf243.png
  characters.py aggiornato per 'dr_elwin_ransom_hf243'
  ✅ Avatar salvato!

============================================================
Generazione: Moses (moses_hf244)
============================================================
  Uso API gratuita: free
  Prompt: Candid snapshot of a mature man, around 34 years old, Christian Mythology, Moses is a prophet in Abrahamic religions, mo...
  Pexels: trovata foto di Djordje Ristic
  Immagine: 57244 bytes
  Server: static/avatars/fantasy/moses_hf244.png
  Android drawables: char_moses_hf244.png
  characters.py aggiornato per 'moses_hf244'
  ✅ Avatar salvato!

============================================================
Generazione: Rumiko Takahashi (rumiko_takahashi_hf245)
============================================================
  Uso API gratuita: free
  Prompt: Candid snapshot of a young man, around 24 years old, Biographical, Rumiko Takahashi is one of Japan's most successful an...
  Pexels: trovata foto di Deepak Maurya
  Immagine: 30793 bytes
  Server: static/avatars/anime/rumiko_takahashi_hf245.png
  Android drawables: char_rumiko_takahashi_hf245.png
  characters.py aggiornato per 'rumiko_takahashi_hf245'
  ✅ Avatar salvato!

============================================================
Generazione: Sly Cooper (sly_cooper_hf246)
============================================================
  Uso API gratuita: free
  Prompt: Candid snapshot of a young man, around 18 years old, Anthropomorphic Animal Game, Sly Cooper is the main character of th...
  Pexels: trovata foto di Cris Ramos
  Immagine: 66864 bytes
  Server: static/avatars/gamer/sly_cooper_hf246.png
  Android drawables: char_sly_cooper_hf246.png
  characters.py aggiornato per 'sly_cooper_hf246'
  ✅ Avatar salvato!

============================================================
Generazione: Kouji Kabuto (kouji_kabuto_hf247)
============================================================
  Uso API gratuita: free
  Prompt: Candid snapshot of a young man, around 24 years old, Mecha, Kouji Kabuto is the main protagonist of Mazinger Z. Natural ...
  Pexels: trovata foto di Kuan-yu Huang
  Immagine: 58462 bytes
  Server: static/avatars/sci-fi/kouji_kabuto_hf247.png
  Android drawables: char_kouji_kabuto_hf247.png
  characters.py aggiornato per 'kouji_kabuto_hf247'
  ✅ Avatar salvato!

============================================================
Generazione: Ofi Tohbi (ofi_tohbi_hf248)
============================================================
  Uso API gratuita: free
  Prompt: Candid snapshot of a mature man, around 35 years old, Choctaw Mythology, Ofi Tohbi, or the White Dog, is a benevolent sp...
  Pexels: trovata foto di Abhishek Mishra
  Immagine: 33666 bytes
  Server: static/avatars/fantasy/ofi_tohbi_hf248.png
  Android drawables: char_ofi_tohbi_hf248.png
  characters.py aggiornato per 'ofi_tohbi_hf248'
  ✅ Avatar salvato!

============================================================
Generazione: Mara Jade (mara_jade_hf249)
============================================================
  Uso API gratuita: free
  Prompt: Candid snapshot of a young woman, around 27 years old, Space Opera, Mara Jade was an Emperor's Hand, a secret assassin w...
  Pexels: trovata foto di cottonbro studio
  Immagine: 32676 bytes
  Server: static/avatars/sci-fi/mara_jade_hf249.png
  Android drawables: char_mara_jade_hf249.png
  characters.py aggiornato per 'mara_jade_hf249'
  ✅ Avatar salvato!

============================================================
Generazione: Margaret Thatcher (margaret_thatcher_hf250)
============================================================
  Uso API gratuita: free
  Prompt: Candid snapshot of a young man, around 21 years old, Docudramas, Margaret Thatcher was the first female Prime Minister o...
  Pexels: trovata foto di Natalia Olivera
  Immagine: 31878 bytes
  Server: static/avatars/romantici/margaret_thatcher_hf250.png
  Android drawables: char_margaret_thatcher_hf250.png
  characters.py aggiornato per 'margaret_thatcher_hf250'
  ✅ Avatar salvato!

============================================================
Generazione: Tadakuni (tadakuni_hf251)
============================================================
  Uso API gratuita: free
  Prompt: Candid snapshot of a mature man, around 34 years old, 4-Koma Adaptation, Tadakuni is one of the main characters in \. Na...
  Pexels: trovata foto di Alexander Krivitskiy
  Immagine: 66072 bytes
  Server: static/avatars/anime/tadakuni_hf251.png
  Android drawables: char_tadakuni_hf251.png
  characters.py aggiornato per 'tadakuni_hf251'
  ✅ Avatar salvato!

============================================================
Generazione: Richard Brody (richard_brody_hf252)
============================================================
  Uso API gratuita: free
  Prompt: Candid snapshot of a mature man, around 30 years old, Film Criticism and Review Magazines, Richard Brody is an American ...
  Pexels: trovata foto di Bruno Casttro
  Immagine: 31594 bytes
  Server: static/avatars/intrattenimento/richard_brody_hf252.png
  Android drawables: char_richard_brody_hf252.png
  characters.py aggiornato per 'richard_brody_hf252'
  ✅ Avatar salvato!

============================================================
Generazione: Rick Deckard (rick_deckard_hf253)
============================================================
  Uso API gratuita: free
  Prompt: Candid snapshot of a young man, around 18 years old, Movie Character Breakdowns, Rick Deckard, portrayed by Harrison For...
  Pexels: trovata foto di Stephane Fabrice Bassangue
  Immagine: 411569 bytes
  Server: static/avatars/intrattenimento/rick_deckard_hf253.png
  Android drawables: char_rick_deckard_hf253.png
  characters.py aggiornato per 'rick_deckard_hf253'
  ✅ Avatar salvato!

============================================================
Generazione: Nick Fury (nick_fury_hf254)
============================================================
  Uso API gratuita: free
  Prompt: Candid snapshot of a young man, around 22 years old, Thriller, Nick Fury is the hard-as-nails director of S. Natural ind...
  Pexels: trovata foto di Gallery BY IMAN
  Immagine: 23044 bytes
  Server: static/avatars/detective/nick_fury_hf254.png
  Android drawables: char_nick_fury_hf254.png
  characters.py aggiornato per 'nick_fury_hf254'
  ✅ Avatar salvato!

============================================================
Generazione: Shinji Ikari (shinji_ikari_hf255)
============================================================
  Uso API gratuita: free
  Prompt: Candid snapshot of a young man, around 22 years old, Dementia, Shinji Ikari is a reluctant, introverted teenager who pil...
  Pexels: trovata foto di Kindel Media
  Immagine: 35897 bytes
  Server: static/avatars/anime/shinji_ikari_hf255.png
  Android drawables: char_shinji_ikari_hf255.png
  characters.py aggiornato per 'shinji_ikari_hf255'
  ✅ Avatar salvato!

============================================================
Generazione: Charles Darwin (charles_darwin_hf256)
============================================================
  Uso API gratuita: free
  Prompt: Candid snapshot of a young man, around 22 years old, Geospatial Analyses of Fieldwork by..., Charles Darwin was a Britis...
  Pexels: trovata foto di Bulat843 🌙
  Immagine: 61716 bytes
  Server: static/avatars/creativi/charles_darwin_hf256.png
  Android drawables: char_charles_darwin_hf256.png
  characters.py aggiornato per 'charles_darwin_hf256'
  ✅ Avatar salvato!

============================================================
Generazione: Luminitsa (luminitsa_hf257)
============================================================
  Uso API gratuita: free
  Prompt: Candid snapshot of a young woman, around 29 years old, Romani Mythology, Luminitsa is a mythical figure associated with ...
  Pexels: trovata foto di Pedro Dias
  Immagine: 62350 bytes
  Server: static/avatars/fantasy/luminitsa_hf257.png
  Android drawables: char_luminitsa_hf257.png
  characters.py aggiornato per 'luminitsa_hf257'
  ✅ Avatar salvato!

============================================================
Generazione: Sheriff Lucas Hood (sheriff_lucas_hood_hf258)
============================================================
  Uso API gratuita: free
  Prompt: Candid snapshot of a mature man, around 32 years old, Weird Western, Sheriff Lucas Hood is a former thief who assumes th...
  Pexels: trovata foto di Sammie Sander
  Immagine: 29954 bytes
  Server: static/avatars/viaggi/sheriff_lucas_hood_hf258.png
  Android drawables: char_sheriff_lucas_hood_hf258.png
  characters.py aggiornato per 'sheriff_lucas_hood_hf258'
  ✅ Avatar salvato!

============================================================
Generazione: American Splendor (american_splendor_hf259)
============================================================
  Uso API gratuita: free
  Prompt: Candid snapshot of a young man, around 21 years old, Autobiography, Harvey Pekar is the protagonist of \. Natural indoor...
  Pexels: trovata foto di annmteu
  Immagine: 22044 bytes
  Server: static/avatars/quotidiano/american_splendor_hf259.png
  Android drawables: char_american_splendor_hf259.png
  characters.py aggiornato per 'american_splendor_hf259'
  ✅ Avatar salvato!

============================================================
Generazione: LeVar Burton (levar_burton_hf260)
============================================================
  Uso API gratuita: free
  Prompt: Candid snapshot of a young man, around 27 years old, Infotainment Shows, LeVar Burton is an American actor, presenter, a...
  Pexels: trovata foto di Eduardo López
  Immagine: 30721 bytes
  Server: static/avatars/creativi/levar_burton_hf260.png
  Android drawables: char_levar_burton_hf260.png
  characters.py aggiornato per 'levar_burton_hf260'
  ✅ Avatar salvato!

============================================================
Generazione: Captain Edmund Blackadder (captain_edmund_blackadder_hf261)
============================================================
  Uso API gratuita: free
  Prompt: Candid snapshot of a mature man, around 35 years old, Historical Comedies, Captain Edmund Blackadder is the cynical and ...
  Pexels: trovata foto di Hakan Tunc
  Immagine: 44298 bytes
  Server: static/avatars/storia/captain_edmund_blackadder_hf261.png
  Android drawables: char_captain_edmund_blackadder_hf261.png
  characters.py aggiornato per 'captain_edmund_blackadder_hf261'
  ✅ Avatar salvato!

============================================================
Generazione: Alexia Tarabotti (alexia_tarabotti_hf262)
============================================================
  Uso API gratuita: free
  Prompt: Candid snapshot of a mature woman, around 30 years old, Gaslamp Fantasy, Alexia Tarabotti is the protagonist of Gail Car...
  Pexels: trovata foto di Lisa from Pexels
  Immagine: 20619 bytes
  Server: static/avatars/fantasy/alexia_tarabotti_hf262.png
  Android drawables: char_alexia_tarabotti_hf262.png
  characters.py aggiornato per 'alexia_tarabotti_hf262'
  ✅ Avatar salvato!

============================================================
Generazione: Lucero Mundo (lucero_mundo_hf263)
============================================================
  Uso API gratuita: free
  Prompt: Candid snapshot of a mature man, around 32 years old, Palo Mayombe, Lucero Mundo is a powerful deity in the Palo Mayombe...
  Pexels: trovata foto di LekePOV
  Immagine: 39402 bytes
  Server: static/avatars/fantasy/lucero_mundo_hf263.png
  Android drawables: char_lucero_mundo_hf263.png
  characters.py aggiornato per 'lucero_mundo_hf263'
  ✅ Avatar salvato!

============================================================
Generazione: Joel Miller (joel_miller_hf264)
============================================================
  Uso API gratuita: free
  Prompt: Candid snapshot of a young man, around 24 years old, Survival, Joel Miller is one of the main characters in The Last of ...
  Pexels: trovata foto di Sara Alder
  Immagine: 34639 bytes
  Server: static/avatars/sopravvivenza/joel_miller_hf264.png
  Android drawables: char_joel_miller_hf264.png
  characters.py aggiornato per 'joel_miller_hf264'
  ✅ Avatar salvato!

============================================================
Generazione: Rusty Rivet (rusty_rivet_hf265)
============================================================
  Uso API gratuita: free
  Prompt: Candid snapshot of a mature man, around 30 years old, Steampunk Card Games, Rusty Rivet is a gifted mechanic and a self-...
  Pexels: trovata foto di Tima Miroshnichenko
  Immagine: 23888 bytes
  Server: static/avatars/sci-fi/rusty_rivet_hf265.png
  Android drawables: char_rusty_rivet_hf265.png
  characters.py aggiornato per 'rusty_rivet_hf265'
  ✅ Avatar salvato!

============================================================
Generazione: Ted Turner (ted_turner_hf266)
============================================================
  Uso API gratuita: free
  Prompt: Candid snapshot of a young man, around 22 years old, Philanthropist Biography, Ted Turner is an American media mogul and...
  Pexels: trovata foto di annmteu
  Immagine: 22044 bytes
  Server: static/avatars/quotidiano/ted_turner_hf266.png
  Android drawables: char_ted_turner_hf266.png
  characters.py aggiornato per 'ted_turner_hf266'
  ✅ Avatar salvato!

============================================================
Generazione: Jason (jason_hf267)
============================================================
  Uso API gratuita: free
  Prompt: Candid snapshot of a mature man, around 35 years old, Historical Myths, Jason is a hero from Greek mythology, best known...
  Pexels: trovata foto di Peter Dyllong
  Immagine: 33483 bytes
  Server: static/avatars/storia/jason_hf267.png
  Android drawables: char_jason_hf267.png
  characters.py aggiornato per 'jason_hf267'
  ✅ Avatar salvato!

============================================================
Generazione: Sam Porter Bridges (sam_porter_bridges_hf268)
============================================================
  Uso API gratuita: free
  Prompt: Candid snapshot of a young man, around 18 years old, Post-Apocalyptic Board Games, Sam Porter Bridges is the protagonist...
  Pexels: trovata foto di cottonbro studio
  Immagine: 27252 bytes
  Server: static/avatars/sopravvivenza/sam_porter_bridges_hf268.png
  Android drawables: char_sam_porter_bridges_hf268.png
  characters.py aggiornato per 'sam_porter_bridges_hf268'
  ✅ Avatar salvato!

============================================================
Generazione: Evelyn Salt (evelyn_salt_hf269)
============================================================
  Uso API gratuita: free
  Prompt: Candid snapshot of a mature woman, around 35 years old, Political Thriller Short Stories, Evelyn Salt is a highly skille...
  Pexels: trovata foto di cottonbro studio
  Immagine: 18408 bytes
  Server: static/avatars/detective/evelyn_salt_hf269.png
  Android drawables: char_evelyn_salt_hf269.png
  characters.py aggiornato per 'evelyn_salt_hf269'
  ✅ Avatar salvato!

============================================================
Generazione: Hedda Gabler (hedda_gabler_hf270)
============================================================
  Uso API gratuita: free
  Prompt: Candid snapshot of a young woman, around 21 years old, Postmodern Play, Hedda Gabler is the enigmatic and manipulative p...
  Pexels: trovata foto di Wolrider YURTSEVEN
  Immagine: 30817 bytes
  Server: static/avatars/creativi/hedda_gabler_hf270.png
  Android drawables: char_hedda_gabler_hf270.png
  characters.py aggiornato per 'hedda_gabler_hf270'
  ✅ Avatar salvato!

============================================================
Generazione: Arthur's Fist (arthur_s_fist_hf271)
============================================================
  Uso API gratuita: free
  Prompt: Candid snapshot of a young man, around 24 years old, Character-Based Memes Blogs, Arthur's Fist is a meme that features ...
  Pexels: trovata foto di Ilyasick Photo
  Immagine: 18347 bytes
  Server: static/avatars/creativi/arthur_s_fist_hf271.png
  Android drawables: char_arthur_s_fist_hf271.png
  characters.py aggiornato per 'arthur_s_fist_hf271'
  ✅ Avatar salvato!

============================================================
Generazione: James Watson (james_watson_hf272)
============================================================
  Uso API gratuita: free
  Prompt: Candid snapshot of a mature man, around 31 years old, Famous Scientists Blogs, James Watson is an American molecular bio...
  Pexels: trovata foto di Mikhail Nilov
  Immagine: 26766 bytes
  Server: static/avatars/creativi/james_watson_hf272.png
  Android drawables: char_james_watson_hf272.png
  characters.py aggiornato per 'james_watson_hf272'
  ✅ Avatar salvato!

============================================================
Generazione: Xenomorph (xenomorph_hf273)
============================================================
  Uso API gratuita: free
  Prompt: Candid snapshot of a mature man, around 34 years old, Monster Films, The Xenomorph is a terrifying extraterrestrial crea...
  Pexels: trovata foto di Crownox
  Immagine: 47403 bytes
  Server: static/avatars/intrattenimento/xenomorph_hf273.png
  Android drawables: char_xenomorph_hf273.png
  characters.py aggiornato per 'xenomorph_hf273'
  ✅ Avatar salvato!

============================================================
Generazione: Catherine the Great (catherine_the_great_hf274)
============================================================
  Uso API gratuita: free
  Prompt: Candid snapshot of a young woman, around 28 years old, Historical Dissertations, Catherine the Great was the Empress of ...
  Pexels: trovata foto di shahin khalaji
  Immagine: 28702 bytes
  Server: static/avatars/storia/catherine_the_great_hf274.png
  Android drawables: char_catherine_the_great_hf274.png
  characters.py aggiornato per 'catherine_the_great_hf274'
  ✅ Avatar salvato!

============================================================
Generazione: Ken Kaneki (ken_kaneki_hf275)
============================================================
  Uso API gratuita: free
  Prompt: Candid snapshot of a young man, around 28 years old, Mind Games, Ken Kaneki is the main character of the manga series \....
  Pexels: trovata foto di pratik prasad
  Immagine: 26208 bytes
  Server: static/avatars/anime/ken_kaneki_hf275.png
  Android drawables: char_ken_kaneki_hf275.png
  characters.py aggiornato per 'ken_kaneki_hf275'
  ✅ Avatar salvato!

============================================================
Generazione: Dorothy Gale (dorothy_gale_hf276)
============================================================
  Uso API gratuita: free
  Prompt: Candid snapshot of a young woman, around 22 years old, Children's Book Characters Blogs, Dorothy Gale is a young girl fr...
  Pexels: trovata foto di Chandru Charlie
  Immagine: 61883 bytes
  Server: static/avatars/quotidiano/dorothy_gale_hf276.png
  Android drawables: char_dorothy_gale_hf276.png
  characters.py aggiornato per 'dorothy_gale_hf276'
  ✅ Avatar salvato!

============================================================
Generazione: Totoro (totoro_hf277)
============================================================
  Uso API gratuita: free
  Prompt: Candid snapshot of a mature man, around 35 years old, Chibi and SD (Super Deformed), Totoro is a large, friendly forest ...
  Pexels: trovata foto di Bùi Hoàng Long
  Immagine: 39247 bytes
  Server: static/avatars/anime/totoro_hf277.png
  Android drawables: char_totoro_hf277.png
  characters.py aggiornato per 'totoro_hf277'
  ✅ Avatar salvato!

============================================================
Generazione: Jin Sakai (jin_sakai_hf278)
============================================================
  Uso API gratuita: free
  Prompt: Candid snapshot of a young man, around 22 years old, Remake Game, Jin Sakai is a samurai warrior who becomes the Ghost, ...
  Pexels: trovata foto di Leonardo Gabriel
  Immagine: 40883 bytes
  Server: static/avatars/gamer/jin_sakai_hf278.png
  Android drawables: char_jin_sakai_hf278.png
  characters.py aggiornato per 'jin_sakai_hf278'
  ✅ Avatar salvato!

============================================================
Generazione: Bigby Wolf (bigby_wolf_hf279)
============================================================
  Uso API gratuita: free
  Prompt: Candid snapshot of a young man, around 26 years old, Apocalyptic, Bigby Wolf, also known as the Big Bad Wolf, is a centr...
  Pexels: trovata foto di Ángel Ramírez Flores
  Immagine: 33572 bytes
  Server: static/avatars/creativi/bigby_wolf_hf279.png
  Android drawables: char_bigby_wolf_hf279.png
  characters.py aggiornato per 'bigby_wolf_hf279'
  ✅ Avatar salvato!

============================================================
Generazione: Kotan-kor-kamuy (kotan_kor_kamuy_hf280)
============================================================
  Uso API gratuita: free
  Prompt: Candid snapshot of a mature man, around 32 years old, Ainu Mythology, Kotan-kor-kamuy, also known as the \. Natural indo...
  Pexels: trovata foto di Vanessa Pozos
  Immagine: 59775 bytes
  Server: static/avatars/fantasy/kotan_kor_kamuy_hf280.png
  Android drawables: char_kotan_kor_kamuy_hf280.png
  characters.py aggiornato per 'kotan_kor_kamuy_hf280'
  ✅ Avatar salvato!

============================================================
Generazione: The Bunny Man (the_bunny_man_hf281)
============================================================
  Uso API gratuita: free
  Prompt: Candid snapshot of a young man, around 24 years old, Vanishing hitchhikers, The Bunny Man is an urban legend from Virgin...
  Pexels: trovata foto di Nishant Aneja
  Immagine: 83575 bytes
  Server: static/avatars/creativi/the_bunny_man_hf281.png
  Android drawables: char_the_bunny_man_hf281.png
  characters.py aggiornato per 'the_bunny_man_hf281'
  ✅ Avatar salvato!

============================================================
Generazione: Elena Gilbert (elena_gilbert_hf282)
============================================================
  Uso API gratuita: free
  Prompt: Candid snapshot of a young woman, around 23 years old, Paranormal Newspapers, Elena Gilbert is the main protagonist of \...
  Pexels: trovata foto di SB
  Immagine: 35569 bytes
  Server: static/avatars/creativi/elena_gilbert_hf282.png
  Android drawables: char_elena_gilbert_hf282.png
  characters.py aggiornato per 'elena_gilbert_hf282'
  ✅ Avatar salvato!

============================================================
Generazione: Judy Hopps (judy_hopps_hf283)
============================================================
  Uso API gratuita: free
  Prompt: Candid snapshot of a young woman, around 19 years old, Animated Characters Blogs, Judy Hopps is an optimistic and determ...
  Pexels: trovata foto di Eduard Sheryshev
  Immagine: 26026 bytes
  Server: static/avatars/creativi/judy_hopps_hf283.png
  Android drawables: char_judy_hopps_hf283.png
  characters.py aggiornato per 'judy_hopps_hf283'
  ✅ Avatar salvato!

============================================================
Generazione: Ono no Komachi (ono_no_komachi_hf284)
============================================================
  Uso API gratuita: free
  Prompt: Candid snapshot of a mature man, around 35 years old, Kabuki Theatre, Ono no Komachi is a legendary poet and beauty from...
  Pexels: trovata foto di cottonbro studio
  Immagine: 38728 bytes
  Server: static/avatars/creativi/ono_no_komachi_hf284.png
  Android drawables: char_ono_no_komachi_hf284.png
  characters.py aggiornato per 'ono_no_komachi_hf284'
  ✅ Avatar salvato!

============================================================
Generazione: Alex West (alex_west_hf285)
============================================================
  Uso API gratuita: free
  Prompt: Candid snapshot of a mature man, around 34 years old, Prison Escape Films, Alex West is a charming and skilled treasure ...
  Pexels: trovata foto di Ron Lach
  Immagine: 28220 bytes
  Server: static/avatars/intrattenimento/alex_west_hf285.png
  Android drawables: char_alex_west_hf285.png
  characters.py aggiornato per 'alex_west_hf285'
  ✅ Avatar salvato!

============================================================
Generazione: Hayate (hayate_hf286)
============================================================
  Uso API gratuita: free
  Prompt: Candid snapshot of a mature man, around 31 years old, Ninja Game, Hayate, also known as Ein, is a prominent ninja from t...
  Pexels: trovata foto di Azis Js
  Immagine: 13839 bytes
  Server: static/avatars/gamer/hayate_hf286.png
  Android drawables: char_hayate_hf286.png
  characters.py aggiornato per 'hayate_hf286'
  ✅ Avatar salvato!

============================================================
Generazione: Sir Graham (sir_graham_hf287)
============================================================
  Uso API gratuita: free
  Prompt: Candid snapshot of a young man, around 26 years old, Classic Adventure, Sir Graham is the noble knight and protagonist o...
  Pexels: trovata foto di Alex Dos Santos
  Immagine: 26360 bytes
  Server: static/avatars/viaggi/sir_graham_hf287.png
  Android drawables: char_sir_graham_hf287.png
  characters.py aggiornato per 'sir_graham_hf287'
  ✅ Avatar salvato!

============================================================
Generazione: Gon Freecss (gon_freecss_hf288)
============================================================
  Uso API gratuita: free
  Prompt: Candid snapshot of a young man, around 28 years old, Legendary Heroes, Gon Freecss is the main protagonist of the manga ...
  Pexels: trovata foto di Sammie Sander
  Immagine: 37199 bytes
  Server: static/avatars/anime/gon_freecss_hf288.png
  Android drawables: char_gon_freecss_hf288.png
  characters.py aggiornato per 'gon_freecss_hf288'
  ✅ Avatar salvato!

============================================================
Generazione: The Player Queen (the_player_queen_hf289)
============================================================
  Uso API gratuita: free
  Prompt: Candid snapshot of a young woman, around 18 years old, Play within a Play, The Player Queen is a character in the play \...
  Pexels: trovata foto di Maria Luiza  Melo
  Immagine: 33935 bytes
  Server: static/avatars/creativi/the_player_queen_hf289.png
  Android drawables: char_the_player_queen_hf289.png
  characters.py aggiornato per 'the_player_queen_hf289'
  ✅ Avatar salvato!

============================================================
Generazione: The Shoemaker (the_shoemaker_hf290)
============================================================
  Uso API gratuita: free
  Prompt: Candid snapshot of a young man, around 20 years old, Folk Tales, The Shoemaker is a hardworking but poor man who, along ...
  Pexels: trovata foto di William Xin
  Immagine: 48990 bytes
  Server: static/avatars/fantasy/the_shoemaker_hf290.png
  Android drawables: char_the_shoemaker_hf290.png
  characters.py aggiornato per 'the_shoemaker_hf290'
  ✅ Avatar salvato!

============================================================
Generazione: Moon Knight (Marc Spector) (moon_knight_marc_spector_hf291)
============================================================
  Uso API gratuita: free
  Prompt: Candid snapshot of a mature man, around 32 years old, Dark Fantasy, Marc Spector, also known as Moon Knight, is a Marvel...
  Pexels: trovata foto di Ivan Siarbolin
  Immagine: 55061 bytes
  Server: static/avatars/fantasy/moon_knight_marc_spector_hf291.png
  Android drawables: char_moon_knight_marc_spector_hf291.png
  characters.py aggiornato per 'moon_knight_marc_spector_hf291'
  ✅ Avatar salvato!

============================================================
Generazione: Evelyn Applebaum (evelyn_applebaum_hf292)
============================================================
  Uso API gratuita: free
  Prompt: Candid snapshot of a young man, around 20 years old, Tycoon, Evelyn Applebaum is the CEO and lead designer in Fashion Ty...
  Pexels: trovata foto di Ahmet Muhtar Taşkaya
  Immagine: 71495 bytes
  Server: static/avatars/gamer/evelyn_applebaum_hf292.png
  Android drawables: char_evelyn_applebaum_hf292.png
  characters.py aggiornato per 'evelyn_applebaum_hf292'
  ✅ Avatar salvato!

============================================================
Generazione: Samantha Jones (samantha_jones_hf293)
============================================================
  Uso API gratuita: free
  Prompt: Candid snapshot of a mature woman, around 35 years old, Pop Culture Analysis Magazines, Samantha Jones is a prominent ch...
  Pexels: trovata foto di Daniil Kondrashin
  Immagine: 36149 bytes
  Server: static/avatars/creativi/samantha_jones_hf293.png
  Android drawables: char_samantha_jones_hf293.png
  characters.py aggiornato per 'samantha_jones_hf293'
  ✅ Avatar salvato!

============================================================
Generazione: Kull of Atlantis (kull_of_atlantis_hf294)
============================================================
  Uso API gratuita: free
  Prompt: Candid snapshot of a young man, around 20 years old, Heroic Fantasy Short Stories, Kull of Atlantis, also known as Kull ...
  Pexels: trovata foto di Leah Morillon
  Immagine: 36881 bytes
  Server: static/avatars/fantasy/kull_of_atlantis_hf294.png
  Android drawables: char_kull_of_atlantis_hf294.png
  characters.py aggiornato per 'kull_of_atlantis_hf294'
  ✅ Avatar salvato!

============================================================
Generazione: Jackie Robinson (jackie_robinson_hf295)
============================================================
  Uso API gratuita: free
  Prompt: Candid snapshot of a mature man, around 31 years old, Biographical Films, Jackie Robinson was the first African American...
  Pexels: trovata foto di jordan besson
  Immagine: 24118 bytes
  Server: static/avatars/intrattenimento/jackie_robinson_hf295.png
  Android drawables: char_jackie_robinson_hf295.png
  characters.py aggiornato per 'jackie_robinson_hf295'
  ✅ Avatar salvato!

============================================================
Generazione: Chibchan (chibchan_hf296)
============================================================
  Uso API gratuita: free
  Prompt: Candid snapshot of a young man, around 28 years old, Chorotega Mythology, Chibchan is a sun god in Chorotega mythology, ...
  Pexels: trovata foto di Yogesh Khond
  Immagine: 43956 bytes
  Server: static/avatars/fantasy/chibchan_hf296.png
  Android drawables: char_chibchan_hf296.png
  characters.py aggiornato per 'chibchan_hf296'
  ✅ Avatar salvato!

============================================================
Generazione: Pat Novak (pat_novak_hf297)
============================================================
  Uso API gratuita: free
  Prompt: Candid snapshot of a young man, around 24 years old, Noir Short Stories, Pat Novak is a tough, cynical private investiga...
  Errore Pexels: HTTP 429
  Immagine: 38622 bytes
  Server: static/avatars/detective/pat_novak_hf297.png
  Android drawables: char_pat_novak_hf297.png
  characters.py aggiornato per 'pat_novak_hf297'
  ✅ Avatar salvato!

============================================================
Generazione: The Trickster (the_trickster_hf298)
============================================================
  Uso API gratuita: free
  Prompt: Candid snapshot of a young man, around 22 years old, Character Tropes Examinations, The Trickster is a clever and mischi...
  Pexels: trovata foto di Valentin Ivantsov
  Immagine: 54153 bytes
  Server: static/avatars/creativi/the_trickster_hf298.png
  Android drawables: char_the_trickster_hf298.png
  characters.py aggiornato per 'the_trickster_hf298'
  ✅ Avatar salvato!

============================================================
Generazione: Jaina Proudmoore (jaina_proudmoore_hf299)
============================================================
  Uso API gratuita: free
  Prompt: Candid snapshot of a young woman, around 27 years old, Digital Card Games, Jaina Proudmoore is the Mage hero in the digi...
  Errore Pexels: HTTP 429
  Immagine: 59050 bytes
  Server: static/avatars/gamer/jaina_proudmoore_hf299.png
  Android drawables: char_jaina_proudmoore_hf299.png
  characters.py aggiornato per 'jaina_proudmoore_hf299'
  ✅ Avatar salvato!

============================================================
Generazione: Alexia (alexia_hf300)
============================================================
  Uso API gratuita: free
  Prompt: Candid snapshot of a young woman, around 21 years old, Body Horror Films, Alexia is a woman with a titanium plate in her...
  Pexels: trovata foto di Ericka Sánchez
  Immagine: 43897 bytes
  Server: static/avatars/horror/alexia_hf300.png
  Android drawables: char_alexia_hf300.png
  characters.py aggiornato per 'alexia_hf300'
  ✅ Avatar salvato!

============================================================
Generazione: Xonaxi Quecuya (xonaxi_quecuya_hf301)
============================================================
  Uso API gratuita: free
  Prompt: Candid snapshot of a mature woman, around 34 years old, Zapotec Mythology, Xonaxi Quecuya is the goddess of earthquakes ...
  Pexels: trovata foto di Edgar Santos T.
  Immagine: 90751 bytes
  Server: static/avatars/fantasy/xonaxi_quecuya_hf301.png
  Android drawables: char_xonaxi_quecuya_hf301.png
  characters.py aggiornato per 'xonaxi_quecuya_hf301'
  ✅ Avatar salvato!

============================================================
Generazione: Helen Thomas (helen_thomas_hf302)
============================================================
  Uso API gratuita: free
  Prompt: Candid snapshot of a young woman, around 25 years old, Journalistic Biography, Helen Thomas was a trailblazing American ...
  Errore Pexels: HTTP 429
  Immagine: 44253 bytes
  Server: static/avatars/quotidiano/helen_thomas_hf302.png
  Android drawables: char_helen_thomas_hf302.png
  characters.py aggiornato per 'helen_thomas_hf302'
  ✅ Avatar salvato!

============================================================
Generazione: Edmund Tyrone (edmund_tyrone_hf303)
============================================================
  Uso API gratuita: free
  Prompt: Candid snapshot of a mature man, around 34 years old, Naturalist Play, Edmund Tyrone is a character in Eugene O'Neill's ...
  Pexels: trovata foto di cottonbro studio
  Immagine: 57782 bytes
  Server: static/avatars/creativi/edmund_tyrone_hf303.png
  Android drawables: char_edmund_tyrone_hf303.png
  characters.py aggiornato per 'edmund_tyrone_hf303'
  ✅ Avatar salvato!

============================================================
Generazione: J. Robert Oppenheimer (j_robert_oppenheimer_hf304)
============================================================
  Uso API gratuita: free
  Prompt: Candid snapshot of a young man, around 24 years old, Systematic Reviews of Literature by..., J. Natural indoor lighting ...
  Pexels: trovata foto di Ron Lach
  Immagine: 35473 bytes
  Server: static/avatars/creativi/j_robert_oppenheimer_hf304.png
  Android drawables: char_j_robert_oppenheimer_hf304.png
  characters.py aggiornato per 'j_robert_oppenheimer_hf304'
  ✅ Avatar salvato!

============================================================
Generazione: Roseanne Conner (roseanne_conner_hf305)
============================================================
  Uso API gratuita: free
  Prompt: Candid snapshot of a young man, around 21 years old, Family Sitcoms, Roseanne Conner is the outspoken, no-nonsense matri...
  Pexels: trovata foto di Alexander Krivitskiy
  Immagine: 66072 bytes
  Server: static/avatars/amicizia/roseanne_conner_hf305.png
  Android drawables: char_roseanne_conner_hf305.png
  characters.py aggiornato per 'roseanne_conner_hf305'
  ✅ Avatar salvato!

============================================================
Generazione: Shadowhawk (shadowhawk_hf306)
============================================================
  Uso API gratuita: free
  Prompt: Candid snapshot of a young man, around 23 years old, Fantasy, Shadowhawk is a vigilante superhero known for his distinct...
  Pexels: trovata foto di Vintage Lenses
  Immagine: 42269 bytes
  Server: static/avatars/fantasy/shadowhawk_hf306.png
  Android drawables: char_shadowhawk_hf306.png
  characters.py aggiornato per 'shadowhawk_hf306'
  ✅ Avatar salvato!

============================================================
Generazione: Yuno Gasai (yuno_gasai_hf307)
============================================================
  Uso API gratuita: free
  Prompt: Candid snapshot of a young man, around 20 years old, Time Travel, Yuno Gasai is a high school student and a participant ...
  Pexels: trovata foto di Ruslan Alekso
  Immagine: 15468 bytes
  Server: static/avatars/sci-fi/yuno_gasai_hf307.png
  Android drawables: char_yuno_gasai_hf307.png
  characters.py aggiornato per 'yuno_gasai_hf307'
  ✅ Avatar salvato!

============================================================
Generazione: Chris Sawyer (chris_sawyer_hf308)
============================================================
  Uso API gratuita: free
  Prompt: Candid snapshot of a young man, around 19 years old, Tycoon, Chris Sawyer is the developer behind Transport Tycoon, a cl...
  Pexels: trovata foto di Спиридон Варфаламеев
  Immagine: 23273 bytes
  Server: static/avatars/gamer/chris_sawyer_hf308.png
  Android drawables: char_chris_sawyer_hf308.png
  characters.py aggiornato per 'chris_sawyer_hf308'
  ✅ Avatar salvato!

============================================================
Generazione: Lou Bloom (lou_bloom_hf309)
============================================================
  Uso API gratuita: free
  Prompt: Candid snapshot of a young man, around 20 years old, Financial Thrillers, Lou Bloom is a driven, sociopathic freelance j...
  Errore Pexels: HTTP 429
  Immagine: 44714 bytes
  Server: static/avatars/detective/lou_bloom_hf309.png
  Android drawables: char_lou_bloom_hf309.png
  characters.py aggiornato per 'lou_bloom_hf309'
  ✅ Avatar salvato!

============================================================
Generazione: Ricki Lake (ricki_lake_hf310)
============================================================
  Uso API gratuita: free
  Prompt: Candid snapshot of a young man, around 20 years old, Tabloid Talk Shows, Ricki Lake is the host of \. Natural indoor lig...
  Pexels: trovata foto di cottonbro studio
  Immagine: 26301 bytes
  Server: static/avatars/creativi/ricki_lake_hf310.png
  Android drawables: char_ricki_lake_hf310.png
  characters.py aggiornato per 'ricki_lake_hf310'
  ✅ Avatar salvato!

============================================================
Generazione: Aladdin (aladdin_hf311)
============================================================
  Uso API gratuita: free
  Prompt: Candid snapshot of a young man, around 26 years old, Folk Tales, Aladdin is a clever and resourceful young man who finds...
  Pexels: trovata foto di William Xin
  Immagine: 48990 bytes
  Server: static/avatars/fantasy/aladdin_hf311.png
  Android drawables: char_aladdin_hf311.png
  characters.py aggiornato per 'aladdin_hf311'
  ✅ Avatar salvato!

============================================================
Generazione: Richard Feynman (richard_feynman_hf312)
============================================================
  Uso API gratuita: free
  Prompt: Candid snapshot of a mature man, around 32 years old, Critical Reviews of Theories by..., Richard Feynman was an America...
  Pexels: trovata foto di Tima Miroshnichenko
  Immagine: 26329 bytes
  Server: static/avatars/creativi/richard_feynman_hf312.png
  Android drawables: char_richard_feynman_hf312.png
  characters.py aggiornato per 'richard_feynman_hf312'
  ✅ Avatar salvato!

============================================================
Generazione: Maya Angelou (maya_angelou_hf313)
============================================================
  Uso API gratuita: free
  Prompt: Candid snapshot of a young woman, around 18 years old, Motivational Biography, Maya Angelou was an American poet, memoir...
  Errore Pexels: HTTP 429
  Immagine: 38586 bytes
  Server: static/avatars/quotidiano/maya_angelou_hf313.png
  Android drawables: char_maya_angelou_hf313.png
  characters.py aggiornato per 'maya_angelou_hf313'
  ✅ Avatar salvato!

============================================================
Generazione: Meredith Grey (meredith_grey_hf314)
============================================================
  Uso API gratuita: free
  Prompt: Candid snapshot of a young man, around 28 years old, Character-Centric Wedding Blogs, Meredith Grey is the central chara...
  Pexels: trovata foto di annmteu
  Immagine: 43536 bytes
  Server: static/avatars/creativi/meredith_grey_hf314.png
  Android drawables: char_meredith_grey_hf314.png
  characters.py aggiornato per 'meredith_grey_hf314'
  ✅ Avatar salvato!

============================================================
Generazione: Sophie Zawistowska (sophie_zawistowska_hf315)
============================================================
  Uso API gratuita: free
  Prompt: Candid snapshot of a young man, around 27 years old, Religious Fiction, Sophie Zawistowska is a Polish Catholic survivor...
  Pexels: trovata foto di Alexander Bickov
  Immagine: 70049 bytes
  Server: static/avatars/creativi/sophie_zawistowska_hf315.png
  Android drawables: char_sophie_zawistowska_hf315.png
  characters.py aggiornato per 'sophie_zawistowska_hf315'
  ✅ Avatar salvato!

============================================================
Generazione: Black Canary (Dinah Lance) (black_canary_dinah_lance_hf316)
============================================================
  Uso API gratuita: free
  Prompt: Candid snapshot of a young man, around 23 years old, Music and Band, Dinah Lance, also known as Black Canary, is a super...
  Pexels: trovata foto di Ivan S
  Immagine: 38891 bytes
  Server: static/avatars/romantici/black_canary_dinah_lance_hf316.png
  Android drawables: char_black_canary_dinah_lance_hf316.png
  characters.py aggiornato per 'black_canary_dinah_lance_hf316'
  ✅ Avatar salvato!

============================================================
Generazione: Misaki Ayuzawa (misaki_ayuzawa_hf317)
============================================================
  Uso API gratuita: free
  Prompt: Candid snapshot of a mature man, around 32 years old, Dating Simulation, Misaki Ayuzawa is the strong-willed and hardwor...
  Errore Pexels: HTTP 429
  Immagine: 47885 bytes
  Server: static/avatars/gamer/misaki_ayuzawa_hf317.png
  Android drawables: char_misaki_ayuzawa_hf317.png
  characters.py aggiornato per 'misaki_ayuzawa_hf317'
  ✅ Avatar salvato!

============================================================
Generazione: Lisa Simpson (lisa_simpson_hf318)
============================================================
  Uso API gratuita: free
  Prompt: Candid snapshot of a mature woman, around 33 years old, Character-Driven Academic Blogs, Lisa Simpson is the highly inte...
  Pexels: trovata foto di Alexander Zvir
  Immagine: 29246 bytes
  Server: static/avatars/creativi/lisa_simpson_hf318.png
  Android drawables: char_lisa_simpson_hf318.png
  characters.py aggiornato per 'lisa_simpson_hf318'
  ✅ Avatar salvato!

============================================================
Generazione: Hermey the Elf (hermey_the_elf_hf319)
============================================================
  Uso API gratuita: free
  Prompt: Candid snapshot of a young man, around 23 years old, Holiday Specials, Hermey is an elf from \. Natural indoor lighting ...
  Pexels: trovata foto di Miguel Rodríguez
  Immagine: 40529 bytes
  Server: static/avatars/creativi/hermey_the_elf_hf319.png
  Android drawables: char_hermey_the_elf_hf319.png
  characters.py aggiornato per 'hermey_the_elf_hf319'
  ✅ Avatar salvato!

============================================================
Generazione: Sally Ride (sally_ride_hf320)
============================================================
  Uso API gratuita: free
  Prompt: Candid snapshot of a young woman, around 18 years old, Space Documentaries, Sally Ride was a physicist and astronaut who...
  Errore Pexels: HTTP 429
  Immagine: 59318 bytes
  Server: static/avatars/creativi/sally_ride_hf320.png
  Android drawables: char_sally_ride_hf320.png
  characters.py aggiornato per 'sally_ride_hf320'
  ✅ Avatar salvato!

============================================================
Generazione: Andrew Wiles (andrew_wiles_hf321)
============================================================
  Uso API gratuita: free
  Prompt: Candid snapshot of a young man, around 20 years old, Perspective Articles by or about Famous..., Sir Andrew Wiles is a B...
  Pexels: trovata foto di Anh Nguyen
  Immagine: 37653 bytes
  Server: static/avatars/creativi/andrew_wiles_hf321.png
  Android drawables: char_andrew_wiles_hf321.png
  characters.py aggiornato per 'andrew_wiles_hf321'
  ✅ Avatar salvato!

============================================================
Generazione: Brenda Starr (brenda_starr_hf322)
============================================================
  Uso API gratuita: free
  Prompt: Candid snapshot of a mature woman, around 33 years old, Broadsheet Newspapers, Brenda Starr is the glamorous and adventu...
  Pexels: trovata foto di Beyzanur K.
  Immagine: 36766 bytes
  Server: static/avatars/creativi/brenda_starr_hf322.png
  Android drawables: char_brenda_starr_hf322.png
  characters.py aggiornato per 'brenda_starr_hf322'
  ✅ Avatar salvato!

============================================================
Generazione: Beowulf (beowulf_hf323)
============================================================
  Uso API gratuita: free
  Prompt: Candid snapshot of a mature man, around 33 years old, Historical Poetry, Beowulf is the hero of the Old English epic poe...
  Pexels: trovata foto di Vitor Diniz
  Immagine: 21115 bytes
  Server: static/avatars/storia/beowulf_hf323.png
  Android drawables: char_beowulf_hf323.png
  characters.py aggiornato per 'beowulf_hf323'
  ✅ Avatar salvato!

============================================================
Generazione: Big Game Ben (big_game_ben_hf324)
============================================================
  Uso API gratuita: free
  Prompt: Candid snapshot of a mature woman, around 33 years old, Fishing and Hunting Magazines, Big Game Ben is a renowned big ga...
  Pexels: trovata foto di Vanessa Pozos
  Immagine: 28735 bytes
  Server: static/avatars/creativi/big_game_ben_hf324.png
  Android drawables: char_big_game_ben_hf324.png
  characters.py aggiornato per 'big_game_ben_hf324'
  ✅ Avatar salvato!

============================================================
Generazione: The Lost Cartographer (the_lost_cartographer_hf325)
============================================================
  Uso API gratuita: free
  Prompt: Candid snapshot of a young man, around 26 years old, Urban legends about urban explorers, The Lost Cartographer is an ur...
  Pexels: trovata foto di Xezer.Abd
  Immagine: 39758 bytes
  Server: static/avatars/creativi/the_lost_cartographer_hf325.png
  Android drawables: char_the_lost_cartographer_hf325.png
  characters.py aggiornato per 'the_lost_cartographer_hf325'
  ✅ Avatar salvato!

============================================================
Generazione: Haruyuki Arita (haruyuki_arita_hf326)
============================================================
  Uso API gratuita: free
  Prompt: Candid snapshot of a mature man, around 31 years old, Isekai, Haruyuki Arita is the main protagonist of \. Natural indoo...
  Pexels: trovata foto di Dima Valkov
  Immagine: 26362 bytes
  Server: static/avatars/fantasy/haruyuki_arita_hf326.png
  Android drawables: char_haruyuki_arita_hf326.png
  characters.py aggiornato per 'haruyuki_arita_hf326'
  ✅ Avatar salvato!

============================================================
Generazione: Tom Nook (tom_nook_hf327)
============================================================
  Uso API gratuita: free
  Prompt: Candid snapshot of a young man, around 18 years old, Casual, Tom Nook is the entrepreneurial raccoon who runs the local ...
  Errore Pexels: HTTP 429
  Immagine: 47116 bytes
  Server: static/avatars/gamer/tom_nook_hf327.png
  Android drawables: char_tom_nook_hf327.png
  characters.py aggiornato per 'tom_nook_hf327'
  ✅ Avatar salvato!

============================================================
Generazione: Promethea (Sophie Bangs) (promethea_sophie_bangs_hf328)
============================================================
  Uso API gratuita: free
  Prompt: Candid snapshot of a young woman, around 23 years old, Surrealism, Promethea, also known as Sophie Bangs, is the protago...
  Pexels: trovata foto di Rumeysa Sürücüoğlu
  Immagine: 309099 bytes
  Server: static/avatars/creativi/promethea_sophie_bangs_hf328.png
  Android drawables: char_promethea_sophie_bangs_hf328.png
  characters.py aggiornato per 'promethea_sophie_bangs_hf328'
  ✅ Avatar salvato!

============================================================
Generazione: Emily (emily_hf329)
============================================================
  Uso API gratuita: free
  Prompt: Candid snapshot of a mature man, around 34 years old, Magical Realism, Emily is the enigmatic protagonist of the \. Natu...
  Pexels: trovata foto di Ahmad Sulaiman
  Immagine: 30133 bytes
  Server: static/avatars/fantasy/emily_hf329.png
  Android drawables: char_emily_hf329.png
  characters.py aggiornato per 'emily_hf329'
  ✅ Avatar salvato!

============================================================
Generazione: Kiki (kiki_hf330)
============================================================
  Uso API gratuita: free
  Prompt: Candid snapshot of a young man, around 25 years old, Character-Inspired Recipes Blogs, Kiki is the young witch protagoni...
  Errore Pexels: HTTP 429
  Immagine: 41011 bytes
  Server: static/avatars/creativi/kiki_hf330.png
  Android drawables: char_kiki_hf330.png
  characters.py aggiornato per 'kiki_hf330'
  ✅ Avatar salvato!

============================================================
Generazione: Deadpool (deadpool_hf331)
============================================================
  Uso API gratuita: free
  Prompt: Candid snapshot of a young man, around 18 years old, Graphic Novels, Deadpool, or Wade Wilson, is a mercenary with a twi...
  Pexels: trovata foto di Ruslan Rozanov
  Immagine: 24822 bytes
  Server: static/avatars/creativi/deadpool_hf331.png
  Android drawables: char_deadpool_hf331.png
  characters.py aggiornato per 'deadpool_hf331'
  ✅ Avatar salvato!

============================================================
Generazione: Ainz Ooal Gown (Momonga) (ainz_ooal_gown_momonga_hf332)
============================================================
  Uso API gratuita: free
  Prompt: Candid snapshot of a mature man, around 35 years old, Virtual Reality, Ainz Ooal Gown, previously known as Momonga, is t...
  Pexels: trovata foto di SHVETS production
  Immagine: 25427 bytes
  Server: static/avatars/gamer/ainz_ooal_gown_momonga_hf332.png
  Android drawables: char_ainz_ooal_gown_momonga_hf332.png
  characters.py aggiornato per 'ainz_ooal_gown_momonga_hf332'
  ✅ Avatar salvato!

============================================================
Generazione: Carly Corinthos (carly_corinthos_hf333)
============================================================
  Uso API gratuita: free
  Prompt: Candid snapshot of a young woman, around 20 years old, Soap Operas, Carly Corinthos is a dynamic and often controversial...
  Pexels: trovata foto di Lily  Lili
  Immagine: 30640 bytes
  Server: static/avatars/creativi/carly_corinthos_hf333.png
  Android drawables: char_carly_corinthos_hf333.png
  characters.py aggiornato per 'carly_corinthos_hf333'
  ✅ Avatar salvato!

============================================================
Generazione: Rui (rui_hf334)
============================================================
  Uso API gratuita: free
  Prompt: Candid snapshot of a young man, around 23 years old, Demons, Rui is a Lower Rank Five demon in the Twelve Kizuki. Natura...
  Pexels: trovata foto di Heber Vazquez
  Immagine: 39939 bytes
  Server: static/avatars/anime/rui_hf334.png
  Android drawables: char_rui_hf334.png
  characters.py aggiornato per 'rui_hf334'
  ✅ Avatar salvato!

============================================================
Generazione: Lucy Hutton (lucy_hutton_hf335)
============================================================
  Uso API gratuita: free
  Prompt: Candid snapshot of a young woman, around 20 years old, Chick Lit, Lucy Hutton is a cheerful and ambitious young woman wh...
  Errore Pexels: HTTP 429
  Immagine: 52809 bytes
  Server: static/avatars/creativi/lucy_hutton_hf335.png
  Android drawables: char_lucy_hutton_hf335.png
  characters.py aggiornato per 'lucy_hutton_hf335'
  ✅ Avatar salvato!

============================================================
Generazione: Hollis (hollis_hf336)
============================================================
  Uso API gratuita: free
  Prompt: Candid snapshot of a young man, around 27 years old, Science Fiction Short Stories, Hollis is a character in Ray Bradbur...
  Pexels: trovata foto di Amr Osman
  Immagine: 29831 bytes
  Server: static/avatars/sci-fi/hollis_hf336.png
  Android drawables: char_hollis_hf336.png
  characters.py aggiornato per 'hollis_hf336'
  ✅ Avatar salvato!

============================================================
Generazione: Iron Man (iron_man_hf337)
============================================================
  Uso API gratuita: free
  Prompt: Candid snapshot of a young man, around 29 years old, Comic Book Hero Profiles, Iron Man, also known as Tony Stark, is a ...
  Pexels: trovata foto di Deepak Maurya
  Immagine: 30793 bytes
  Server: static/avatars/creativi/iron_man_hf337.png
  Android drawables: char_iron_man_hf337.png
  characters.py aggiornato per 'iron_man_hf337'
  ✅ Avatar salvato!

============================================================
Generazione: Giada De Laurentiis (giada_de_laurentiis_hf338)
============================================================
  Uso API gratuita: free
  Prompt: Candid snapshot of a young woman, around 28 years old, Lifestyle Shows, Giada De Laurentiis is an Italian-American chef ...
  Errore Pexels: HTTP 429
  Immagine: 45437 bytes
  Server: static/avatars/creativi/giada_de_laurentiis_hf338.png
  Android drawables: char_giada_de_laurentiis_hf338.png
  characters.py aggiornato per 'giada_de_laurentiis_hf338'
  ✅ Avatar salvato!

============================================================
Generazione: Mitchell Hundred (mitchell_hundred_hf339)
============================================================
  Uso API gratuita: free
  Prompt: Candid snapshot of a mature man, around 30 years old, Urban Fantasy, Mitchell Hundred, also known as The Great Machine, ...
  Pexels: trovata foto di Eduardo  González
  Immagine: 80097 bytes
  Server: static/avatars/fantasy/mitchell_hundred_hf339.png
  Android drawables: char_mitchell_hundred_hf339.png
  characters.py aggiornato per 'mitchell_hundred_hf339'
  ✅ Avatar salvato!

============================================================
Generazione: James Bond (james_bond_hf340)
============================================================
  Uso API gratuita: free
  Prompt: Candid snapshot of a young man, around 25 years old, Character Study Blogs, James Bond, also known by his code number 00...
  Pexels: trovata foto di Ömer  BÜLBÜL
  Immagine: 24347 bytes
  Server: static/avatars/creativi/james_bond_hf340.png
  Android drawables: char_james_bond_hf340.png
  characters.py aggiornato per 'james_bond_hf340'
  ✅ Avatar salvato!

============================================================
Generazione: Layla Hassan (layla_hassan_hf341)
============================================================
  Uso API gratuita: free
  Prompt: Candid snapshot of a mature woman, around 35 years old, Alternate Reality Game (ARG), Layla Hassan is a modern-day Assas...
  Pexels: trovata foto di Ron Lach
  Immagine: 26169 bytes
  Server: static/avatars/gamer/layla_hassan_hf341.png
  Android drawables: char_layla_hassan_hf341.png
  characters.py aggiornato per 'layla_hassan_hf341'
  ✅ Avatar salvato!

============================================================
Generazione: Father Damien Karras (father_damien_karras_hf342)
============================================================
  Uso API gratuita: free
  Prompt: Candid snapshot of a mature man, around 34 years old, Religious Fiction, Father Damien Karras is a Jesuit priest and psy...
  Pexels: trovata foto di Jimmy Elizarraras
  Immagine: 40014 bytes
  Server: static/avatars/creativi/father_damien_karras_hf342.png
  Android drawables: char_father_damien_karras_hf342.png
  characters.py aggiornato per 'father_damien_karras_hf342'
  ✅ Avatar salvato!

============================================================
Generazione: Ellen DeGeneres (ellen_degeneres_hf343)
============================================================
  Uso API gratuita: free
  Prompt: Candid snapshot of a young man, around 19 years old, Tabloid Talk Shows, Ellen DeGeneres is the host of \. Natural indoo...
  Pexels: trovata foto di cottonbro studio
  Immagine: 39143 bytes
  Server: static/avatars/creativi/ellen_degeneres_hf343.png
  Android drawables: char_ellen_degeneres_hf343.png
  characters.py aggiornato per 'ellen_degeneres_hf343'
  ✅ Avatar salvato!

============================================================
Generazione: Barachiel (barachiel_hf344)
============================================================
  Uso API gratuita: free
  Prompt: Candid snapshot of a mature man, around 31 years old, Kabbalistic Mythology, Barachiel, known as the \. Natural indoor l...
  Pexels: trovata foto di Vanessa Pozos
  Immagine: 59775 bytes
  Server: static/avatars/fantasy/barachiel_hf344.png
  Android drawables: char_barachiel_hf344.png
  characters.py aggiornato per 'barachiel_hf344'
  ✅ Avatar salvato!

============================================================
Generazione: William Wallace (william_wallace_hf345)
============================================================
  Uso API gratuita: free
  Prompt: Candid snapshot of a young man, around 19 years old, Epic Films, William Wallace is a Scottish knight who becomes one of...
  Errore Pexels: HTTP 429
  Immagine: 50602 bytes
  Server: static/avatars/intrattenimento/william_wallace_hf345.png
  Android drawables: char_william_wallace_hf345.png
  characters.py aggiornato per 'william_wallace_hf345'
  ✅ Avatar salvato!

============================================================
Generazione: Sigurd (Siegfried) (sigurd_siegfried_hf346)
============================================================
  Uso API gratuita: free
  Prompt: Candid snapshot of a young man, around 28 years old, Epic Poetry, Sigurd, also known as Siegfried in the \. Natural indo...
  Pexels: trovata foto di Ilya Komov
  Immagine: 137254 bytes
  Server: static/avatars/romantici/sigurd_siegfried_hf346.png
  Android drawables: char_sigurd_siegfried_hf346.png
  characters.py aggiornato per 'sigurd_siegfried_hf346'
  ✅ Avatar salvato!

============================================================
Generazione: Milo Bloom (milo_bloom_hf347)
============================================================
  Uso API gratuita: free
  Prompt: Candid snapshot of a young man, around 27 years old, Humor and Satire Magazines, Milo Bloom is a fictional character fro...
  Pexels: trovata foto di HANUMAN PHOTO STUDIO🏕️📸
  Immagine: 73854 bytes
  Server: static/avatars/intrattenimento/milo_bloom_hf347.png
  Android drawables: char_milo_bloom_hf347.png
  characters.py aggiornato per 'milo_bloom_hf347'
  ✅ Avatar salvato!

============================================================
Generazione: Ben Urich (ben_urich_hf348)
============================================================
  Uso API gratuita: free
  Prompt: Candid snapshot of a young man, around 21 years old, Bi-weekly Newspapers, Ben Urich is a seasoned investigative journal...
  Pexels: trovata foto di Feyza Yıldırım
  Immagine: 76791 bytes
  Server: static/avatars/creativi/ben_urich_hf348.png
  Android drawables: char_ben_urich_hf348.png
  characters.py aggiornato per 'ben_urich_hf348'
  ✅ Avatar salvato!

============================================================
Generazione: Jack-o'-Lantern (jack_o_lantern_hf349)
============================================================
  Uso API gratuita: free
  Prompt: Candid snapshot of a young man, around 26 years old, Mystery lights, The Jack-o'-Lantern is a figure from Irish folklore...
  Pexels: trovata foto di Sinitta Leunen
  Immagine: 9877 bytes
  Server: static/avatars/detective/jack_o_lantern_hf349.png
  Android drawables: char_jack_o_lantern_hf349.png
  characters.py aggiornato per 'jack_o_lantern_hf349'
  ✅ Avatar salvato!

============================================================
Generazione: Kara (kara_hf350)
============================================================
  Uso API gratuita: free
  Prompt: Candid snapshot of a young woman, around 28 years old, Interactive Fiction, Kara is one of the playable characters in \....
  Pexels: trovata foto di Joshua Roberts
  Immagine: 23220 bytes
  Server: static/avatars/gamer/kara_hf350.png
  Android drawables: char_kara_hf350.png
  characters.py aggiornato per 'kara_hf350'
  ✅ Avatar salvato!

============================================================
Generazione: The Judge (the_judge_hf351)
============================================================
  Uso API gratuita: free
  Prompt: Candid snapshot of a young man, around 21 years old, Horror Short Stories, The Judge is a malevolent spirit haunting an ...
  Errore Pexels: HTTP 429
  Immagine: 43015 bytes
  Server: static/avatars/horror/the_judge_hf351.png
  Android drawables: char_the_judge_hf351.png
  characters.py aggiornato per 'the_judge_hf351'
  ✅ Avatar salvato!

============================================================
Generazione: Raymond \ (raymond_red_reddington_hf352)
============================================================
  Uso API gratuita: free
  Prompt: Candid snapshot of a young man, around 27 years old, Psychological Thrillers, Raymond \. Natural indoor lighting from wi...
  Pexels: trovata foto di Hào Nguyễn
  Immagine: 208911 bytes
  Server: static/avatars/detective/raymond_red_reddington_hf352.png
  Android drawables: char_raymond_red_reddington_hf352.png
  characters.py aggiornato per 'raymond_red_reddington_hf352'
  ✅ Avatar salvato!

============================================================
Generazione: Takumi Aldini (takumi_aldini_hf353)
============================================================
  Uso API gratuita: free
  Prompt: Candid snapshot of a mature man, around 30 years old, Cooking, Takumi Aldini is an Italian-Japanese student at Totsuki C...
  Pexels: trovata foto di Iqbal farooz
  Immagine: 60305 bytes
  Server: static/avatars/cucina/takumi_aldini_hf353.png
  Android drawables: char_takumi_aldini_hf353.png
  characters.py aggiornato per 'takumi_aldini_hf353'
  ✅ Avatar salvato!

============================================================
Generazione: Gregor Mendel (gregor_mendel_hf354)
============================================================
  Uso API gratuita: free
  Prompt: Candid snapshot of a young man, around 23 years old, Discussion Papers on Controversial..., Gregor Mendel was an Austria...
  Pexels: trovata foto di Kindel Media
  Immagine: 52703 bytes
  Server: static/avatars/tecnici/gregor_mendel_hf354.png
  Android drawables: char_gregor_mendel_hf354.png
  characters.py aggiornato per 'gregor_mendel_hf354'
  ✅ Avatar salvato!

============================================================
Generazione: Mama Glo (mama_glo_hf355)
============================================================
  Uso API gratuita: free
  Prompt: Candid snapshot of a young woman, around 26 years old, Caribbean Mythology, Mama Glo, also known as Mama Dlo, is a water...
  Pexels: trovata foto di Pedro Dias
  Immagine: 62350 bytes
  Server: static/avatars/fantasy/mama_glo_hf355.png
  Android drawables: char_mama_glo_hf355.png
  characters.py aggiornato per 'mama_glo_hf355'
  ✅ Avatar salvato!

============================================================
Generazione: Kratos (kratos_hf356)
============================================================
  Uso API gratuita: free
  Prompt: Candid snapshot of a young man, around 19 years old, Mythology Game, Kratos is the main protagonist of the God of War se...
  Errore Pexels: HTTP 429
  Immagine: 50333 bytes
  Server: static/avatars/fantasy/kratos_hf356.png
  Android drawables: char_kratos_hf356.png
  characters.py aggiornato per 'kratos_hf356'
  ✅ Avatar salvato!

============================================================
Generazione: Ethan Winters (ethan_winters_hf357)
============================================================
  Uso API gratuita: free
  Prompt: Candid snapshot of a young man, around 19 years old, Atmospheric Game, Ethan Winters is the protagonist of \. Natural in...
  Pexels: trovata foto di Ryutaro Tsukata
  Immagine: 30730 bytes
  Server: static/avatars/gamer/ethan_winters_hf357.png
  Android drawables: char_ethan_winters_hf357.png
  characters.py aggiornato per 'ethan_winters_hf357'
  ✅ Avatar salvato!

============================================================
Generazione: Guy Fieri (guy_fieri_hf358)
============================================================
  Uso API gratuita: free
  Prompt: Candid snapshot of a mature man, around 33 years old, Reality Shows, Guy Fieri is a celebrity chef and television host k...
  Pexels: trovata foto di Diogo Cacito
  Immagine: 29407 bytes
  Server: static/avatars/creativi/guy_fieri_hf358.png
  Android drawables: char_guy_fieri_hf358.png
  characters.py aggiornato per 'guy_fieri_hf358'
  ✅ Avatar salvato!

============================================================
Generazione: Awonawilona (awonawilona_hf359)
============================================================
  Uso API gratuita: free
  Prompt: Candid snapshot of a young woman, around 22 years old, Zuni Mythology, Awonawilona is the supreme deity of Zuni mytholog...
  Errore Pexels: HTTP 429
  Immagine: 52376 bytes
  Server: static/avatars/fantasy/awonawilona_hf359.png
  Android drawables: char_awonawilona_hf359.png
  characters.py aggiornato per 'awonawilona_hf359'
  ✅ Avatar salvato!

============================================================
Generazione: Robin Soans (robin_soans_hf360)
============================================================
  Uso API gratuita: free
  Prompt: Candid snapshot of a young man, around 19 years old, Verbatim Theatre, Robin Soans is a playwright known for his verbati...
  Pexels: trovata foto di cottonbro studio
  Immagine: 24804 bytes
  Server: static/avatars/creativi/robin_soans_hf360.png
  Android drawables: char_robin_soans_hf360.png
  characters.py aggiornato per 'robin_soans_hf360'
  ✅ Avatar salvato!

============================================================
Generazione: Levi Ackerman (levi_ackerman_hf361)
============================================================
  Uso API gratuita: free
  Prompt: Candid snapshot of a mature man, around 31 years old, Corporate, Levi Ackerman is a captain in the Survey Corps, known f...
  Pexels: trovata foto di Vincent Santamaria
  Immagine: 38058 bytes
  Server: static/avatars/anime/levi_ackerman_hf361.png
  Android drawables: char_levi_ackerman_hf361.png
  characters.py aggiornato per 'levi_ackerman_hf361'
  ✅ Avatar salvato!

============================================================
Generazione: Eleanor of Aquitaine (eleanor_of_aquitaine_hf362)
============================================================
  Uso API gratuita: free
  Prompt: Candid snapshot of a young woman, around 29 years old, Political Intrigue Board Games, Eleanor of Aquitaine was a powerf...
  Pexels: trovata foto di Tima Miroshnichenko
  Immagine: 44568 bytes
  Server: static/avatars/gamer/eleanor_of_aquitaine_hf362.png
  Android drawables: char_eleanor_of_aquitaine_hf362.png
  characters.py aggiornato per 'eleanor_of_aquitaine_hf362'
  ✅ Avatar salvato!

============================================================
Generazione: Chris Gardner (chris_gardner_hf363)
============================================================
  Uso API gratuita: free
  Prompt: Candid snapshot of a mature man, around 34 years old, Autobiography, Chris Gardner is an American businessman and motiva...
  Pexels: trovata foto di Georgios Kournoutis
  Immagine: 24378 bytes
  Server: static/avatars/quotidiano/chris_gardner_hf363.png
  Android drawables: char_chris_gardner_hf363.png
  characters.py aggiornato per 'chris_gardner_hf363'
  ✅ Avatar salvato!

============================================================
Generazione: Ciri (ciri_hf364)
============================================================
  Uso API gratuita: free
  Prompt: Candid snapshot of a young man, around 21 years old, Fantasy Character Descriptions, Ciri, or Cirilla Fiona Elen Riannon...
  Errore Pexels: HTTP 429
  Immagine: 48315 bytes
  Server: static/avatars/fantasy/ciri_hf364.png
  Android drawables: char_ciri_hf364.png
  characters.py aggiornato per 'ciri_hf364'
  ✅ Avatar salvato!

============================================================
Generazione: Tom Good (tom_good_hf365)
============================================================
  Uso API gratuita: free
  Prompt: Candid snapshot of a young man, around 25 years old, Agricultural Newspapers, Tom Good is a character from the British s...
  Pexels: trovata foto di Luigie Estrella
  Immagine: 36882 bytes
  Server: static/avatars/creativi/tom_good_hf365.png
  Android drawables: char_tom_good_hf365.png
  characters.py aggiornato per 'tom_good_hf365'
  ✅ Avatar salvato!

============================================================
Generazione: The Penitent One (the_penitent_one_hf366)
============================================================
  Uso API gratuita: free
  Prompt: Candid snapshot of a young man, around 26 years old, Roguelite, The Penitent One is the silent and mysterious protagonis...
  Pexels: trovata foto di Jonathan  Silva
  Immagine: 10470 bytes
  Server: static/avatars/gamer/the_penitent_one_hf366.png
  Android drawables: char_the_penitent_one_hf366.png
  characters.py aggiornato per 'the_penitent_one_hf366'
  ✅ Avatar salvato!

============================================================
Generazione: Adele (adele_hf367)
============================================================
  Uso API gratuita: free
  Prompt: Candid snapshot of a young woman, around 21 years old, Musician Profiles, Adele is an English singer-songwriter known fo...
  Pexels: trovata foto di Alexander Krivitskiy
  Immagine: 56360 bytes
  Server: static/avatars/romantici/adele_hf367.png
  Android drawables: char_adele_hf367.png
  characters.py aggiornato per 'adele_hf367'
  ✅ Avatar salvato!

============================================================
Generazione: Carl Sagan (carl_sagan_hf368)
============================================================
  Uso API gratuita: free
  Prompt: Candid snapshot of a mature man, around 31 years old, Academic Biography, Carl Sagan was an American astronomer, astroph...
  Errore Pexels: HTTP 429
  Immagine: 41666 bytes
  Server: static/avatars/quotidiano/carl_sagan_hf368.png
  Android drawables: char_carl_sagan_hf368.png
  characters.py aggiornato per 'carl_sagan_hf368'
  ✅ Avatar salvato!

============================================================
Generazione: Solomon (solomon_hf369)
============================================================
  Uso API gratuita: free
  Prompt: Candid snapshot of a mature man, around 33 years old, Christian Mythology, Solomon, the son of David, is known for his w...
  Pexels: trovata foto di Abhishek Mishra
  Immagine: 33666 bytes
  Server: static/avatars/fantasy/solomon_hf369.png
  Android drawables: char_solomon_hf369.png
  characters.py aggiornato per 'solomon_hf369'
  ✅ Avatar salvato!

============================================================
Generazione: Stribog (stribog_hf370)
============================================================
  Uso API gratuita: free
  Prompt: Candid snapshot of a young man, around 24 years old, Slavic Mythology, Stribog is the Slavic god of the winds, sky, and ...
  Pexels: trovata foto di Leah Morillon
  Immagine: 21521 bytes
  Server: static/avatars/fantasy/stribog_hf370.png
  Android drawables: char_stribog_hf370.png
  characters.py aggiornato per 'stribog_hf370'
  ✅ Avatar salvato!

============================================================
Generazione: Rita Skeeter (rita_skeeter_hf371)
============================================================
  Uso API gratuita: free
  Prompt: Candid snapshot of a young woman, around 24 years old, Industry Newspapers, Rita Skeeter is a journalist for the Daily P...
  Pexels: trovata foto di Ron Lach
  Immagine: 33121 bytes
  Server: static/avatars/creativi/rita_skeeter_hf371.png
  Android drawables: char_rita_skeeter_hf371.png
  characters.py aggiornato per 'rita_skeeter_hf371'
  ✅ Avatar salvato!

============================================================
Generazione: Scapegrace (scapegrace_hf372)
============================================================
  Uso API gratuita: free
  Prompt: Candid snapshot of a young man, around 21 years old, New Weird, Scapegrace is a petty criminal who becomes an undead min...
  Pexels: trovata foto di ibadat singh
  Immagine: 49435 bytes
  Server: static/avatars/creativi/scapegrace_hf372.png
  Android drawables: char_scapegrace_hf372.png
  characters.py aggiornato per 'scapegrace_hf372'
  ✅ Avatar salvato!

============================================================
Generazione: Goku (goku_hf373)
============================================================
  Uso API gratuita: free
  Prompt: Candid snapshot of a young man, around 24 years old, Super Power, Goku is the main protagonist of the \. Natural indoor ...
  Pexels: trovata foto di Taiwo Ifeoluwa
  Immagine: 34940 bytes
  Server: static/avatars/anime/goku_hf373.png
  Android drawables: char_goku_hf373.png
  characters.py aggiornato per 'goku_hf373'
  ✅ Avatar salvato!

============================================================
Generazione: The Bunyip (the_bunyip_hf374)
============================================================
  Uso API gratuita: free
  Prompt: Candid snapshot of a mature man, around 33 years old, Urban legends about animals, The Bunyip is a mythical creature fro...
  Errore Pexels: HTTP 429
  Immagine: 51160 bytes
  Server: static/avatars/creativi/the_bunyip_hf374.png
  Android drawables: char_the_bunyip_hf374.png
  characters.py aggiornato per 'the_bunyip_hf374'
  ✅ Avatar salvato!

============================================================
Generazione: Mrs. Peters (mrs_peters_hf375)
============================================================
  Uso API gratuita: free
  Prompt: Candid snapshot of a mature man, around 33 years old, One-Act Play, Mrs. Natural indoor lighting from window, soft shado...
  Pexels: trovata foto di Edmundo Smith
  Immagine: 42871 bytes
  Server: static/avatars/creativi/mrs_peters_hf375.png
  Android drawables: char_mrs_peters_hf375.png
  characters.py aggiornato per 'mrs_peters_hf375'
  ✅ Avatar salvato!

============================================================
Generazione: Aunt Lydia (aunt_lydia_hf376)
============================================================
  Uso API gratuita: free
  Prompt: Candid snapshot of a young man, around 26 years old, Dystopian Series, Aunt Lydia is a character from \. Natural indoor ...
  Pexels: trovata foto di Erik Mclean
  Immagine: 26369 bytes
  Server: static/avatars/sci-fi/aunt_lydia_hf376.png
  Android drawables: char_aunt_lydia_hf376.png
  characters.py aggiornato per 'aunt_lydia_hf376'
  ✅ Avatar salvato!

============================================================
Generazione: John Basilone (john_basilone_hf377)
============================================================
  Uso API gratuita: free
  Prompt: Candid snapshot of a young man, around 20 years old, Military Newspapers, John Basilone was a United States Marine Corps...
  Errore Pexels: HTTP 429
  Immagine: 46106 bytes
  Server: static/avatars/sopravvivenza/john_basilone_hf377.png
  Android drawables: char_john_basilone_hf377.png
  characters.py aggiornato per 'john_basilone_hf377'
  ✅ Avatar salvato!

============================================================
Generazione: Sophie Bangs (sophie_bangs_hf378)
============================================================
  Uso API gratuita: free
  Prompt: Candid snapshot of a young man, around 21 years old, Historical Fantasy, Sophie Bangs is a college student who becomes t...
  Pexels: trovata foto di Leah Morillon
  Immagine: 21521 bytes
  Server: static/avatars/fantasy/sophie_bangs_hf378.png
  Android drawables: char_sophie_bangs_hf378.png
  characters.py aggiornato per 'sophie_bangs_hf378'
  ✅ Avatar salvato!

============================================================
Generazione: Bilbo Baggins (bilbo_baggins_hf379)
============================================================
  Uso API gratuita: free
  Prompt: Candid snapshot of a young man, around 19 years old, Character-Driven Plot Blogs, Bilbo Baggins is a hobbit from the Shi...
  Pexels: trovata foto di Emir Eğricesu
  Immagine: 40002 bytes
  Server: static/avatars/creativi/bilbo_baggins_hf379.png
  Android drawables: char_bilbo_baggins_hf379.png
  characters.py aggiornato per 'bilbo_baggins_hf379'
  ✅ Avatar salvato!

============================================================
Generazione: Marlena Dietrich (marlena_dietrich_hf380)
============================================================
  Uso API gratuita: free
  Prompt: Candid snapshot of a young woman, around 18 years old, Mystery Films, Marlena Dietrich portrayed Christine Vole, the eni...
  Pexels: trovata foto di Nurlan Tortbayev
  Immagine: 27286 bytes
  Server: static/avatars/detective/marlena_dietrich_hf380.png
  Android drawables: char_marlena_dietrich_hf380.png
  characters.py aggiornato per 'marlena_dietrich_hf380'
  ✅ Avatar salvato!

============================================================
Generazione: Gintoki Sakata (gintoki_sakata_hf381)
============================================================
  Uso API gratuita: free
  Prompt: Candid snapshot of a young man, around 22 years old, Parody, Gintoki Sakata is the main character of the anime \. Natura...
  Errore Pexels: HTTP 429
  Immagine: 37125 bytes
  Server: static/avatars/intrattenimento/gintoki_sakata_hf381.png
  Android drawables: char_gintoki_sakata_hf381.png
  characters.py aggiornato per 'gintoki_sakata_hf381'
  ✅ Avatar salvato!

============================================================
Generazione: Nemo (nemo_hf382)
============================================================
  Uso API gratuita: free
  Prompt: Candid snapshot of a young man, around 21 years old, Steampunk, Captain Nemo is a key character in \. Natural indoor lig...
  Pexels: trovata foto di Vintage Lenses
  Immagine: 33077 bytes
  Server: static/avatars/sci-fi/nemo_hf382.png
  Android drawables: char_nemo_hf382.png
  characters.py aggiornato per 'nemo_hf382'
  ✅ Avatar salvato!

============================================================
Generazione: Harriet Tubman (harriet_tubman_hf383)
============================================================
  Uso API gratuita: free
  Prompt: Candid snapshot of a young man, around 27 years old, Biographical Novel, Harriet Tubman was an American abolitionist and...
  Pexels: trovata foto di Nicolle Kreisch
  Immagine: 28320 bytes
  Server: static/avatars/creativi/harriet_tubman_hf383.png
  Android drawables: char_harriet_tubman_hf383.png
  characters.py aggiornato per 'harriet_tubman_hf383'
  ✅ Avatar salvato!

============================================================
Generazione: Rachael (rachael_hf384)
============================================================
  Uso API gratuita: free
  Prompt: Candid snapshot of a young man, around 23 years old, Cyberpunk RPGs, Rachael is a Nexus-6 replicant who initially believ...
  Errore Pexels: HTTP 429
  Immagine: 38679 bytes
  Server: static/avatars/sci-fi/rachael_hf384.png
  Android drawables: char_rachael_hf384.png
  characters.py aggiornato per 'rachael_hf384'
  ✅ Avatar salvato!

============================================================
Generazione: Mickey Haller (mickey_haller_hf385)
============================================================
  Uso API gratuita: free
  Prompt: Candid snapshot of a young man, around 28 years old, Legal Thriller, Mickey Haller is a charismatic and street-smart def...
  Pexels: trovata foto di cottonbro studio
  Immagine: 25692 bytes
  Server: static/avatars/detective/mickey_haller_hf385.png
  Android drawables: char_mickey_haller_hf385.png
  characters.py aggiornato per 'mickey_haller_hf385'
  ✅ Avatar salvato!

============================================================
Generazione: Hina Tsurugi (hina_tsurugi_hf386)
============================================================
  Uso API gratuita: free
  Prompt: Candid snapshot of a young woman, around 21 years old, Iyashikei (Healing), Hina Tsurugi is a first-year high school stu...
  Pexels: trovata foto di Anya  Juárez Tenorio
  Immagine: 61648 bytes
  Server: static/avatars/anime/hina_tsurugi_hf386.png
  Android drawables: char_hina_tsurugi_hf386.png
  characters.py aggiornato per 'hina_tsurugi_hf386'
  ✅ Avatar salvato!

============================================================
Generazione: Arthur Wellesley, Duke of Wellington (arthur_wellesley_duke_of_wellington_hf387)
============================================================
  Uso API gratuita: free
  Prompt: Candid snapshot of a young man, around 26 years old, Napoleonic War Board Games, Arthur Wellesley, known as the Duke of ...
  Pexels: trovata foto di Mikhail Nilov
  Immagine: 39389 bytes
  Server: static/avatars/sopravvivenza/arthur_wellesley_duke_of_wellington_hf387.png
  Android drawables: char_arthur_wellesley_duke_of_wellington_hf387.png
  characters.py aggiornato per 'arthur_wellesley_duke_of_wellington_hf387'
  ✅ Avatar salvato!

============================================================
Generazione: Joan of Arc (joan_of_arc_hf388)
============================================================
  Uso API gratuita: free
  Prompt: Candid snapshot of a mature woman, around 33 years old, Historical Case Studies, Joan of Arc, also known as the Maid of ...
  Errore Pexels: HTTP 429
  Immagine: 51788 bytes
  Server: static/avatars/storia/joan_of_arc_hf388.png
  Android drawables: char_joan_of_arc_hf388.png
  characters.py aggiornato per 'joan_of_arc_hf388'
  ✅ Avatar salvato!

============================================================
Generazione: Huang Rong (huang_rong_hf389)
============================================================
  Uso API gratuita: free
  Prompt: Candid snapshot of a young man, around 27 years old, Wuxia, Huang Rong is a brilliant, resourceful, and mischievous char...
  Pexels: trovata foto di SoyBreno Fotografia
  Immagine: 35547 bytes
  Server: static/avatars/fantasy/huang_rong_hf389.png
  Android drawables: char_huang_rong_hf389.png
  characters.py aggiornato per 'huang_rong_hf389'
  ✅ Avatar salvato!

============================================================
Generazione: Howard Zinn (howard_zinn_hf390)
============================================================
  Uso API gratuita: free
  Prompt: Candid snapshot of a mature man, around 33 years old, Historical Critiques, Howard Zinn was an American historian, playw...
  Pexels: trovata foto di Amir Esrafili
  Immagine: 34061 bytes
  Server: static/avatars/storia/howard_zinn_hf390.png
  Android drawables: char_howard_zinn_hf390.png
  characters.py aggiornato per 'howard_zinn_hf390'
  ✅ Avatar salvato!

============================================================
Generazione: Carrie White (carrie_white_hf391)
============================================================
  Uso API gratuita: free
  Prompt: Candid snapshot of a young man, around 26 years old, Horror, Carrie White is a shy, outcast high school girl with a deep...
  Pexels: trovata foto di Caique Araujo
  Immagine: 32011 bytes
  Server: static/avatars/horror/carrie_white_hf391.png
  Android drawables: char_carrie_white_hf391.png
  characters.py aggiornato per 'carrie_white_hf391'
  ✅ Avatar salvato!

============================================================
Generazione: Napoleon Bonafrog (napoleon_bonafrog_hf392)
============================================================
  Uso API gratuita: free
  Prompt: Candid snapshot of a mature man, around 35 years old, Comedy Films, Napoleon Bonafrog is one of the Punk Frogs, a group ...
  Pexels: trovata foto di Matheus Bertelli
  Immagine: 25586 bytes
  Server: static/avatars/intrattenimento/napoleon_bonafrog_hf392.png
  Android drawables: char_napoleon_bonafrog_hf392.png
  characters.py aggiornato per 'napoleon_bonafrog_hf392'
  ✅ Avatar salvato!

============================================================
Generazione: Deer Boy (deer_boy_hf393)
============================================================
  Uso API gratuita: free
  Prompt: Candid snapshot of a young man, around 29 years old, Pueblo Mythology, Deer Boy is a mythical figure in Pueblo mythology...
  Pexels: trovata foto di INOCENTE SANCHEZ GUADARRAMA
  Immagine: 51815 bytes
  Server: static/avatars/fantasy/deer_boy_hf393.png
  Android drawables: char_deer_boy_hf393.png
  characters.py aggiornato per 'deer_boy_hf393'
  ✅ Avatar salvato!

============================================================
Generazione: Daniel \ (daniel_danny_torrance_hf394)
============================================================
  Uso API gratuita: free
  Prompt: Candid snapshot of a young man, around 22 years old, Haunted House Films, Daniel \. Natural indoor lighting from window,...
  Errore Pexels: HTTP 429
  Immagine: 35035 bytes
  Server: static/avatars/intrattenimento/daniel_danny_torrance_hf394.png
  Android drawables: char_daniel_danny_torrance_hf394.png
  characters.py aggiornato per 'daniel_danny_torrance_hf394'
  ✅ Avatar salvato!

============================================================
Generazione: Mai Valentine (mai_valentine_hf395)
============================================================
  Uso API gratuita: free
  Prompt: Candid snapshot of a young woman, around 23 years old, Role-Playing Card Games, Mai Valentine is a confident and skilled...
  Pexels: trovata foto di BOOM 💥 Photography
  Immagine: 40170 bytes
  Server: static/avatars/gamer/mai_valentine_hf395.png
  Android drawables: char_mai_valentine_hf395.png
  characters.py aggiornato per 'mai_valentine_hf395'
  ✅ Avatar salvato!

============================================================
Generazione: Winston Churchill (winston_churchill_hf396)
============================================================
  Uso API gratuita: free
  Prompt: Candid snapshot of a young man, around 19 years old, Documentary Biography, Winston Churchill was a British statesman, a...
  Pexels: trovata foto di Tamhasip Khan
  Immagine: 48701 bytes
  Server: static/avatars/quotidiano/winston_churchill_hf396.png
  Android drawables: char_winston_churchill_hf396.png
  characters.py aggiornato per 'winston_churchill_hf396'
  ✅ Avatar salvato!

============================================================
Generazione: Aragorn (aragorn_hf397)
============================================================
  Uso API gratuita: free
  Prompt: Candid snapshot of a young man, around 28 years old, Character-Centric Lifestyle Blogs, Aragorn, also known as Strider, ...
  Errore Pexels: HTTP 429
  Immagine: 53010 bytes
  Server: static/avatars/creativi/aragorn_hf397.png
  Android drawables: char_aragorn_hf397.png
  characters.py aggiornato per 'aragorn_hf397'
  ✅ Avatar salvato!

============================================================
Generazione: Narukami (narukami_hf398)
============================================================
  Uso API gratuita: free
  Prompt: Candid snapshot of a mature man, around 34 years old, Kabuki Theatre, Narukami is the central character in the Kabuki pl...
  Pexels: trovata foto di José Franco
  Immagine: 21617 bytes
  Server: static/avatars/creativi/narukami_hf398.png
  Android drawables: char_narukami_hf398.png
  characters.py aggiornato per 'narukami_hf398'
  ✅ Avatar salvato!

============================================================
Generazione: Galileo Figaro (galileo_figaro_hf399)
============================================================
  Uso API gratuita: free
  Prompt: Candid snapshot of a mature man, around 34 years old, Rock Opera, Galileo Figaro is the protagonist of \. Natural indoor...
  Pexels: trovata foto di cottonbro studio
  Immagine: 30428 bytes
  Server: static/avatars/creativi/galileo_figaro_hf399.png
  Android drawables: char_galileo_figaro_hf399.png
  characters.py aggiornato per 'galileo_figaro_hf399'
  ✅ Avatar salvato!

============================================================
Generazione: Vaughn (vaughn_hf400)
============================================================
  Uso API gratuita: free
  Prompt: Candid snapshot of a young man, around 19 years old, Biopunk, Vaughn is a central character in J. Natural indoor lightin...
  Pexels: trovata foto di The Earthy Jay
  Immagine: 32626 bytes
  Server: static/avatars/creativi/vaughn_hf400.png
  Android drawables: char_vaughn_hf400.png
  characters.py aggiornato per 'vaughn_hf400'
  ✅ Avatar salvato!

============================================================
Generazione: Dirk Pitt (dirk_pitt_hf401)
============================================================
  Uso API gratuita: free
  Prompt: Candid snapshot of a young man, around 24 years old, Treasure Hunt Films, Dirk Pitt, portrayed by Matthew McConaughey, i...
  Errore Pexels: HTTP 429
  Immagine: 53706 bytes
  Server: static/avatars/intrattenimento/dirk_pitt_hf401.png
  Android drawables: char_dirk_pitt_hf401.png
  characters.py aggiornato per 'dirk_pitt_hf401'
  ✅ Avatar salvato!

============================================================
Generazione: Nomhoyi (nomhoyi_hf402)
============================================================
  Uso API gratuita: free
  Prompt: Candid snapshot of a mature woman, around 32 years old, Xhosa Mythology, Nomhoyi is a river spirit in Xhosa mythology, o...
  Pexels: trovata foto di Ntate Mohlala Sir
  Immagine: 26715 bytes
  Server: static/avatars/fantasy/nomhoyi_hf402.png
  Android drawables: char_nomhoyi_hf402.png
  characters.py aggiornato per 'nomhoyi_hf402'
  ✅ Avatar salvato!

============================================================
Generazione: Elsa (elsa_hf403)
============================================================
  Uso API gratuita: free
  Prompt: Candid snapshot of a mature woman, around 32 years old, Iconic Character Quotes, Elsa is the Snow Queen from Disney's an...
  Pexels: trovata foto di Anya  Juárez Tenorio
  Immagine: 43467 bytes
  Server: static/avatars/creativi/elsa_hf403.png
  Android drawables: char_elsa_hf403.png
  characters.py aggiornato per 'elsa_hf403'
  ✅ Avatar salvato!

============================================================
Generazione: William Shakespeare (william_shakespeare_hf404)
============================================================
  Uso API gratuita: free
  Prompt: Candid snapshot of a young man, around 22 years old, Historical Figures Essays, William Shakespeare was an English playw...
  Pexels: trovata foto di Vinícius Vieira ft
  Immagine: 16876 bytes
  Server: static/avatars/storia/william_shakespeare_hf404.png
  Android drawables: char_william_shakespeare_hf404.png
  characters.py aggiornato per 'william_shakespeare_hf404'
  ✅ Avatar salvato!

============================================================
Generazione: J.K. Rowling (j_k_rowling_hf405)
============================================================
  Uso API gratuita: free
  Prompt: Candid snapshot of a young woman, around 20 years old, Philanthropist Profiles, J. Natural indoor lighting from window, ...
  Errore Pexels: HTTP 429
  Immagine: 50571 bytes
  Server: static/avatars/creativi/j_k_rowling_hf405.png
  Android drawables: char_j_k_rowling_hf405.png
  characters.py aggiornato per 'j_k_rowling_hf405'
  ✅ Avatar salvato!

============================================================
Generazione: Mario (mario_hf406)
============================================================
  Uso API gratuita: free
  Prompt: Candid snapshot of a young man, around 24 years old, Cooperative Game, Mario is a plumber and the iconic protagonist of ...
  Pexels: trovata foto di Kevin  Malik
  Immagine: 36934 bytes
  Server: static/avatars/gamer/mario_hf406.png
  Android drawables: char_mario_hf406.png
  characters.py aggiornato per 'mario_hf406'
  ✅ Avatar salvato!

============================================================
Generazione: Nabá (nab_hf407)
============================================================
  Uso API gratuita: free
  Prompt: Candid snapshot of a young woman, around 28 years old, Guaymi Mythology, Nabá is a key figure in Guaymi mythology, known...
  Pexels: trovata foto di Azahel Calzada De La Luz
  Immagine: 33797 bytes
  Server: static/avatars/fantasy/nab_hf407.png
  Android drawables: char_nab_hf407.png
  characters.py aggiornato per 'nab_hf407'
  ✅ Avatar salvato!

============================================================
Generazione: Crash Bandicoot (crash_bandicoot_hf408)
============================================================
  Uso API gratuita: free
  Prompt: Candid snapshot of a young man, around 24 years old, Casual, Crash Bandicoot is the main protagonist of the Crash Bandic...
  Errore Pexels: HTTP 429
  Immagine: 43752 bytes
  Server: static/avatars/gamer/crash_bandicoot_hf408.png
  Android drawables: char_crash_bandicoot_hf408.png
  characters.py aggiornato per 'crash_bandicoot_hf408'
  ✅ Avatar salvato!

============================================================
Generazione: Buzz Lightyear (buzz_lightyear_hf409)
============================================================
  Uso API gratuita: free
  Prompt: Candid snapshot of a mature man, around 33 years old, Iconic Duo Features, Buzz Lightyear is a space ranger action figur...
  Pexels: trovata foto di Yan Krukau
  Immagine: 37436 bytes
  Server: static/avatars/creativi/buzz_lightyear_hf409.png
  Android drawables: char_buzz_lightyear_hf409.png
  characters.py aggiornato per 'buzz_lightyear_hf409'
  ✅ Avatar salvato!

============================================================
Generazione: Makoto Konno (makoto_konno_hf410)
============================================================
  Uso API gratuita: free
  Prompt: Candid snapshot of a young man, around 29 years old, Utopian, Makoto Konno is the protagonist of the manga \. Natural in...
  Pexels: trovata foto di Ali Ahmed
  Immagine: 41781 bytes
  Server: static/avatars/anime/makoto_konno_hf410.png
  Android drawables: char_makoto_konno_hf410.png
  characters.py aggiornato per 'makoto_konno_hf410'
  ✅ Avatar salvato!

============================================================
Generazione: Graham (graham_hf411)
============================================================
  Uso API gratuita: free
  Prompt: Candid snapshot of a young man, around 23 years old, Graphic Adventure, King Graham is the main character in the \. Natu...
  Pexels: trovata foto di Cleyton Ewerton
  Immagine: 31805 bytes
  Server: static/avatars/viaggi/graham_hf411.png
  Android drawables: char_graham_hf411.png
  characters.py aggiornato per 'graham_hf411'
  ✅ Avatar salvato!

============================================================
Generazione: Bastet (bastet_hf412)
============================================================
  Uso API gratuita: free
  Prompt: Candid snapshot of a mature woman, around 34 years old, Chono Mythology, Bastet is an ancient Egyptian goddess worshippe...
  Errore Pexels: HTTP 429
  Immagine: 52390 bytes
  Server: static/avatars/fantasy/bastet_hf412.png
  Android drawables: char_bastet_hf412.png
  characters.py aggiornato per 'bastet_hf412'
  ✅ Avatar salvato!

============================================================
Generazione: Kilgore Trout (kilgore_trout_hf413)
============================================================
  Uso API gratuita: free
  Prompt: Candid snapshot of a young man, around 27 years old, Metafiction, Kilgore Trout is a fictional science fiction writer wh...
  Pexels: trovata foto di SoyBreno Fotografia
  Immagine: 35547 bytes
  Server: static/avatars/creativi/kilgore_trout_hf413.png
  Android drawables: char_kilgore_trout_hf413.png
  characters.py aggiornato per 'kilgore_trout_hf413'
  ✅ Avatar salvato!

============================================================
Generazione: Ayida-Weddo (ayida_weddo_hf414)
============================================================
  Uso API gratuita: free
  Prompt: Candid snapshot of a young man, around 27 years old, Haitian Mythology, Ayida-Weddo, also known as the Rainbow Serpent, ...
  Pexels: trovata foto di Heber Vazquez
  Immagine: 34330 bytes
  Server: static/avatars/fantasy/ayida_weddo_hf414.png
  Android drawables: char_ayida_weddo_hf414.png
  characters.py aggiornato per 'ayida_weddo_hf414'
  ✅ Avatar salvato!

============================================================
Generazione: Eleanor Oliphant (eleanor_oliphant_hf415)
============================================================
  Uso API gratuita: free
  Prompt: Candid snapshot of a mature man, around 33 years old, Romance Short Stories, Eleanor Oliphant is the socially awkward ye...
  Errore Pexels: HTTP 429
  Immagine: 45593 bytes
  Server: static/avatars/romantici/eleanor_oliphant_hf415.png
  Android drawables: char_eleanor_oliphant_hf415.png
  characters.py aggiornato per 'eleanor_oliphant_hf415'
  ✅ Avatar salvato!

============================================================
Generazione: Wonder Woman (wonder_woman_hf416)
============================================================
  Uso API gratuita: free
  Prompt: Candid snapshot of a young woman, around 19 years old, Heroic Fantasy, Wonder Woman, also known as Diana Prince, is a wa...
  Pexels: trovata foto di Following NYC
  Immagine: 47054 bytes
  Server: static/avatars/fantasy/wonder_woman_hf416.png
  Android drawables: char_wonder_woman_hf416.png
  characters.py aggiornato per 'wonder_woman_hf416'
  ✅ Avatar salvato!

============================================================
Generazione: Thomas Jefferson (thomas_jefferson_hf417)
============================================================
  Uso API gratuita: free
  Prompt: Candid snapshot of a young man, around 27 years old, Historical Speeches, Thomas Jefferson was the third President of th...
  Pexels: trovata foto di Alex Dos Santos
  Immagine: 26360 bytes
  Server: static/avatars/storia/thomas_jefferson_hf417.png
  Android drawables: char_thomas_jefferson_hf417.png
  characters.py aggiornato per 'thomas_jefferson_hf417'
  ✅ Avatar salvato!

============================================================
Generazione: Christian Grey (christian_grey_hf418)
============================================================
  Uso API gratuita: free
  Prompt: Candid snapshot of a mature man, around 35 years old, Epic Romances, Christian Grey is a wealthy and enigmatic entrepren...
  Pexels: trovata foto di Ahmet Mert
  Immagine: 52700 bytes
  Server: static/avatars/romantici/christian_grey_hf418.png
  Android drawables: char_christian_grey_hf418.png
  characters.py aggiornato per 'christian_grey_hf418'
  ✅ Avatar salvato!

============================================================
Generazione: Kuranosuke Koibuchi (kuranosuke_koibuchi_hf419)
============================================================
  Uso API gratuita: free
  Prompt: Candid snapshot of a young man, around 19 years old, Gender Bender, Kuranosuke Koibuchi is a character from the anime \....
  Pexels: trovata foto di Deni's Fotografia
  Immagine: 57848 bytes
  Server: static/avatars/anime/kuranosuke_koibuchi_hf419.png
  Android drawables: char_kuranosuke_koibuchi_hf419.png
  characters.py aggiornato per 'kuranosuke_koibuchi_hf419'
  ✅ Avatar salvato!

============================================================
Generazione: Shino Amakusa (shino_amakusa_hf420)
============================================================
  Uso API gratuita: free
  Prompt: Candid snapshot of a young man, around 29 years old, 4-Koma Adaptation, Shino Amakusa is the president of the student co...
  Pexels: trovata foto di Alexander Krivitskiy
  Immagine: 66072 bytes
  Server: static/avatars/anime/shino_amakusa_hf420.png
  Android drawables: char_shino_amakusa_hf420.png
  characters.py aggiornato per 'shino_amakusa_hf420'
  ✅ Avatar salvato!

============================================================
Generazione: Jem (jem_hf421)
============================================================
  Uso API gratuita: free
  Prompt: Candid snapshot of a mature man, around 33 years old, Concert Series, Jem, also known as Jerrica Benton, is the lead sin...
  Errore Pexels: HTTP 429
  Immagine: 48404 bytes
  Server: static/avatars/creativi/jem_hf421.png
  Android drawables: char_jem_hf421.png
  characters.py aggiornato per 'jem_hf421'
  ✅ Avatar salvato!

============================================================
Generazione: Mark Zuckerberg (mark_zuckerberg_hf422)
============================================================
  Uso API gratuita: free
  Prompt: Candid snapshot of a mature man, around 34 years old, Technological Biography, Mark Zuckerberg is the co-founder and CEO...
  Pexels: trovata foto di aydin sefidi
  Immagine: 34741 bytes
  Server: static/avatars/quotidiano/mark_zuckerberg_hf422.png
  Android drawables: char_mark_zuckerberg_hf422.png
  characters.py aggiornato per 'mark_zuckerberg_hf422'
  ✅ Avatar salvato!

============================================================
Generazione: Janis Joplin (janis_joplin_hf423)
============================================================
  Uso API gratuita: free
  Prompt: Candid snapshot of a young woman, around 24 years old, Musical Biography, Janis Joplin was an American rock, soul, and b...
  Pexels: trovata foto di Angel Rondon
  Immagine: 32051 bytes
  Server: static/avatars/quotidiano/janis_joplin_hf423.png
  Android drawables: char_janis_joplin_hf423.png
  characters.py aggiornato per 'janis_joplin_hf423'
  ✅ Avatar salvato!

============================================================
Generazione: Soldier: 76 (soldier_76_hf424)
============================================================
  Uso API gratuita: free
  Prompt: Candid snapshot of a young man, around 20 years old, Shooter, Soldier: 76, whose real name is Jack Morrison, is a vigila...
  Errore Pexels: HTTP 429
  Immagine: 55970 bytes
  Server: static/avatars/gamer/soldier_76_hf424.png
  Android drawables: char_soldier_76_hf424.png
  characters.py aggiornato per 'soldier_76_hf424'
  ✅ Avatar salvato!

============================================================
Generazione: Shaun White (shaun_white_hf425)
============================================================
  Uso API gratuita: free
  Prompt: Candid snapshot of a young man, around 24 years old, Sports-Themed Board Games, Shaun White is a professional snowboarde...
  Pexels: trovata foto di Vlada Karpovich
  Immagine: 28297 bytes
  Server: static/avatars/sport/shaun_white_hf425.png
  Android drawables: char_shaun_white_hf425.png
  characters.py aggiornato per 'shaun_white_hf425'
  ✅ Avatar salvato!

============================================================
Generazione: Lenny Nero (lenny_nero_hf426)
============================================================
  Uso API gratuita: free
  Prompt: Candid snapshot of a young man, around 27 years old, Mystery Films, Lenny Nero is a former cop turned black market deale...
  Pexels: trovata foto di Vitor Diniz
  Immagine: 28227 bytes
  Server: static/avatars/detective/lenny_nero_hf426.png
  Android drawables: char_lenny_nero_hf426.png
  characters.py aggiornato per 'lenny_nero_hf426'
  ✅ Avatar salvato!

============================================================
Generazione: Gilgamesh (gilgamesh_hf427)
============================================================
  Uso API gratuita: free
  Prompt: Candid snapshot of a young man, around 25 years old, Historical Legends, Gilgamesh is the main character in the ancient ...
  Pexels: trovata foto di Braian Zambrano
  Immagine: 25258 bytes
  Server: static/avatars/storia/gilgamesh_hf427.png
  Android drawables: char_gilgamesh_hf427.png
  characters.py aggiornato per 'gilgamesh_hf427'
  ✅ Avatar salvato!

============================================================
Generazione: Conan the Barbarian (conan_the_barbarian_hf428)
============================================================
  Uso API gratuita: free
  Prompt: Candid snapshot of a young man, around 21 years old, Heroic Fantasy, Conan the Barbarian is a legendary warrior from the...
  Errore Pexels: HTTP 429
  Immagine: 39139 bytes
  Server: static/avatars/fantasy/conan_the_barbarian_hf428.png
  Android drawables: char_conan_the_barbarian_hf428.png
  characters.py aggiornato per 'conan_the_barbarian_hf428'
  ✅ Avatar salvato!

============================================================
Generazione: Phileas Fogg (phileas_fogg_hf429)
============================================================
  Uso API gratuita: free
  Prompt: Candid snapshot of a young man, around 20 years old, Adventure Play, Phileas Fogg is a wealthy and punctual Englishman w...
  Pexels: trovata foto di NIKHIL BOMBATKAR
  Immagine: 64820 bytes
  Server: static/avatars/viaggi/phileas_fogg_hf429.png
  Android drawables: char_phileas_fogg_hf429.png
  characters.py aggiornato per 'phileas_fogg_hf429'
  ✅ Avatar salvato!

============================================================
Generazione: Yorinobu Arasaka (yorinobu_arasaka_hf430)
============================================================
  Uso API gratuita: free
  Prompt: Candid snapshot of a mature man, around 30 years old, Cyberpunk Card Games, Yorinobu Arasaka is the rebellious son of Sa...
  Pexels: trovata foto di 𝙕𝘼𝙆𝙄 𝙂𝙂𝘿
  Immagine: 31355 bytes
  Server: static/avatars/sci-fi/yorinobu_arasaka_hf430.png
  Android drawables: char_yorinobu_arasaka_hf430.png
  characters.py aggiornato per 'yorinobu_arasaka_hf430'
  ✅ Avatar salvato!

============================================================
Generazione: The Goose (the_goose_hf431)
============================================================
  Uso API gratuita: free
  Prompt: Candid snapshot of a young man, around 24 years old, Fable Poetry, The Goose is a character from Aesop's fable \. Natura...
  Errore Pexels: HTTP 429
  Immagine: 38850 bytes
  Server: static/avatars/romantici/the_goose_hf431.png
  Android drawables: char_the_goose_hf431.png
  characters.py aggiornato per 'the_goose_hf431'
  ✅ Avatar salvato!

============================================================
Generazione: Edwin Hubble (edwin_hubble_hf432)
============================================================
  Uso API gratuita: free
  Prompt: Candid snapshot of a young man, around 25 years old, Prospective Studies Involving..., Edwin Hubble was an astronomer wh...
  Pexels: trovata foto di Stephane Fabrice Bassangue
  Immagine: 411569 bytes
  Server: static/avatars/creativi/edwin_hubble_hf432.png
  Android drawables: char_edwin_hubble_hf432.png
  characters.py aggiornato per 'edwin_hubble_hf432'
  ✅ Avatar salvato!

============================================================
Generazione: Sam Spade (sam_spade_hf433)
============================================================
  Uso API gratuita: free
  Prompt: Candid snapshot of a young man, around 29 years old, Historical Detective Fiction, Sam Spade is a tough, cynical private...
  Pexels: trovata foto di cottonbro studio
  Immagine: 35549 bytes
  Server: static/avatars/storia/sam_spade_hf433.png
  Android drawables: char_sam_spade_hf433.png
  characters.py aggiornato per 'sam_spade_hf433'
  ✅ Avatar salvato!

============================================================
Generazione: Supay (supay_hf434)
============================================================
  Uso API gratuita: free
  Prompt: Candid snapshot of a young man, around 24 years old, Cuna Mythology, Supay is the god of death and the ruler of the Unde...
  Pexels: trovata foto di Djordje Ristic
  Immagine: 57244 bytes
  Server: static/avatars/fantasy/supay_hf434.png
  Android drawables: char_supay_hf434.png
  characters.py aggiornato per 'supay_hf434'
  ✅ Avatar salvato!

============================================================
Generazione: Erinle (erinle_hf435)
============================================================
  Uso API gratuita: free
  Prompt: Candid snapshot of a mature man, around 31 years old, Yoruba Mythology, Erinle is the Yoruba god of healing, hunting, an...
  Pexels: trovata foto di Stephanie Douglas
  Immagine: 42707 bytes
  Server: static/avatars/fantasy/erinle_hf435.png
  Android drawables: char_erinle_hf435.png
  characters.py aggiornato per 'erinle_hf435'
  ✅ Avatar salvato!

============================================================
Generazione: Jasmine (jasmine_hf436)
============================================================
  Uso API gratuita: free
  Prompt: Candid snapshot of a mature woman, around 34 years old, Character Songs, Jasmine is the independent and strong-willed pr...
  Errore Pexels: HTTP 429
  Immagine: 49927 bytes
  Server: static/avatars/creativi/jasmine_hf436.png
  Android drawables: char_jasmine_hf436.png
  characters.py aggiornato per 'jasmine_hf436'
  ✅ Avatar salvato!

============================================================
Generazione: Superman (Clark Kent) (superman_clark_kent_hf437)
============================================================
  Uso API gratuita: free
  Prompt: Candid snapshot of a young man, around 23 years old, Biography, Superman, whose alter ego is Clark Kent, is a superhero ...
  Pexels: trovata foto di annmteu
  Immagine: 43536 bytes
  Server: static/avatars/quotidiano/superman_clark_kent_hf437.png
  Android drawables: char_superman_clark_kent_hf437.png
  characters.py aggiornato per 'superman_clark_kent_hf437'
  ✅ Avatar salvato!

============================================================
Generazione: Yuluka (yuluka_hf438)
============================================================
  Uso API gratuita: free
  Prompt: Candid snapshot of a young woman, around 23 years old, Arhuaco Mythology, Yuluka is a deity of fertility and abundance i...
  Pexels: trovata foto di Azahel Calzada De La Luz
  Immagine: 33797 bytes
  Server: static/avatars/fantasy/yuluka_hf438.png
  Android drawables: char_yuluka_hf438.png
  characters.py aggiornato per 'yuluka_hf438'
  ✅ Avatar salvato!

============================================================
Generazione: Dr. John Carter (dr_john_carter_hf439)
============================================================
  Uso API gratuita: free
  Prompt: Candid snapshot of a mature man, around 32 years old, Medical Dramas, Dr. Natural indoor lighting from window, soft shad...
  Pexels: trovata foto di Kitsune99
  Immagine: 37709 bytes
  Server: static/avatars/romantici/dr_john_carter_hf439.png
  Android drawables: char_dr_john_carter_hf439.png
  characters.py aggiornato per 'dr_john_carter_hf439'
  ✅ Avatar salvato!

============================================================
Generazione: Solon (solon_hf440)
============================================================
  Uso API gratuita: free
  Prompt: Candid snapshot of a mature man, around 33 years old, Ancient Civilizations Board Games, Solon was an Athenian statesman...
  Errore Pexels: HTTP 429
  Immagine: 61910 bytes
  Server: static/avatars/gamer/solon_hf440.png
  Android drawables: char_solon_hf440.png
  characters.py aggiornato per 'solon_hf440'
  ✅ Avatar salvato!

============================================================
Generazione: Marie Curie (marie_curie_hf441)
============================================================
  Uso API gratuita: free
  Prompt: Candid snapshot of a young man, around 21 years old, Educational Biography, Marie Curie was a pioneering physicist and c...
  Pexels: trovata foto di Zarina Khalilova
  Immagine: 45348 bytes
  Server: static/avatars/quotidiano/marie_curie_hf441.png
  Android drawables: char_marie_curie_hf441.png
  characters.py aggiornato per 'marie_curie_hf441'
  ✅ Avatar salvato!

============================================================
Generazione: Joanna Lumley (joanna_lumley_hf442)
============================================================
  Uso API gratuita: free
  Prompt: Candid snapshot of a young woman, around 22 years old, Travel Documentaries, Joanna Lumley is a British actress and pres...
  Pexels: trovata foto di AA_DASUMA
  Immagine: 48556 bytes
  Server: static/avatars/viaggi/joanna_lumley_hf442.png
  Android drawables: char_joanna_lumley_hf442.png
  characters.py aggiornato per 'joanna_lumley_hf442'
  ✅ Avatar salvato!

============================================================
Generazione: Lady Alexia Tarabotti (lady_alexia_tarabotti_hf443)
============================================================
  Uso API gratuita: free
  Prompt: Candid snapshot of a mature woman, around 35 years old, Steampunk, Lady Alexia Tarabotti is a strong-willed and pragmati...
  Pexels: trovata foto di Emiliano LG
  Immagine: 25445 bytes
  Server: static/avatars/sci-fi/lady_alexia_tarabotti_hf443.png
  Android drawables: char_lady_alexia_tarabotti_hf443.png
  characters.py aggiornato per 'lady_alexia_tarabotti_hf443'
  ✅ Avatar salvato!

============================================================
Generazione: Hoshitaka (hoshitaka_hf444)
============================================================
  Uso API gratuita: free
  Prompt: Candid snapshot of a young woman, around 24 years old, Environmental, Hoshitaka is a young boy with a mysterious connect...
  Errore Pexels: HTTP 429
  Immagine: 44874 bytes
  Server: static/avatars/anime/hoshitaka_hf444.png
  Android drawables: char_hoshitaka_hf444.png
  characters.py aggiornato per 'hoshitaka_hf444'
  ✅ Avatar salvato!

============================================================
Generazione: Tracer (tracer_hf445)
============================================================
  Uso API gratuita: free
  Prompt: Candid snapshot of a mature man, around 32 years old, First-Person Shooter (FPS), Tracer, whose real name is Lena Oxton,...
  Pexels: trovata foto di Romario Art
  Immagine: 49539 bytes
  Server: static/avatars/gamer/tracer_hf445.png
  Android drawables: char_tracer_hf445.png
  characters.py aggiornato per 'tracer_hf445'
  ✅ Avatar salvato!

============================================================
Generazione: Rudeus Greyrat (rudeus_greyrat_hf446)
============================================================
  Uso API gratuita: free
  Prompt: Candid snapshot of a young man, around 18 years old, Reincarnation, Rudeus Greyrat is a 34-year-old NEET who gets reinca...
  Pexels: trovata foto di Iqbal farooz
  Immagine: 29801 bytes
  Server: static/avatars/anime/rudeus_greyrat_hf446.png
  Android drawables: char_rudeus_greyrat_hf446.png
  characters.py aggiornato per 'rudeus_greyrat_hf446'
  ✅ Avatar salvato!

============================================================
Generazione: Renfield (renfield_hf447)
============================================================
  Uso API gratuita: free
  Prompt: Candid snapshot of a mature man, around 33 years old, Gothic Play, Renfield is a patient in an insane asylum in Bram Sto...
  Errore Pexels: HTTP 429
  Immagine: 43984 bytes
  Server: static/avatars/creativi/renfield_hf447.png
  Android drawables: char_renfield_hf447.png
  characters.py aggiornato per 'renfield_hf447'
  ✅ Avatar salvato!

============================================================
Generazione: Lazarus Long (lazarus_long_hf448)
============================================================
  Uso API gratuita: free
  Prompt: Candid snapshot of a young man, around 19 years old, Cyberpunk, Lazarus Long, also known as Woodrow Wilson Smith, is a c...
  Pexels: trovata foto di Alena Darmel
  Immagine: 40036 bytes
  Server: static/avatars/sci-fi/lazarus_long_hf448.png
  Android drawables: char_lazarus_long_hf448.png
  characters.py aggiornato per 'lazarus_long_hf448'
  ✅ Avatar salvato!

============================================================
Generazione: Trevor Noah (trevor_noah_hf449)
============================================================
  Uso API gratuita: free
  Prompt: Candid snapshot of a mature man, around 30 years old, Interview Shows, Trevor Noah is a comedian and television host, be...
  Pexels: trovata foto di Adera Abdoulaye Dolo
  Immagine: 25814 bytes
  Server: static/avatars/creativi/trevor_noah_hf449.png
  Android drawables: char_trevor_noah_hf449.png
  characters.py aggiornato per 'trevor_noah_hf449'
  ✅ Avatar salvato!

============================================================
Generazione: Tim Berners-Lee (tim_berners_lee_hf450)
============================================================
  Uso API gratuita: free
  Prompt: Candid snapshot of a young man, around 18 years old, Research Protocols Developed by Leading..., Tim Berners-Lee is a co...
  Pexels: trovata foto di Kindel Media
  Immagine: 40791 bytes
  Server: static/avatars/creativi/tim_berners_lee_hf450.png
  Android drawables: char_tim_berners_lee_hf450.png
  characters.py aggiornato per 'tim_berners_lee_hf450'
  ✅ Avatar salvato!

============================================================
Generazione: Nathanael Greene (nathanael_greene_hf451)
============================================================
  Uso API gratuita: free
  Prompt: Candid snapshot of a young man, around 24 years old, Revolutionary War Board Games, Nathanael Greene was a major general...
  Errore Pexels: HTTP 429
  Immagine: 52071 bytes
  Server: static/avatars/sopravvivenza/nathanael_greene_hf451.png
  Android drawables: char_nathanael_greene_hf451.png
  characters.py aggiornato per 'nathanael_greene_hf451'
  ✅ Avatar salvato!

============================================================
Generazione: Rick Sanchez (rick_sanchez_hf452)
============================================================
  Uso API gratuita: free
  Prompt: Candid snapshot of a mature man, around 32 years old, Character Alignment Discussions, Rick Sanchez is the eccentric, al...
  Pexels: trovata foto di José Franco
  Immagine: 25946 bytes
  Server: static/avatars/creativi/rick_sanchez_hf452.png
  Android drawables: char_rick_sanchez_hf452.png
  characters.py aggiornato per 'rick_sanchez_hf452'
  ✅ Avatar salvato!

============================================================
Generazione: Helen Keller (helen_keller_hf453)
============================================================
  Uso API gratuita: free
  Prompt: Candid snapshot of a young woman, around 28 years old, Transmedia Biography, Helen Keller was an American author, politi...
  Pexels: trovata foto di Elisanette Ortiz
  Immagine: 5288 bytes
  Server: static/avatars/quotidiano/helen_keller_hf453.png
  Android drawables: char_helen_keller_hf453.png
  characters.py aggiornato per 'helen_keller_hf453'
  ✅ Avatar salvato!

============================================================
Generazione: Zero Kiryu (zero_kiryu_hf454)
============================================================
  Uso API gratuita: free
  Prompt: Candid snapshot of a mature man, around 32 years old, Gothic, Zero Kiryu is a former human who was turned into a vampire...
  Errore Pexels: HTTP 429
  Immagine: 35226 bytes
  Server: static/avatars/anime/zero_kiryu_hf454.png
  Android drawables: char_zero_kiryu_hf454.png
  characters.py aggiornato per 'zero_kiryu_hf454'
  ✅ Avatar salvato!

============================================================
Generazione: Lightning McQueen (lightning_mcqueen_hf455)
============================================================
  Uso API gratuita: free
  Prompt: Candid snapshot of a young woman, around 21 years old, Animated Films, Lightning McQueen is a race car who serves as the...
  Pexels: trovata foto di Dovydas Pranka
  Immagine: 15589 bytes
  Server: static/avatars/intrattenimento/lightning_mcqueen_hf455.png
  Android drawables: char_lightning_mcqueen_hf455.png
  characters.py aggiornato per 'lightning_mcqueen_hf455'
  ✅ Avatar salvato!

============================================================
Generazione: Nomkhubulwane (nomkhubulwane_hf456)
============================================================
  Uso API gratuita: free
  Prompt: Candid snapshot of a young woman, around 24 years old, Zulu Mythology, Nomkhubulwane is the Zulu goddess of rain, agricu...
  Pexels: trovata foto di claytons gallary
  Immagine: 39636 bytes
  Server: static/avatars/fantasy/nomkhubulwane_hf456.png
  Android drawables: char_nomkhubulwane_hf456.png
  characters.py aggiornato per 'nomkhubulwane_hf456'
  ✅ Avatar salvato!

============================================================
Generazione: Elena Michaels (elena_michaels_hf457)
============================================================
  Uso API gratuita: free
  Prompt: Candid snapshot of a young woman, around 24 years old, Werewolf Films, Elena Michaels is the protagonist of the \. Natur...
  Pexels: trovata foto di Nurlan Tortbayev
  Immagine: 27286 bytes
  Server: static/avatars/intrattenimento/elena_michaels_hf457.png
  Android drawables: char_elena_michaels_hf457.png
  characters.py aggiornato per 'elena_michaels_hf457'
  ✅ Avatar salvato!

============================================================
Generazione: Michael Wood (michael_wood_hf458)
============================================================
  Uso API gratuita: free
  Prompt: Candid snapshot of a young man, around 18 years old, Historical Documentaries, Michael Wood is a British historian and b...
  Errore Pexels: HTTP 429
  Immagine: 48138 bytes
  Server: static/avatars/storia/michael_wood_hf458.png
  Android drawables: char_michael_wood_hf458.png
  characters.py aggiornato per 'michael_wood_hf458'
  ✅ Avatar salvato!

============================================================
Generazione: Count Strahd von Zarovich (count_strahd_von_zarovich_hf459)
============================================================
  Uso API gratuita: free
  Prompt: Candid snapshot of a mature man, around 30 years old, Vampire Themed Board Games, Count Strahd von Zarovich is the dark ...
  Pexels: trovata foto di paul otero garcia
  Immagine: 25801 bytes
  Server: static/avatars/gamer/count_strahd_von_zarovich_hf459.png
  Android drawables: char_count_strahd_von_zarovich_hf459.png
  characters.py aggiornato per 'count_strahd_von_zarovich_hf459'
  ✅ Avatar salvato!

============================================================
Generazione: Judge Dredd (judge_dredd_hf460)
============================================================
  Uso API gratuita: free
  Prompt: Candid snapshot of a mature man, around 34 years old, Graphic Novels, Judge Dredd is a law enforcement officer in the dy...
  Pexels: trovata foto di Anya  Juárez Tenorio
  Immagine: 26173 bytes
  Server: static/avatars/creativi/judge_dredd_hf460.png
  Android drawables: char_judge_dredd_hf460.png
  characters.py aggiornato per 'judge_dredd_hf460'
  ✅ Avatar salvato!

============================================================
Generazione: Marth (marth_hf461)
============================================================
  Uso API gratuita: free
  Prompt: Candid snapshot of a mature man, around 30 years old, Tactical RPG, Marth is the prince of Altea and a legendary hero in...
  Pexels: trovata foto di Ahmet Mert
  Immagine: 55901 bytes
  Server: static/avatars/fantasy/marth_hf461.png
  Android drawables: char_marth_hf461.png
  characters.py aggiornato per 'marth_hf461'
  ✅ Avatar salvato!

============================================================
Generazione: Kamala Khan (Ms. Marvel) (kamala_khan_ms_marvel_hf462)
============================================================
  Uso API gratuita: free
  Prompt: Candid snapshot of a mature woman, around 30 years old, Teen Drama, Kamala Khan is a Pakistani-American teenager from Je...
  Errore Pexels: HTTP 429
  Immagine: 47581 bytes
  Server: static/avatars/romantici/kamala_khan_ms_marvel_hf462.png
  Android drawables: char_kamala_khan_ms_marvel_hf462.png
  characters.py aggiornato per 'kamala_khan_ms_marvel_hf462'
  ✅ Avatar salvato!

============================================================
Generazione: Doctor (doctor_hf463)
============================================================
  Uso API gratuita: free
  Prompt: Candid snapshot of a young man, around 28 years old, Morality Play, The Doctor in \. Natural indoor lighting from window...
  Pexels: trovata foto di NIKHIL BOMBATKAR
  Immagine: 64820 bytes
  Server: static/avatars/motivazione/doctor_hf463.png
  Android drawables: char_doctor_hf463.png
  characters.py aggiornato per 'doctor_hf463'
  ✅ Avatar salvato!

============================================================
Generazione: Stella Gibson (stella_gibson_hf464)
============================================================
  Uso API gratuita: free
  Prompt: Candid snapshot of a young woman, around 27 years old, Police Procedurals, Stella Gibson is a senior investigating offic...
  Pexels: trovata foto di Kindel Media
  Immagine: 34092 bytes
  Server: static/avatars/detective/stella_gibson_hf464.png
  Android drawables: char_stella_gibson_hf464.png
  characters.py aggiornato per 'stella_gibson_hf464'
  ✅ Avatar salvato!

============================================================
Generazione: Maleficent (maleficent_hf465)
============================================================
  Uso API gratuita: free
  Prompt: Candid snapshot of a young man, around 21 years old, Villain Blogs, Maleficent is the iconic villain from Disney's \. Na...
  Pexels: trovata foto di Lucky Photography
  Immagine: 18074 bytes
  Server: static/avatars/creativi/maleficent_hf465.png
  Android drawables: char_maleficent_hf465.png
  characters.py aggiornato per 'maleficent_hf465'
  ✅ Avatar salvato!

============================================================
Generazione: President Snow (president_snow_hf466)
============================================================
  Uso API gratuita: free
  Prompt: Candid snapshot of a mature man, around 31 years old, Protagonist vs. Antagonist Articles, President Coriolanus Snow is ...
  Errore Pexels: HTTP 429
  Immagine: 44264 bytes
  Server: static/avatars/creativi/president_snow_hf466.png
  Android drawables: char_president_snow_hf466.png
  characters.py aggiornato per 'president_snow_hf466'
  ✅ Avatar salvato!

============================================================
Generazione: Charlotte Simmons (charlotte_simmons_hf467)
============================================================
  Uso API gratuita: free
  Prompt: Candid snapshot of a mature man, around 34 years old, Campus Novel, Charlotte Simmons is a brilliant but naïve freshman ...
  Pexels: trovata foto di Wayne Fotografias
  Immagine: 37816 bytes
  Server: static/avatars/creativi/charlotte_simmons_hf467.png
  Android drawables: char_charlotte_simmons_hf467.png
  characters.py aggiornato per 'charlotte_simmons_hf467'
  ✅ Avatar salvato!

============================================================
Generazione: Harry Potter (harry_potter_hf468)
============================================================
  Uso API gratuita: free
  Prompt: Candid snapshot of a young man, around 19 years old, Feature Films, Harry Potter is the protagonist of the \. Natural in...
  Pexels: trovata foto di Angelica Reyn
  Immagine: 22134 bytes
  Server: static/avatars/intrattenimento/harry_potter_hf468.png
  Android drawables: char_harry_potter_hf468.png
  characters.py aggiornato per 'harry_potter_hf468'
  ✅ Avatar salvato!

============================================================
Generazione: John Wayne Gacy (john_wayne_gacy_hf469)
============================================================
  Uso API gratuita: free
  Prompt: Candid snapshot of a mature man, around 34 years old, True Crime Documentaries, John Wayne Gacy, also known as the Kille...
  Errore Pexels: HTTP 429
  Immagine: 42499 bytes
  Server: static/avatars/detective/john_wayne_gacy_hf469.png
  Android drawables: char_john_wayne_gacy_hf469.png
  characters.py aggiornato per 'john_wayne_gacy_hf469'
  ✅ Avatar salvato!

============================================================
Generazione: Jack (jack_hf470)
============================================================
  Uso API gratuita: free
  Prompt: Candid snapshot of a young man, around 21 years old, Historical Animation Series, Jack is the main protagonist of \. Nat...
  Pexels: trovata foto di Murry Lee
  Immagine: 57531 bytes
  Server: static/avatars/storia/jack_hf470.png
  Android drawables: char_jack_hf470.png
  characters.py aggiornato per 'jack_hf470'
  ✅ Avatar salvato!

============================================================
Generazione: Zodiac Killer (zodiac_killer_hf471)
============================================================
  Uso API gratuita: free
  Prompt: Candid snapshot of a young man, around 22 years old, True Crime Magazines, The Zodiac Killer is an unidentified serial k...
  Pexels: trovata foto di Israyosoy S.
  Immagine: 82755 bytes
  Server: static/avatars/detective/zodiac_killer_hf471.png
  Android drawables: char_zodiac_killer_hf471.png
  characters.py aggiornato per 'zodiac_killer_hf471'
  ✅ Avatar salvato!

============================================================
Generazione: Eddard Stark (eddard_stark_hf472)
============================================================
  Uso API gratuita: free
  Prompt: Candid snapshot of a young man, around 28 years old, Sword and Sorcery, Eddard \. Natural indoor lighting from window, s...
  Pexels: trovata foto di Anya  Juárez Tenorio
  Immagine: 46782 bytes
  Server: static/avatars/fantasy/eddard_stark_hf472.png
  Android drawables: char_eddard_stark_hf472.png
  characters.py aggiornato per 'eddard_stark_hf472'
  ✅ Avatar salvato!

============================================================
Generazione: Akito Tenkawa (akito_tenkawa_hf473)
============================================================
  Uso API gratuita: free
  Prompt: Candid snapshot of a young man, around 19 years old, Mecha, Akito Tenkawa is the main protagonist of Martian Successor N...
  Pexels: trovata foto di SoyBreno Fotografia
  Immagine: 35547 bytes
  Server: static/avatars/sci-fi/akito_tenkawa_hf473.png
  Android drawables: char_akito_tenkawa_hf473.png
  characters.py aggiornato per 'akito_tenkawa_hf473'
  ✅ Avatar salvato!

============================================================
Generazione: Naru Narusegawa (naru_narusegawa_hf474)
============================================================
  Uso API gratuita: free
  Prompt: Candid snapshot of a young woman, around 28 years old, Occult, Naru Narusegawa is a resident of the Hinata Inn and a mai...
  Pexels: trovata foto di Fernando  Paleta
  Immagine: 21653 bytes
  Server: static/avatars/anime/naru_narusegawa_hf474.png
  Android drawables: char_naru_narusegawa_hf474.png
  characters.py aggiornato per 'naru_narusegawa_hf474'
  ✅ Avatar salvato!

============================================================
Generazione: Tom Holland (tom_holland_hf475)
============================================================
  Uso API gratuita: free
  Prompt: Candid snapshot of a mature man, around 35 years old, Celebrity Gossip Blogs, Tom Holland is an actor best known for his...
  Errore Pexels: HTTP 429
  Immagine: 43356 bytes
  Server: static/avatars/creativi/tom_holland_hf475.png
  Android drawables: char_tom_holland_hf475.png
  characters.py aggiornato per 'tom_holland_hf475'
  ✅ Avatar salvato!

============================================================
Generazione: Nate Berkus (nate_berkus_hf476)
============================================================
  Uso API gratuita: free
  Prompt: Candid snapshot of a mature man, around 32 years old, Character-Based DIY Projects Blogs, Nate Berkus is a designer, aut...
  Pexels: trovata foto di Khaled Hamoud
  Immagine: 55590 bytes
  Server: static/avatars/creativi/nate_berkus_hf476.png
  Android drawables: char_nate_berkus_hf476.png
  characters.py aggiornato per 'nate_berkus_hf476'
  ✅ Avatar salvato!

============================================================
Generazione: Marie Antoinette (marie_antoinette_hf477)
============================================================
  Uso API gratuita: free
  Prompt: Candid snapshot of a young woman, around 20 years old, Royalty and Nobility Magazines, Marie Antoinette was the last Que...
  Pexels: trovata foto di Daniil Kondrashin
  Immagine: 36149 bytes
  Server: static/avatars/creativi/marie_antoinette_hf477.png
  Android drawables: char_marie_antoinette_hf477.png
  characters.py aggiornato per 'marie_antoinette_hf477'
  ✅ Avatar salvato!

============================================================
Generazione: Ryūjin (ry_jin_hf478)
============================================================
  Uso API gratuita: free
  Prompt: Candid snapshot of a young man, around 20 years old, Mythology, Ryūjin is a legendary sea god in Japanese mythology, and...
  Pexels: trovata foto di Abhishek Mishra
  Immagine: 33666 bytes
  Server: static/avatars/fantasy/ry_jin_hf478.png
  Android drawables: char_ry_jin_hf478.png
  characters.py aggiornato per 'ry_jin_hf478'
  ✅ Avatar salvato!

============================================================
Generazione: Búru (b_ru_hf479)
============================================================
  Uso API gratuita: free
  Prompt: Candid snapshot of a young man, around 18 years old, Guatuso Mythology, Búru is a guardian of the underworld in Guatuso ...
  Errore Pexels: HTTP 429
  Immagine: 52572 bytes
  Server: static/avatars/fantasy/b_ru_hf479.png
  Android drawables: char_b_ru_hf479.png
  characters.py aggiornato per 'b_ru_hf479'
  ✅ Avatar salvato!

============================================================
Generazione: Florence Nightingale (florence_nightingale_hf480)
============================================================
  Uso API gratuita: free
  Prompt: Candid snapshot of a mature woman, around 35 years old, Historical Articles, Florence Nightingale was an English social ...
  Pexels: trovata foto di Alexandra  Holbea
  Immagine: 82192 bytes
  Server: static/avatars/storia/florence_nightingale_hf480.png
  Android drawables: char_florence_nightingale_hf480.png
  characters.py aggiornato per 'florence_nightingale_hf480'
  ✅ Avatar salvato!

============================================================
Generazione: Ms. Frizzle (ms_frizzle_hf481)
============================================================
  Uso API gratuita: free
  Prompt: Candid snapshot of a mature man, around 30 years old, Character-Based Educational Blogs, Ms. Natural indoor lighting fro...
  Pexels: trovata foto di Sam Clickx
  Immagine: 50832 bytes
  Server: static/avatars/creativi/ms_frizzle_hf481.png
  Android drawables: char_ms_frizzle_hf481.png
  characters.py aggiornato per 'ms_frizzle_hf481'
  ✅ Avatar salvato!

============================================================
Generazione: Haruhi Suzumiya (haruhi_suzumiya_hf482)
============================================================
  Uso API gratuita: free
  Prompt: Candid snapshot of a young man, around 23 years old, Music, Haruhi Suzumiya is the central character in \. Natural indoo...
  Pexels: trovata foto di DΛVΞ GΛRCIΛ
  Immagine: 53517 bytes
  Server: static/avatars/romantici/haruhi_suzumiya_hf482.png
  Android drawables: char_haruhi_suzumiya_hf482.png
  characters.py aggiornato per 'haruhi_suzumiya_hf482'
  ✅ Avatar salvato!

============================================================
Generazione: Thesan (thesan_hf483)
============================================================
  Uso API gratuita: free
  Prompt: Candid snapshot of a mature man, around 31 years old, Etruscan Mythology, Thesan is the Etruscan goddess of the dawn, of...
  Errore Pexels: HTTP 429
  Immagine: 52363 bytes
  Server: static/avatars/fantasy/thesan_hf483.png
  Android drawables: char_thesan_hf483.png
  characters.py aggiornato per 'thesan_hf483'
  ✅ Avatar salvato!

============================================================
Generazione: William the Conqueror (william_the_conqueror_hf484)
============================================================
  Uso API gratuita: free
  Prompt: Candid snapshot of a mature man, around 35 years old, Chronicles, William the Conqueror, also known as William I of Engl...
  Pexels: trovata foto di FURY | FILM.
  Immagine: 12689 bytes
  Server: static/avatars/storia/william_the_conqueror_hf484.png
  Android drawables: char_william_the_conqueror_hf484.png
  characters.py aggiornato per 'william_the_conqueror_hf484'
  ✅ Avatar salvato!

============================================================
Generazione: Daphne Bridgerton (daphne_bridgerton_hf485)
============================================================
  Uso API gratuita: free
  Prompt: Candid snapshot of a young man, around 28 years old, Character-Centric Lifestyle Blogs, Daphne Bridgerton is the protago...
  Pexels: trovata foto di Shareef Murtuza Mohiuddin
  Immagine: 39049 bytes
  Server: static/avatars/creativi/daphne_bridgerton_hf485.png
  Android drawables: char_daphne_bridgerton_hf485.png
  characters.py aggiornato per 'daphne_bridgerton_hf485'
  ✅ Avatar salvato!

============================================================
Generazione: Kylie Jenner (kylie_jenner_hf486)
============================================================
  Uso API gratuita: free
  Prompt: Candid snapshot of a mature man, around 30 years old, Reality TV Star Updates, Kylie Jenner is an American media persona...
  Pexels: trovata foto di Samet Tecimen
  Immagine: 37319 bytes
  Server: static/avatars/creativi/kylie_jenner_hf486.png
  Android drawables: char_kylie_jenner_hf486.png
  characters.py aggiornato per 'kylie_jenner_hf486'
  ✅ Avatar salvato!

============================================================
Generazione: Jiang Cheng (jiang_cheng_hf487)
============================================================
  Uso API gratuita: free
  Prompt: Candid snapshot of a mature man, around 35 years old, Xianxia, Jiang Cheng is the head of the Jiang Clan and Wei Wuxian'...
  Errore Pexels: HTTP 429
  Immagine: 48109 bytes
  Server: static/avatars/fantasy/jiang_cheng_hf487.png
  Android drawables: char_jiang_cheng_hf487.png
  characters.py aggiornato per 'jiang_cheng_hf487'
  ✅ Avatar salvato!

============================================================
Generazione: Kassandra (kassandra_hf488)
============================================================
  Uso API gratuita: free
  Prompt: Candid snapshot of a mature woman, around 31 years old, Narrative Game, Kassandra is one of the protagonists of Assassin...
  Pexels: trovata foto di Andrei Olaru
  Immagine: 53170 bytes
  Server: static/avatars/gamer/kassandra_hf488.png
  Android drawables: char_kassandra_hf488.png
  characters.py aggiornato per 'kassandra_hf488'
  ✅ Avatar salvato!

============================================================
Generazione: Apsu (apsu_hf489)
============================================================
  Uso API gratuita: free
  Prompt: Candid snapshot of a young man, around 28 years old, Cosmogonic Myths, Apsu is a primeval god in Mesopotamian mythology,...
  Pexels: trovata foto di Aswin R S
  Immagine: 53962 bytes
  Server: static/avatars/creativi/apsu_hf489.png
  Android drawables: char_apsu_hf489.png
  characters.py aggiornato per 'apsu_hf489'
  ✅ Avatar salvato!

============================================================
Generazione: Howard Schultz (howard_schultz_hf490)
============================================================
  Uso API gratuita: free
  Prompt: Candid snapshot of a young man, around 19 years old, Character-Driven Leadership Blogs, Howard Schultz is the former CEO...
  Errore Pexels: HTTP 429
  Immagine: 47879 bytes
  Server: static/avatars/creativi/howard_schultz_hf490.png
  Android drawables: char_howard_schultz_hf490.png
  characters.py aggiornato per 'howard_schultz_hf490'
  ✅ Avatar salvato!

============================================================
Generazione: Lisbeth Salander (lisbeth_salander_hf491)
============================================================
  Uso API gratuita: free
  Prompt: Candid snapshot of a mature man, around 31 years old, Thrillers, Lisbeth Salander is the enigmatic and brilliant hacker ...
  Pexels: trovata foto di Lucky Photography
  Immagine: 18074 bytes
  Server: static/avatars/detective/lisbeth_salander_hf491.png
  Android drawables: char_lisbeth_salander_hf491.png
  characters.py aggiornato per 'lisbeth_salander_hf491'
  ✅ Avatar salvato!

============================================================
Generazione: Usain Bolt (usain_bolt_hf492)
============================================================
  Uso API gratuita: free
  Prompt: Candid snapshot of a young man, around 25 years old, Professional Athlete Magazines, Usain Bolt is a retired Jamaican sp...
  Pexels: trovata foto di Jovan Vasiljević
  Immagine: 26505 bytes
  Server: static/avatars/creativi/usain_bolt_hf492.png
  Android drawables: char_usain_bolt_hf492.png
  characters.py aggiornato per 'usain_bolt_hf492'
  ✅ Avatar salvato!

============================================================
Generazione: Sundiata Keita (sundiata_keita_hf493)
============================================================
  Uso API gratuita: free
  Prompt: Candid snapshot of a mature woman, around 30 years old, Cultural Heroes, Sundiata Keita is a historical figure and the f...
  Pexels: trovata foto di Ron Lach
  Immagine: 24792 bytes
  Server: static/avatars/creativi/sundiata_keita_hf493.png
  Android drawables: char_sundiata_keita_hf493.png
  characters.py aggiornato per 'sundiata_keita_hf493'
  ✅ Avatar salvato!

============================================================
Generazione: Samuel Bellamy (samuel_bellamy_hf494)
============================================================
  Uso API gratuita: free
  Prompt: Candid snapshot of a young man, around 24 years old, Pirate RPGs, Samuel \. Natural indoor lighting from window, soft sh...
  Pexels: trovata foto di Duran  Ekiz
  Immagine: 28787 bytes
  Server: static/avatars/viaggi/samuel_bellamy_hf494.png
  Android drawables: char_samuel_bellamy_hf494.png
  characters.py aggiornato per 'samuel_bellamy_hf494'
  ✅ Avatar salvato!

============================================================
Generazione: Arthur Eddington (arthur_eddington_hf495)
============================================================
  Uso API gratuita: free
  Prompt: Candid snapshot of a mature man, around 33 years old, Astrological Research, Arthur Eddington was an English astronomer,...
  Errore Pexels: HTTP 429
  Immagine: 47955 bytes
  Server: static/avatars/creativi/arthur_eddington_hf495.png
  Android drawables: char_arthur_eddington_hf495.png
  characters.py aggiornato per 'arthur_eddington_hf495'
  ✅ Avatar salvato!

============================================================
Generazione: Ajani Goldmane (ajani_goldmane_hf496)
============================================================
  Uso API gratuita: free
  Prompt: Candid snapshot of a young man, around 29 years old, Adventure Card Games, Ajani Goldmane is a leonine planeswalker know...
  Pexels: trovata foto di 𝙕𝘼𝙆𝙄 𝙂𝙂𝘿
  Immagine: 31355 bytes
  Server: static/avatars/viaggi/ajani_goldmane_hf496.png
  Android drawables: char_ajani_goldmane_hf496.png
  characters.py aggiornato per 'ajani_goldmane_hf496'
  ✅ Avatar salvato!

============================================================
Generazione: Saiki Kusuo (saiki_kusuo_hf497)
============================================================
  Uso API gratuita: free
  Prompt: Candid snapshot of a young man, around 18 years old, Satire, Saiki Kusuo is the protagonist of the manga series \. Natur...
  Pexels: trovata foto di urtimud.89
  Immagine: 40188 bytes
  Server: static/avatars/intrattenimento/saiki_kusuo_hf497.png
  Android drawables: char_saiki_kusuo_hf497.png
  characters.py aggiornato per 'saiki_kusuo_hf497'
  ✅ Avatar salvato!

============================================================
Generazione: John Constantine (john_constantine_hf498)
============================================================
  Uso API gratuita: free
  Prompt: Candid snapshot of a young man, around 22 years old, LGBTQ+, John Constantine is a cynical, chain-smoking occult detecti...
  Pexels: trovata foto di Anna Shvets
  Immagine: 24405 bytes
  Server: static/avatars/creativi/john_constantine_hf498.png
  Android drawables: char_john_constantine_hf498.png
  characters.py aggiornato per 'john_constantine_hf498'
  ✅ Avatar salvato!

============================================================
Generazione: Lt. Col. Bill Kilgore (lt_col_bill_kilgore_hf499)
============================================================
  Uso API gratuita: free
  Prompt: Candid snapshot of a young man, around 22 years old, War Films, Lieutenant Colonel Bill Kilgore, portrayed by Robert Duv...
  Errore Pexels: HTTP 429
  Immagine: 42900 bytes
  Server: static/avatars/intrattenimento/lt_col_bill_kilgore_hf499.png
  Android drawables: char_lt_col_bill_kilgore_hf499.png
  characters.py aggiornato per 'lt_col_bill_kilgore_hf499'
  ✅ Avatar salvato!

============================================================
Generazione: Spider-Man (Peter Parker) (spider_man_peter_parker_hf500)
============================================================
  Uso API gratuita: free
  Prompt: Candid snapshot of a young man, around 20 years old, Superhero Blogs, Spider-Man, also known as Peter Parker, is a super...
  Pexels: trovata foto di BM Capture
  Immagine: 47009 bytes
  Server: static/avatars/supereroi/spider_man_peter_parker_hf500.png
  Android drawables: char_spider_man_peter_parker_hf500.png
  characters.py aggiornato per 'spider_man_peter_parker_hf500'
  ✅ Avatar salvato!

============================================================
Generazione: Benedick (benedick_hf501)
============================================================
  Uso API gratuita: free
  Prompt: Candid snapshot of a mature man, around 33 years old, Shadow Play, Benedick is a witty and charming soldier who engages ...
  Pexels: trovata foto di Yasser Amin
  Immagine: 14100 bytes
  Server: static/avatars/creativi/benedick_hf501.png
  Android drawables: char_benedick_hf501.png
  characters.py aggiornato per 'benedick_hf501'
  ✅ Avatar salvato!

============================================================
Generazione: Troy Barnes (troy_barnes_hf502)
============================================================
  Uso API gratuita: free
  Prompt: Candid snapshot of a mature man, around 33 years old, Improvisational Comedy Shows, Troy Barnes is a former high school ...
  Pexels: trovata foto di Adriano Marquez
  Immagine: 37522 bytes
  Server: static/avatars/intrattenimento/troy_barnes_hf502.png
  Android drawables: char_troy_barnes_hf502.png
  characters.py aggiornato per 'troy_barnes_hf502'
  ✅ Avatar salvato!

============================================================
Generazione: Cherry Darling (cherry_darling_hf503)
============================================================
  Uso API gratuita: free
  Prompt: Candid snapshot of a young woman, around 26 years old, Grindhouse Films, Cherry Darling is a go-go dancer who finds hers...
  Pexels: trovata foto di Dovydas Pranka
  Immagine: 15589 bytes
  Server: static/avatars/intrattenimento/cherry_darling_hf503.png
  Android drawables: char_cherry_darling_hf503.png
  characters.py aggiornato per 'cherry_darling_hf503'
  ✅ Avatar salvato!

============================================================
Generazione: Barnumbirr (barnumbirr_hf504)
============================================================
  Uso API gratuita: free
  Prompt: Candid snapshot of a young woman, around 29 years old, Aboriginal Australian Mythology, Barnumbirr is a goddess associat...
  Errore Pexels: HTTP 429
  Immagine: 49068 bytes
  Server: static/avatars/fantasy/barnumbirr_hf504.png
  Android drawables: char_barnumbirr_hf504.png
  characters.py aggiornato per 'barnumbirr_hf504'
  ✅ Avatar salvato!

============================================================
Generazione: Thomas Edison (thomas_edison_hf505)
============================================================
  Uso API gratuita: free
  Prompt: Candid snapshot of a young man, around 27 years old, Discussion Papers on Controversial..., Thomas Edison was an America...
  Pexels: trovata foto di cottonbro studio
  Immagine: 29306 bytes
  Server: static/avatars/tecnici/thomas_edison_hf505.png
  Android drawables: char_thomas_edison_hf505.png
  characters.py aggiornato per 'thomas_edison_hf505'
  ✅ Avatar salvato!

============================================================
Generazione: Imre Nagy (imre_nagy_hf506)
============================================================
  Uso API gratuita: free
  Prompt: Candid snapshot of a young man, around 19 years old, Cold War Board Games, Imre Nagy was a Hungarian politician who serv...
  Pexels: trovata foto di Thirdman
  Immagine: 21477 bytes
  Server: static/avatars/sopravvivenza/imre_nagy_hf506.png
  Android drawables: char_imre_nagy_hf506.png
  characters.py aggiornato per 'imre_nagy_hf506'
  ✅ Avatar salvato!

============================================================
Generazione: Elton John (elton_john_hf507)
============================================================
  Uso API gratuita: free
  Prompt: Candid snapshot of a young woman, around 23 years old, Celebrity Memoir Magazines, Elton John is a legendary British mus...
  Pexels: trovata foto di Vanessa Pozos
  Immagine: 28735 bytes
  Server: static/avatars/creativi/elton_john_hf507.png
  Android drawables: char_elton_john_hf507.png
  characters.py aggiornato per 'elton_john_hf507'
  ✅ Avatar salvato!

============================================================
Generazione: Carolyn Perron (carolyn_perron_hf508)
============================================================
  Uso API gratuita: free
  Prompt: Candid snapshot of a young man, around 25 years old, Haunted House Films, Carolyn Perron is one of the main characters i...
  Pexels: trovata foto di Nathan J Hilton
  Immagine: 23275 bytes
  Server: static/avatars/intrattenimento/carolyn_perron_hf508.png
  Android drawables: char_carolyn_perron_hf508.png
  characters.py aggiornato per 'carolyn_perron_hf508'
  ✅ Avatar salvato!

============================================================
Generazione: Vito Corleone (vito_corleone_hf509)
============================================================
  Uso API gratuita: free
  Prompt: Candid snapshot of a mature man, around 34 years old, Character-Centric Debate Blogs, Vito Corleone is the central chara...
  Errore Pexels: HTTP 429
  Immagine: 36688 bytes
  Server: static/avatars/creativi/vito_corleone_hf509.png
  Android drawables: char_vito_corleone_hf509.png
  characters.py aggiornato per 'vito_corleone_hf509'
  ✅ Avatar salvato!

============================================================
Generazione: Ori (ori_hf510)
============================================================
  Uso API gratuita: free
  Prompt: Candid snapshot of a mature man, around 30 years old, Metroidvania, Ori is a guardian spirit in the game Ori and the Bli...
  Pexels: trovata foto di Atahan Demir
  Immagine: 17009 bytes
  Server: static/avatars/gamer/ori_hf510.png
  Android drawables: char_ori_hf510.png
  characters.py aggiornato per 'ori_hf510'
  ✅ Avatar salvato!

============================================================
Generazione: Yip Man (Ip Man) (yip_man_ip_man_hf511)
============================================================
  Uso API gratuita: free
  Prompt: Candid snapshot of a young man, around 27 years old, Martial Arts Magazines, Yip Man, also known as Ip Man, was a Chines...
  Pexels: trovata foto di Bruno Casttro
  Immagine: 31594 bytes
  Server: static/avatars/fantasy/yip_man_ip_man_hf511.png
  Android drawables: char_yip_man_ip_man_hf511.png
  characters.py aggiornato per 'yip_man_ip_man_hf511'
  ✅ Avatar salvato!

============================================================
Generazione: Kira Walker (kira_walker_hf512)
============================================================
  Uso API gratuita: free
  Prompt: Candid snapshot of a young woman, around 22 years old, Dystopian, Kira Walker is the protagonist of Dan Wells's \. Natur...
  Pexels: trovata foto di Lisa from Pexels
  Immagine: 26574 bytes
  Server: static/avatars/sci-fi/kira_walker_hf512.png
  Android drawables: char_kira_walker_hf512.png
  characters.py aggiornato per 'kira_walker_hf512'
  ✅ Avatar salvato!

============================================================
Generazione: Bill Cunningham (bill_cunningham_hf513)
============================================================
  Uso API gratuita: free
  Prompt: Candid snapshot of a young man, around 18 years old, Tabloid Talk Shows, Bill Cunningham is the host of \. Natural indoo...
  Pexels: trovata foto di cottonbro studio
  Immagine: 27373 bytes
  Server: static/avatars/creativi/bill_cunningham_hf513.png
  Android drawables: char_bill_cunningham_hf513.png
  characters.py aggiornato per 'bill_cunningham_hf513'
  ✅ Avatar salvato!

============================================================
Generazione: Conker (conker_hf514)
============================================================
  Uso API gratuita: free
  Prompt: Candid snapshot of a mature man, around 32 years old, Anthropomorphic Animal Game, Conker is the main character of the g...
  Pexels: trovata foto di vikesh zen
  Immagine: 49085 bytes
  Server: static/avatars/gamer/conker_hf514.png
  Android drawables: char_conker_hf514.png
  characters.py aggiornato per 'conker_hf514'
  ✅ Avatar salvato!

============================================================
Generazione: Tatei Matinieri (tatei_matinieri_hf515)
============================================================
  Uso API gratuita: free
  Prompt: Candid snapshot of a young woman, around 25 years old, Huichol Mythology, Tatei Matinieri, also known as Our Mother of t...
  Pexels: trovata foto di Dux  Camp.
  Immagine: 65153 bytes
  Server: static/avatars/fantasy/tatei_matinieri_hf515.png
  Android drawables: char_tatei_matinieri_hf515.png
  characters.py aggiornato per 'tatei_matinieri_hf515'
  ✅ Avatar salvato!

============================================================
Generazione: Joan Baez (joan_baez_hf516)
============================================================
  Uso API gratuita: free
  Prompt: Candid snapshot of a young woman, around 23 years old, Protest Songs, Joan Baez is an American folk singer, songwriter, ...
  Errore Pexels: HTTP 429
  Immagine: 46719 bytes
  Server: static/avatars/creativi/joan_baez_hf516.png
  Android drawables: char_joan_baez_hf516.png
  characters.py aggiornato per 'joan_baez_hf516'
  ✅ Avatar salvato!

============================================================
Generazione: Kathie Moffat (kathie_moffat_hf517)
============================================================
  Uso API gratuita: free
  Prompt: Candid snapshot of a mature man, around 32 years old, Film Noir, Kathie Moffat is a classic femme fatale from the 1947 f...
  Pexels: trovata foto di jordan besson
  Immagine: 24118 bytes
  Server: static/avatars/intrattenimento/kathie_moffat_hf517.png
  Android drawables: char_kathie_moffat_hf517.png
  characters.py aggiornato per 'kathie_moffat_hf517'
  ✅ Avatar salvato!

============================================================
Generazione: Rick Grimes (rick_grimes_hf518)
============================================================
  Uso API gratuita: free
  Prompt: Candid snapshot of a mature man, around 32 years old, Cultural Icons Board Games, Rick Grimes is the former sheriff's de...
  Pexels: trovata foto di Ahmed ؜
  Immagine: 38890 bytes
  Server: static/avatars/gamer/rick_grimes_hf518.png
  Android drawables: char_rick_grimes_hf518.png
  characters.py aggiornato per 'rick_grimes_hf518'
  ✅ Avatar salvato!

============================================================
Generazione: Commissioner Gordon (commissioner_gordon_hf519)
============================================================
  Uso API gratuita: free
  Prompt: Candid snapshot of a young man, around 24 years old, Mystery, Commissioner James Gordon is the head of the Gotham City P...
  Errore Pexels: HTTP 429
  Immagine: 40217 bytes
  Server: static/avatars/detective/commissioner_gordon_hf519.png
  Android drawables: char_commissioner_gordon_hf519.png
  characters.py aggiornato per 'commissioner_gordon_hf519'
  ✅ Avatar salvato!

============================================================
Generazione: Ai-jen Poo (ai_jen_poo_hf520)
============================================================
  Uso API gratuita: free
  Prompt: Candid snapshot of a young woman, around 26 years old, Character-Driven Advocacy Blogs, Ai-jen Poo is an American labor ...
  Pexels: trovata foto di Chandru Charlie
  Immagine: 61883 bytes
  Server: static/avatars/creativi/ai_jen_poo_hf520.png
  Android drawables: char_ai_jen_poo_hf520.png
  characters.py aggiornato per 'ai_jen_poo_hf520'
  ✅ Avatar salvato!

============================================================
Generazione: The Frog Prince (the_frog_prince_hf521)
============================================================
  Uso API gratuita: free
  Prompt: Candid snapshot of a young man, around 28 years old, Mythic Fairy Tales, The Frog Prince is a prince who has been transf...
  Pexels: trovata foto di Rulo Mora
  Immagine: 36755 bytes
  Server: static/avatars/fantasy/the_frog_prince_hf521.png
  Android drawables: char_the_frog_prince_hf521.png
  characters.py aggiornato per 'the_frog_prince_hf521'
  ✅ Avatar salvato!

============================================================
Generazione: Lou Brown (lou_brown_hf522)
============================================================
  Uso API gratuita: free
  Prompt: Candid snapshot of a mature man, around 33 years old, Sport Films, Lou Brown, portrayed by James Gammon, is the grizzled...
  Pexels: trovata foto di Vitor Diniz
  Immagine: 28227 bytes
  Server: static/avatars/intrattenimento/lou_brown_hf522.png
  Android drawables: char_lou_brown_hf522.png
  characters.py aggiornato per 'lou_brown_hf522'
  ✅ Avatar salvato!

============================================================
Generazione: Sousuke Sagara (sousuke_sagara_hf523)
============================================================
  Uso API gratuita: free
  Prompt: Candid snapshot of a young man, around 19 years old, Military, Sousuke Sagara is a sergeant in the paramilitary organiza...
  Pexels: trovata foto di Michał Paćko
  Immagine: 35019 bytes
  Server: static/avatars/sopravvivenza/sousuke_sagara_hf523.png
  Android drawables: char_sousuke_sagara_hf523.png
  characters.py aggiornato per 'sousuke_sagara_hf523'
  ✅ Avatar salvato!

============================================================
Generazione: Muzan Kibutsuji (muzan_kibutsuji_hf524)
============================================================
  Uso API gratuita: free
  Prompt: Candid snapshot of a young man, around 19 years old, Demons, Muzan Kibutsuji is the main antagonist in \. Natural indoor...
  Pexels: trovata foto di Heber Vazquez
  Immagine: 39939 bytes
  Server: static/avatars/anime/muzan_kibutsuji_hf524.png
  Android drawables: char_muzan_kibutsuji_hf524.png
  characters.py aggiornato per 'muzan_kibutsuji_hf524'
  ✅ Avatar salvato!

============================================================
Generazione: Yuri Nakamura (yuri_nakamura_hf525)
============================================================
  Uso API gratuita: free
  Prompt: Candid snapshot of a young man, around 20 years old, Yuri, Yuri Nakamura is a character from Terror in Resonance (Zankyo...
  Errore Pexels: HTTP 429
  Immagine: 43194 bytes
  Server: static/avatars/anime/yuri_nakamura_hf525.png
  Android drawables: char_yuri_nakamura_hf525.png
  characters.py aggiornato per 'yuri_nakamura_hf525'
  ✅ Avatar salvato!

============================================================
Generazione: Po (po_hf526)
============================================================
  Uso API gratuita: free
  Prompt: Candid snapshot of a young man, around 18 years old, Martial Arts Films, Po is the lovable and clumsy panda who becomes ...
  Pexels: trovata foto di Bakr Magrabi
  Immagine: 48484 bytes
  Server: static/avatars/fantasy/po_hf526.png
  Android drawables: char_po_hf526.png
  characters.py aggiornato per 'po_hf526'
  ✅ Avatar salvato!

============================================================
Generazione: Hildy Johnson (hildy_johnson_hf527)
============================================================
  Uso API gratuita: free
  Prompt: Candid snapshot of a young woman, around 29 years old, Online Newspapers, Hildy Johnson is a sharp, quick-witted reporte...
  Pexels: trovata foto di Jhon  Ferreira
  Immagine: 32321 bytes
  Server: static/avatars/creativi/hildy_johnson_hf527.png
  Android drawables: char_hildy_johnson_hf527.png
  characters.py aggiornato per 'hildy_johnson_hf527'
  ✅ Avatar salvato!

============================================================
Generazione: Alex Jones (alex_jones_hf528)
============================================================
  Uso API gratuita: free
  Prompt: Candid snapshot of a young man, around 28 years old, Character Conspiracy Theories Blogs, Alex Jones is a controversial ...
  Pexels: trovata foto di Moon Bouy
  Immagine: 23030 bytes
  Server: static/avatars/creativi/alex_jones_hf528.png
  Android drawables: char_alex_jones_hf528.png
  characters.py aggiornato per 'alex_jones_hf528'
  ✅ Avatar salvato!

============================================================
Generazione: Andre Agassi (andre_agassi_hf529)
============================================================
  Uso API gratuita: free
  Prompt: Candid snapshot of a young man, around 27 years old, Confessional Biography, Andre Agassi is a retired American professi...
  Errore Pexels: HTTP 429
  Immagine: 44609 bytes
  Server: static/avatars/quotidiano/andre_agassi_hf529.png
  Android drawables: char_andre_agassi_hf529.png
  characters.py aggiornato per 'andre_agassi_hf529'
  ✅ Avatar salvato!

============================================================
Generazione: Colonel Hans Landa (colonel_hans_landa_hf530)
============================================================
  Uso API gratuita: free
  Prompt: Candid snapshot of a young man, around 19 years old, Military RPGs, Colonel Hans Landa, portrayed by Christoph Waltz, is...
  Pexels: trovata foto di Miguel Guerra
  Immagine: 450182 bytes
  Server: static/avatars/sopravvivenza/colonel_hans_landa_hf530.png
  Android drawables: char_colonel_hans_landa_hf530.png
  characters.py aggiornato per 'colonel_hans_landa_hf530'
  ✅ Avatar salvato!

============================================================
Generazione: Darth Vader (darth_vader_hf531)
============================================================
  Uso API gratuita: free
  Prompt: Candid snapshot of a mature man, around 35 years old, Protagonist vs. Antagonist Articles, Darth Vader, formerly known a...
  Pexels: trovata foto di Jean-Daniel Francoeur
  Immagine: 30834 bytes
  Server: static/avatars/creativi/darth_vader_hf531.png
  Android drawables: char_darth_vader_hf531.png
  characters.py aggiornato per 'darth_vader_hf531'
  ✅ Avatar salvato!

============================================================
Generazione: Ash Williams (ash_williams_hf532)
============================================================
  Uso API gratuita: free
  Prompt: Candid snapshot of a young man, around 28 years old, Horror Card Games, Ash Williams is the main protagonist from the \....
  Pexels: trovata foto di Yaritza
  Immagine: 15450 bytes
  Server: static/avatars/horror/ash_williams_hf532.png
  Android drawables: char_ash_williams_hf532.png
  characters.py aggiornato per 'ash_williams_hf532'
  ✅ Avatar salvato!

============================================================
Generazione: Eleanor Roosevelt (eleanor_roosevelt_hf533)
============================================================
  Uso API gratuita: free
  Prompt: Candid snapshot of a young woman, around 27 years old, Educational Biography, Eleanor Roosevelt was an American politica...
  Errore Pexels: HTTP 429
  Immagine: 45511 bytes
  Server: static/avatars/quotidiano/eleanor_roosevelt_hf533.png
  Android drawables: char_eleanor_roosevelt_hf533.png
  characters.py aggiornato per 'eleanor_roosevelt_hf533'
  ✅ Avatar salvato!

============================================================
Generazione: Dana Scully (dana_scully_hf534)
============================================================
  Uso API gratuita: free
  Prompt: Candid snapshot of a young woman, around 24 years old, Conspiracy theories, Dana Scully is a medical doctor and FBI agen...
  Pexels: trovata foto di Tre Blackman
  Immagine: 27811 bytes
  Server: static/avatars/creativi/dana_scully_hf534.png
  Android drawables: char_dana_scully_hf534.png
  characters.py aggiornato per 'dana_scully_hf534'
  ✅ Avatar salvato!

============================================================
Generazione: Vandana Shiva (vandana_shiva_hf535)
============================================================
  Uso API gratuita: free
  Prompt: Candid snapshot of a mature woman, around 31 years old, Activist Documentaries, Vandana Shiva is an Indian scholar, envi...
  Pexels: trovata foto di cottonbro studio
  Immagine: 25797 bytes
  Server: static/avatars/creativi/vandana_shiva_hf535.png
  Android drawables: char_vandana_shiva_hf535.png
  characters.py aggiornato per 'vandana_shiva_hf535'
  ✅ Avatar salvato!

============================================================
Generazione: Corvo Attano (corvo_attano_hf536)
============================================================
  Uso API gratuita: free
  Prompt: Candid snapshot of a young man, around 25 years old, First-Person Shooter (FPS), Corvo Attano is the protagonist of the ...
  Pexels: trovata foto di annmteu
  Immagine: 22044 bytes
  Server: static/avatars/gamer/corvo_attano_hf536.png
  Android drawables: char_corvo_attano_hf536.png
  characters.py aggiornato per 'corvo_attano_hf536'
  ✅ Avatar salvato!

============================================================
Generazione: Kirito (Kazuto Kirigaya) (kirito_kazuto_kirigaya_hf537)
============================================================
  Uso API gratuita: free
  Prompt: Candid snapshot of a mature man, around 33 years old, Fantasy World, Kirito, whose real name is Kazuto Kirigaya, is the ...
  Errore Pexels: HTTP 429
  Immagine: 44205 bytes
  Server: static/avatars/fantasy/kirito_kazuto_kirigaya_hf537.png
  Android drawables: char_kirito_kazuto_kirigaya_hf537.png
  characters.py aggiornato per 'kirito_kazuto_kirigaya_hf537'
  ✅ Avatar salvato!

============================================================
Generazione: Cristiano Ronaldo (cristiano_ronaldo_hf538)
============================================================
  Uso API gratuita: free
  Prompt: Candid snapshot of a mature man, around 32 years old, Sports, Cristiano Ronaldo is one of the greatest footballers of al...
  Pexels: trovata foto di SHVETS production
  Immagine: 28755 bytes
  Server: static/avatars/sport/cristiano_ronaldo_hf538.png
  Android drawables: char_cristiano_ronaldo_hf538.png
  characters.py aggiornato per 'cristiano_ronaldo_hf538'
  ✅ Avatar salvato!

============================================================
Generazione: Rhett Butler (rhett_butler_hf539)
============================================================
  Uso API gratuita: free
  Prompt: Candid snapshot of a young man, around 29 years old, Romance, Rhett Butler is the charismatic and roguish hero of Margar...
  Pexels: trovata foto di Michael Obstoj
  Immagine: 26263 bytes
  Server: static/avatars/romantici/rhett_butler_hf539.png
  Android drawables: char_rhett_butler_hf539.png
  characters.py aggiornato per 'rhett_butler_hf539'
  ✅ Avatar salvato!

============================================================
Generazione: P.T. Barnum (p_t_barnum_hf540)
============================================================
  Uso API gratuita: free
  Prompt: Candid snapshot of a young man, around 24 years old, Musical Films, P. Natural indoor lighting from window, soft shadows...
  Pexels: trovata foto di Zaid Ahmed
  Immagine: 25322 bytes
  Server: static/avatars/intrattenimento/p_t_barnum_hf540.png
  Android drawables: char_p_t_barnum_hf540.png
  characters.py aggiornato per 'p_t_barnum_hf540'
  ✅ Avatar salvato!

============================================================
Generazione: Leslie Knope (leslie_knope_hf541)
============================================================
  Uso API gratuita: free
  Prompt: Candid snapshot of a young woman, around 24 years old, Fantasy Comedies, Leslie Knope is the enthusiastic and dedicated ...
  Errore Pexels: HTTP 429
  Immagine: 49245 bytes
  Server: static/avatars/fantasy/leslie_knope_hf541.png
  Android drawables: char_leslie_knope_hf541.png
  characters.py aggiornato per 'leslie_knope_hf541'
  ✅ Avatar salvato!

============================================================
Generazione: Ethan Hunt (ethan_hunt_hf542)
============================================================
  Uso API gratuita: free
  Prompt: Candid snapshot of a young woman, around 18 years old, Action and Adventure Magazines, Ethan Hunt is an elite field agen...
  Pexels: trovata foto di Vanessa Pozos
  Immagine: 28735 bytes
  Server: static/avatars/supereroi/ethan_hunt_hf542.png
  Android drawables: char_ethan_hunt_hf542.png
  characters.py aggiornato per 'ethan_hunt_hf542'
  ✅ Avatar salvato!

============================================================
Generazione: Mike Holmes (mike_holmes_hf543)
============================================================
  Uso API gratuita: free
  Prompt: Candid snapshot of a mature man, around 32 years old, Character-Based DIY Projects Blogs, Mike Holmes is a Canadian cont...
  Pexels: trovata foto di annmteu
  Immagine: 43536 bytes
  Server: static/avatars/creativi/mike_holmes_hf543.png
  Android drawables: char_mike_holmes_hf543.png
  characters.py aggiornato per 'mike_holmes_hf543'
  ✅ Avatar salvato!

============================================================
Generazione: Nelson Mandela (nelson_mandela_hf544)
============================================================
  Uso API gratuita: free
  Prompt: Candid snapshot of a mature man, around 33 years old, Epistolary Biography, Nelson Mandela was a South African anti-apar...
  Pexels: trovata foto di Спиридон Варфаламеев
  Immagine: 23273 bytes
  Server: static/avatars/quotidiano/nelson_mandela_hf544.png
  Android drawables: char_nelson_mandela_hf544.png
  characters.py aggiornato per 'nelson_mandela_hf544'
  ✅ Avatar salvato!

============================================================
Generazione: Arthur Morgan (arthur_morgan_hf545)
============================================================
  Uso API gratuita: free
  Prompt: Candid snapshot of a young man, around 25 years old, Cooperative Game, Arthur Morgan is an outlaw and a member of the Va...
  Pexels: trovata foto di Kevin  Malik
  Immagine: 36934 bytes
  Server: static/avatars/gamer/arthur_morgan_hf545.png
  Android drawables: char_arthur_morgan_hf545.png
  characters.py aggiornato per 'arthur_morgan_hf545'
  ✅ Avatar salvato!

============================================================
Generazione: Ariana Grande (ariana_grande_hf546)
============================================================
  Uso API gratuita: free
  Prompt: Candid snapshot of a mature woman, around 34 years old, Celebrity Biography, Ariana Grande is an American singer, songwr...
  Pexels: trovata foto di Firman Marek_Brew
  Immagine: 31110 bytes
  Server: static/avatars/quotidiano/ariana_grande_hf546.png
  Android drawables: char_ariana_grande_hf546.png
  characters.py aggiornato per 'ariana_grande_hf546'
  ✅ Avatar salvato!

============================================================
Generazione: Dr. Olivia Bennett (dr_olivia_bennett_hf547)
============================================================
  Uso API gratuita: free
  Prompt: Candid snapshot of a mature woman, around 30 years old, Pilot Studies by Up-and-Coming..., Dr. Natural indoor lighting f...
  Errore Pexels: HTTP 429
  Immagine: 59990 bytes
  Server: static/avatars/creativi/dr_olivia_bennett_hf547.png
  Android drawables: char_dr_olivia_bennett_hf547.png
  characters.py aggiornato per 'dr_olivia_bennett_hf547'
  ✅ Avatar salvato!

============================================================
Generazione: Mitch Rapp (mitch_rapp_hf548)
============================================================
  Uso API gratuita: free
  Prompt: Candid snapshot of a mature man, around 34 years old, Spy Fiction, Mitch Rapp is a counter-terrorism operative working f...
  Pexels: trovata foto di Abigail Firster
  Immagine: 42663 bytes
  Server: static/avatars/creativi/mitch_rapp_hf548.png
  Android drawables: char_mitch_rapp_hf548.png
  characters.py aggiornato per 'mitch_rapp_hf548'
  ✅ Avatar salvato!

============================================================
Generazione: Phil Dunphy (phil_dunphy_hf549)
============================================================
  Uso API gratuita: free
  Prompt: Candid snapshot of a young man, around 27 years old, Fantasy Comedies, Phil Dunphy is the fun-loving, goofy, and well-me...
  Pexels: trovata foto di Nicky Manosalva
  Immagine: 29563 bytes
  Server: static/avatars/fantasy/phil_dunphy_hf549.png
  Android drawables: char_phil_dunphy_hf549.png
  characters.py aggiornato per 'phil_dunphy_hf549'
  ✅ Avatar salvato!

============================================================
Generazione: Hiccup Horrendous Haddock III (hiccup_horrendous_haddock_iii_hf550)
============================================================
  Uso API gratuita: free
  Prompt: Candid snapshot of a young man, around 29 years old, Experimental Animation, Hiccup is the inventive and brave protagoni...
  Errore Pexels: HTTP 429
  Immagine: 40657 bytes
  Server: static/avatars/intrattenimento/hiccup_horrendous_haddock_iii_hf550.png
  Android drawables: char_hiccup_horrendous_haddock_iii_hf550.png
  characters.py aggiornato per 'hiccup_horrendous_haddock_iii_hf550'
  ✅ Avatar salvato!

============================================================
Generazione: Princess Yona (princess_yona_hf551)
============================================================
  Uso API gratuita: free
  Prompt: Candid snapshot of a young man, around 28 years old, Ancient Civilization, Princess Yona is the main character of the ma...
  Pexels: trovata foto di Plato Terentev
  Immagine: 48200 bytes
  Server: static/avatars/anime/princess_yona_hf551.png
  Android drawables: char_princess_yona_hf551.png
  characters.py aggiornato per 'princess_yona_hf551'
  ✅ Avatar salvato!

============================================================
Generazione: Tezzeret (tezzeret_hf552)
============================================================
  Uso API gratuita: free
  Prompt: Candid snapshot of a young man, around 21 years old, Science Fiction Card Games, Tezzeret is a planeswalker and a master...
  Pexels: trovata foto di Kevin  Malik
  Immagine: 47619 bytes
  Server: static/avatars/sci-fi/tezzeret_hf552.png
  Android drawables: char_tezzeret_hf552.png
  characters.py aggiornato per 'tezzeret_hf552'
  ✅ Avatar salvato!

============================================================
Generazione: Captain Shepard (captain_shepard_hf553)
============================================================
  Uso API gratuita: free
  Prompt: Candid snapshot of a mature man, around 33 years old, Space Simulation, Captain Shepard is a fictional name for a player...
  Pexels: trovata foto di T Leish
  Immagine: 37970 bytes
  Server: static/avatars/gamer/captain_shepard_hf553.png
  Android drawables: char_captain_shepard_hf553.png
  characters.py aggiornato per 'captain_shepard_hf553'
  ✅ Avatar salvato!

============================================================
Generazione: Nigel Marven (nigel_marven_hf554)
============================================================
  Uso API gratuita: free
  Prompt: Candid snapshot of a young man, around 27 years old, Wildlife Documentaries, Nigel Marven is a British wildlife TV prese...
  Errore Pexels: HTTP 429
  Immagine: 52207 bytes
  Server: static/avatars/creativi/nigel_marven_hf554.png
  Android drawables: char_nigel_marven_hf554.png
  characters.py aggiornato per 'nigel_marven_hf554'
  ✅ Avatar salvato!

============================================================
Generazione: Hestia (hestia_hf555)
============================================================
  Uso API gratuita: free
  Prompt: Candid snapshot of a young woman, around 25 years old, Greek Mythology, Hestia is the goddess of the hearth, home, and d...
  Pexels: trovata foto di Bo Ponomari
  Immagine: 20692 bytes
  Server: static/avatars/fantasy/hestia_hf555.png
  Android drawables: char_hestia_hf555.png
  characters.py aggiornato per 'hestia_hf555'
  ✅ Avatar salvato!

============================================================
Generazione: Elric of Melniboné (elric_of_melnibon_hf556)
============================================================
  Uso API gratuita: free
  Prompt: Candid snapshot of a mature man, around 30 years old, Dark Fantasy, Elric of Melniboné is the last emperor of a dying ra...
  Pexels: trovata foto di Ivan Siarbolin
  Immagine: 55061 bytes
  Server: static/avatars/fantasy/elric_of_melnibon_hf556.png
  Android drawables: char_elric_of_melnibon_hf556.png
  characters.py aggiornato per 'elric_of_melnibon_hf556'
  ✅ Avatar salvato!

============================================================
Generazione: Sebastian Castellanos (sebastian_castellanos_hf557)
============================================================
  Uso API gratuita: free
  Prompt: Candid snapshot of a mature man, around 34 years old, Lovecraftian Game, Sebastian Castellanos is a detective and the pr...
  Pexels: trovata foto di SoyBreno Fotografia
  Immagine: 35547 bytes
  Server: static/avatars/gamer/sebastian_castellanos_hf557.png
  Android drawables: char_sebastian_castellanos_hf557.png
  characters.py aggiornato per 'sebastian_castellanos_hf557'
  ✅ Avatar salvato!

============================================================
Generazione: Mary Barra (mary_barra_hf558)
============================================================
  Uso API gratuita: free
  Prompt: Candid snapshot of a mature man, around 34 years old, Character-Driven Leadership Blogs, Mary Barra is the Chairman and ...
  Errore Pexels: HTTP 429
  Immagine: 45851 bytes
  Server: static/avatars/creativi/mary_barra_hf558.png
  Android drawables: char_mary_barra_hf558.png
  characters.py aggiornato per 'mary_barra_hf558'
  ✅ Avatar salvato!

============================================================
Generazione: Annie Wilkes (annie_wilkes_hf559)
============================================================
  Uso API gratuita: free
  Prompt: Candid snapshot of a young man, around 25 years old, Supernatural Horror Films, Annie Wilkes is the obsessed fan and ant...
  Pexels: trovata foto di Ronaldo Murcia
  Immagine: 47204 bytes
  Server: static/avatars/horror/annie_wilkes_hf559.png
  Android drawables: char_annie_wilkes_hf559.png
  characters.py aggiornato per 'annie_wilkes_hf559'
  ✅ Avatar salvato!

============================================================
Generazione: Yuyuko Saigyouji (yuyuko_saigyouji_hf560)
============================================================
  Uso API gratuita: free
  Prompt: Candid snapshot of a mature man, around 32 years old, Bullet Hell, Yuyuko Saigyouji is the ghostly princess of the Nethe...
  Pexels: trovata foto di Astrid Sosa
  Immagine: 58954 bytes
  Server: static/avatars/gamer/yuyuko_saigyouji_hf560.png
  Android drawables: char_yuyuko_saigyouji_hf560.png
  characters.py aggiornato per 'yuyuko_saigyouji_hf560'
  ✅ Avatar salvato!

============================================================
Generazione: Kaden Lane (kaden_lane_hf561)
============================================================
  Uso API gratuita: free
  Prompt: Candid snapshot of a young man, around 23 years old, Nanopunk, Kaden Lane is a brilliant young engineer with a knack for...
  Pexels: trovata foto di SoyBreno Fotografia
  Immagine: 35547 bytes
  Server: static/avatars/creativi/kaden_lane_hf561.png
  Android drawables: char_kaden_lane_hf561.png
  characters.py aggiornato per 'kaden_lane_hf561'
  ✅ Avatar salvato!

============================================================
Generazione: Satsuki Kiryuin (satsuki_kiryuin_hf562)
============================================================
  Uso API gratuita: free
  Prompt: Candid snapshot of a mature man, around 30 years old, Social Commentary, Satsuki Kiryuin is one of the main characters i...
  Errore Pexels: HTTP 429
  Immagine: 40489 bytes
  Server: static/avatars/anime/satsuki_kiryuin_hf562.png
  Android drawables: char_satsuki_kiryuin_hf562.png
  characters.py aggiornato per 'satsuki_kiryuin_hf562'
  ✅ Avatar salvato!

============================================================
Generazione: Dr. Robert Lustig (dr_robert_lustig_hf563)
============================================================
  Uso API gratuita: free
  Prompt: Candid snapshot of a mature man, around 33 years old, Health Documentaries, Dr. Natural indoor lighting from window, sof...
  Pexels: trovata foto di Padli Pradana
  Immagine: 27063 bytes
  Server: static/avatars/creativi/dr_robert_lustig_hf563.png
  Android drawables: char_dr_robert_lustig_hf563.png
  characters.py aggiornato per 'dr_robert_lustig_hf563'
  ✅ Avatar salvato!

============================================================
Generazione: Habaek (habaek_hf564)
============================================================
  Uso API gratuita: free
  Prompt: Candid snapshot of a young man, around 28 years old, Manhwa, Habaek is the titular character in the manhwa \. Natural in...
  Pexels: trovata foto di SoyBreno Fotografia
  Immagine: 35547 bytes
  Server: static/avatars/creativi/habaek_hf564.png
  Android drawables: char_habaek_hf564.png
  characters.py aggiornato per 'habaek_hf564'
  ✅ Avatar salvato!

============================================================
Generazione: Kaiman (kaiman_hf565)
============================================================
  Uso API gratuita: free
  Prompt: Candid snapshot of a young man, around 27 years old, Surreal, Kaiman is the amnesiac, lizard-headed protagonist of \. Na...
  Pexels: trovata foto di Edvinas Jakunskas
  Immagine: 32694 bytes
  Server: static/avatars/anime/kaiman_hf565.png
  Android drawables: char_kaiman_hf565.png
  characters.py aggiornato per 'kaiman_hf565'
  ✅ Avatar salvato!

============================================================
Generazione: DOCTOR WHO (THE TENTH DOCTOR) (doctor_who_the_tenth_doctor_hf566)
============================================================
  Uso API gratuita: free
  Prompt: Candid snapshot of a mature man, around 35 years old, Character Theories Blogs, The Tenth Doctor, portrayed by David Ten...
  Errore Pexels: HTTP 429
  Immagine: 49322 bytes
  Server: static/avatars/creativi/doctor_who_the_tenth_doctor_hf566.png
  Android drawables: char_doctor_who_the_tenth_doctor_hf566.png
  characters.py aggiornato per 'doctor_who_the_tenth_doctor_hf566'
  ✅ Avatar salvato!

============================================================
Generazione: Dr. Ellie Arroway (dr_ellie_arroway_hf567)
============================================================
  Uso API gratuita: free
  Prompt: Candid snapshot of a young woman, around 20 years old, Hospital Films, Dr. Natural indoor lighting from window, soft sha...
  Pexels: trovata foto di Polina Tankilevitch
  Immagine: 25974 bytes
  Server: static/avatars/intrattenimento/dr_ellie_arroway_hf567.png
  Android drawables: char_dr_ellie_arroway_hf567.png
  characters.py aggiornato per 'dr_ellie_arroway_hf567'
  ✅ Avatar salvato!

============================================================
Generazione: Nikita Mears (nikita_mears_hf568)
============================================================
  Uso API gratuita: free
  Prompt: Candid snapshot of a mature woman, around 32 years old, Spy Dramas, Nikita Mears is a highly trained operative who has e...
  Pexels: trovata foto di cottonbro studio
  Immagine: 32207 bytes
  Server: static/avatars/romantici/nikita_mears_hf568.png
  Android drawables: char_nikita_mears_hf568.png
  characters.py aggiornato per 'nikita_mears_hf568'
  ✅ Avatar salvato!

============================================================
Generazione: Chloe Price (chloe_price_hf569)
============================================================
  Uso API gratuita: free
  Prompt: Candid snapshot of a mature woman, around 35 years old, Narrative Adventure Game, Chloe Price is a rebellious teenager d...
  Pexels: trovata foto di Ahmet Mert
  Immagine: 41070 bytes
  Server: static/avatars/viaggi/chloe_price_hf569.png
  Android drawables: char_chloe_price_hf569.png
  characters.py aggiornato per 'chloe_price_hf569'
  ✅ Avatar salvato!

============================================================
Generazione: Dracula (dracula_hf570)
============================================================
  Uso API gratuita: free
  Prompt: Candid snapshot of a young man, around 28 years old, Vampire Game, Dracula, also known as Vlad Tepes or Mathias Cronqvis...
  Errore Pexels: HTTP 429
  Immagine: 39258 bytes
  Server: static/avatars/gamer/dracula_hf570.png
  Android drawables: char_dracula_hf570.png
  characters.py aggiornato per 'dracula_hf570'
  ✅ Avatar salvato!

============================================================
Generazione: Hammurabi (hammurabi_hf571)
============================================================
  Uso API gratuita: free
  Prompt: Candid snapshot of a mature man, around 33 years old, Historical Records, Hammurabi was the sixth king of the First Baby...
  Pexels: trovata foto di MART  PRODUCTION
  Immagine: 32398 bytes
  Server: static/avatars/storia/hammurabi_hf571.png
  Android drawables: char_hammurabi_hf571.png
  characters.py aggiornato per 'hammurabi_hf571'
  ✅ Avatar salvato!

============================================================
Generazione: Jake Moore (jake_moore_hf572)
============================================================
  Uso API gratuita: free
  Prompt: Candid snapshot of a mature man, around 33 years old, Financial Thrillers, Jake Moore is a young and ambitious proprieta...
  Pexels: trovata foto di cottonbro studio
  Immagine: 36999 bytes
  Server: static/avatars/detective/jake_moore_hf572.png
  Android drawables: char_jake_moore_hf572.png
  characters.py aggiornato per 'jake_moore_hf572'
  ✅ Avatar salvato!

============================================================
Generazione: James Hetfield (james_hetfield_hf573)
============================================================
  Uso API gratuita: free
  Prompt: Candid snapshot of a young man, around 26 years old, Rock and Metal Magazines, James Hetfield is the co-founder, lead vo...
  Pexels: trovata foto di Jovan Vasiljević
  Immagine: 53847 bytes
  Server: static/avatars/creativi/james_hetfield_hf573.png
  Android drawables: char_james_hetfield_hf573.png
  characters.py aggiornato per 'james_hetfield_hf573'
  ✅ Avatar salvato!

============================================================
Generazione: Dejah Thoris (dejah_thoris_hf574)
============================================================
  Uso API gratuita: free
  Prompt: Candid snapshot of a young woman, around 29 years old, Historical Supernatural, Dejah Thoris is the princess of Helium o...
  Errore Pexels: HTTP 429
  Immagine: 52194 bytes
  Server: static/avatars/storia/dejah_thoris_hf574.png
  Android drawables: char_dejah_thoris_hf574.png
  characters.py aggiornato per 'dejah_thoris_hf574'
  ✅ Avatar salvato!

============================================================
Generazione: Detective Nick Mendoza (detective_nick_mendoza_hf575)
============================================================
  Uso API gratuita: free
  Prompt: Candid snapshot of a young man, around 24 years old, Noir Game, Detective Nick Mendoza is a Miami police officer who bec...
  Pexels: trovata foto di Johan M Zacharia
  Immagine: 17182 bytes
  Server: static/avatars/detective/detective_nick_mendoza_hf575.png
  Android drawables: char_detective_nick_mendoza_hf575.png
  characters.py aggiornato per 'detective_nick_mendoza_hf575'
  ✅ Avatar salvato!

============================================================
Generazione: John Milton (john_milton_hf576)
============================================================
  Uso API gratuita: free
  Prompt: Candid snapshot of a mature man, around 35 years old, Lamentation Poetry, John Milton is an English poet best known for ...
  Pexels: trovata foto di Vitor Diniz
  Immagine: 21115 bytes
  Server: static/avatars/romantici/john_milton_hf576.png
  Android drawables: char_john_milton_hf576.png
  characters.py aggiornato per 'john_milton_hf576'
  ✅ Avatar salvato!

============================================================
Generazione: Nino Arisugawa (nino_arisugawa_hf577)
============================================================
  Uso API gratuita: free
  Prompt: Candid snapshot of a young man, around 22 years old, Music and Band, Nino Arisugawa, also known as \. Natural indoor lig...
  Pexels: trovata foto di Los Muertos Crew
  Immagine: 30031 bytes
  Server: static/avatars/romantici/nino_arisugawa_hf577.png
  Android drawables: char_nino_arisugawa_hf577.png
  characters.py aggiornato per 'nino_arisugawa_hf577'
  ✅ Avatar salvato!

============================================================
Generazione: Carrie Bradshaw (carrie_bradshaw_hf578)
============================================================
  Uso API gratuita: free
  Prompt: Candid snapshot of a young man, around 25 years old, Character Relationship Blogs, Carrie Bradshaw is the protagonist of...
  Pexels: trovata foto di Nishant Aneja
  Immagine: 83575 bytes
  Server: static/avatars/creativi/carrie_bradshaw_hf578.png
  Android drawables: char_carrie_bradshaw_hf578.png
  characters.py aggiornato per 'carrie_bradshaw_hf578'
  ✅ Avatar salvato!

============================================================
Generazione: Benjamin Franklin (benjamin_franklin_hf579)
============================================================
  Uso API gratuita: free
  Prompt: Candid snapshot of a young man, around 28 years old, Historical Pamphlets, Benjamin Franklin was one of the Founding Fat...
  Errore Pexels: HTTP 429
  Immagine: 40759 bytes
  Server: static/avatars/storia/benjamin_franklin_hf579.png
  Android drawables: char_benjamin_franklin_hf579.png
  characters.py aggiornato per 'benjamin_franklin_hf579'
  ✅ Avatar salvato!

============================================================
Generazione: Syndrael the Knight (syndrael_the_knight_hf580)
============================================================
  Uso API gratuita: free
  Prompt: Candid snapshot of a mature woman, around 31 years old, Dungeon Crawl Board Games, Syndrael is a noble Elf knight from t...
  Pexels: trovata foto di Itzel Ponce de León
  Immagine: 17404 bytes
  Server: static/avatars/gamer/syndrael_the_knight_hf580.png
  Android drawables: char_syndrael_the_knight_hf580.png
  characters.py aggiornato per 'syndrael_the_knight_hf580'
  ✅ Avatar salvato!

============================================================
Generazione: Medea (medea_hf581)
============================================================
  Uso API gratuita: free
  Prompt: Candid snapshot of a young woman, around 29 years old, Interactive Theatre, Medea is a powerful and vengeful sorceress w...
  Pexels: trovata foto di André de La Calle Braga
  Immagine: 19358 bytes
  Server: static/avatars/creativi/medea_hf581.png
  Android drawables: char_medea_hf581.png
  characters.py aggiornato per 'medea_hf581'
  ✅ Avatar salvato!

============================================================
Generazione: Brigid (brigid_hf582)
============================================================
  Uso API gratuita: free
  Prompt: Candid snapshot of a young woman, around 19 years old, Neopagan Mythology, Brigid is a goddess in Celtic mythology assoc...
  Pexels: trovata foto di Azahel Calzada De La Luz
  Immagine: 33797 bytes
  Server: static/avatars/fantasy/brigid_hf582.png
  Android drawables: char_brigid_hf582.png
  characters.py aggiornato per 'brigid_hf582'
  ✅ Avatar salvato!

============================================================
Generazione: John Bartram (john_bartram_hf583)
============================================================
  Uso API gratuita: free
  Prompt: Candid snapshot of a young man, around 19 years old, Eco-thriller, John Bartram is a \. Natural indoor lighting from win...
  Errore Pexels: HTTP 429
  Immagine: 43005 bytes
  Server: static/avatars/detective/john_bartram_hf583.png
  Android drawables: char_john_bartram_hf583.png
  characters.py aggiornato per 'john_bartram_hf583'
  ✅ Avatar salvato!

============================================================
Generazione: Yoda (yoda_hf584)
============================================================
  Uso API gratuita: free
  Prompt: Candid snapshot of a young woman, around 27 years old, Franchise Films, Yoda is a wise and powerful Jedi Master in the \...
  Pexels: trovata foto di Kalistro
  Immagine: 28718 bytes
  Server: static/avatars/intrattenimento/yoda_hf584.png
  Android drawables: char_yoda_hf584.png
  characters.py aggiornato per 'yoda_hf584'
  ✅ Avatar salvato!

============================================================
Generazione: Cat Grant (cat_grant_hf585)
============================================================
  Uso API gratuita: free
  Prompt: Candid snapshot of a young man, around 24 years old, Community Newspapers, Cat Grant is the founder and CEO of CatCo Wor...
  Pexels: trovata foto di David Huck
  Immagine: 42504 bytes
  Server: static/avatars/creativi/cat_grant_hf585.png
  Android drawables: char_cat_grant_hf585.png
  characters.py aggiornato per 'cat_grant_hf585'
  ✅ Avatar salvato!

============================================================
Generazione: Anu (anu_hf587)
============================================================
  Uso API gratuita: free
  Prompt: Candid snapshot of a young man, around 28 years old, Creation Myths, Anu is the supreme god in Mesopotamian mythology, r...
  Pexels: trovata foto di Sumant Arora
  Immagine: 33650 bytes
  Server: static/avatars/creativi/anu_hf587.png
  Android drawables: char_anu_hf587.png
  characters.py aggiornato per 'anu_hf587'
  ✅ Avatar salvato!

============================================================
Generazione: Renamon (renamon_hf588)
============================================================
  Uso API gratuita: free
  Prompt: Candid snapshot of a young woman, around 24 years old, Anthropomorphic, Renamon is a fox-like Digimon partnered with Rik...
  Pexels: trovata foto di Alexandra  Holbea
  Immagine: 82192 bytes
  Server: static/avatars/anime/renamon_hf588.png
  Android drawables: char_renamon_hf588.png
  characters.py aggiornato per 'renamon_hf588'
  ✅ Avatar salvato!

============================================================
Generazione: Aileen Wuornos (aileen_wuornos_hf589)
============================================================
  Uso API gratuita: free
  Prompt: Candid snapshot of a young woman, around 23 years old, Crime Documentaries, Aileen Wuornos was an American serial killer...
  Errore Pexels: HTTP 429
  Immagine: 50253 bytes
  Server: static/avatars/detective/aileen_wuornos_hf589.png
  Android drawables: char_aileen_wuornos_hf589.png
  characters.py aggiornato per 'aileen_wuornos_hf589'
  ✅ Avatar salvato!

============================================================
Generazione: Albert Bandura (albert_bandura_hf590)
============================================================
  Uso API gratuita: free
  Prompt: Candid snapshot of a young man, around 26 years old, Pedagogical Papers on Teaching Methods..., Albert Bandura is a Cana...
  Pexels: trovata foto di Zarina Khalilova
  Immagine: 45348 bytes
  Server: static/avatars/creativi/albert_bandura_hf590.png
  Android drawables: char_albert_bandura_hf590.png
  characters.py aggiornato per 'albert_bandura_hf590'
  ✅ Avatar salvato!

============================================================
Generazione: Don Draper (don_draper_hf591)
============================================================
  Uso API gratuita: free
  Prompt: Candid snapshot of a young man, around 21 years old, Business Newspapers, Don Draper is the enigmatic and talented creat...
  Pexels: trovata foto di Eray Karataş
  Immagine: 24912 bytes
  Server: static/avatars/creativi/don_draper_hf591.png
  Android drawables: char_don_draper_hf591.png
  characters.py aggiornato per 'don_draper_hf591'
  ✅ Avatar salvato!

============================================================
Generazione: Michael Faraday (michael_faraday_hf592)
============================================================
  Uso API gratuita: free
  Prompt: Candid snapshot of a young man, around 29 years old, Editorials Featuring Famous Scientists, Michael Faraday was an Engl...
  Errore Pexels: HTTP 429
  Immagine: 46800 bytes
  Server: static/avatars/creativi/michael_faraday_hf592.png
  Android drawables: char_michael_faraday_hf592.png
  characters.py aggiornato per 'michael_faraday_hf592'
  ✅ Avatar salvato!

============================================================
Generazione: Cleopatra (cleopatra_hf593)
============================================================
  Uso API gratuita: free
  Prompt: Candid snapshot of a young woman, around 20 years old, Biography Series, Cleopatra VII was the last active ruler of the ...
  Pexels: trovata foto di Zeynep YILMAZ
  Immagine: 39456 bytes
  Server: static/avatars/quotidiano/cleopatra_hf593.png
  Android drawables: char_cleopatra_hf593.png
  characters.py aggiornato per 'cleopatra_hf593'
  ✅ Avatar salvato!

============================================================
Generazione: Ash Ketchum (ash_ketchum_hf594)
============================================================
  Uso API gratuita: free
  Prompt: Candid snapshot of a mature man, around 34 years old, Mythology, Ash Ketchum is a young Pokémon Trainer from Pallet Town...
  Pexels: trovata foto di Abhishek Mishra
  Immagine: 33666 bytes
  Server: static/avatars/fantasy/ash_ketchum_hf594.png
  Android drawables: char_ash_ketchum_hf594.png
  characters.py aggiornato per 'ash_ketchum_hf594'
  ✅ Avatar salvato!

============================================================
Generazione: Dr. John Watson (dr_john_watson_hf595)
============================================================
  Uso API gratuita: free
  Prompt: Candid snapshot of a young man, around 29 years old, Buddy Films, Dr. Natural indoor lighting from window, soft shadows,...
  Pexels: trovata foto di Teja J
  Immagine: 33590 bytes
  Server: static/avatars/intrattenimento/dr_john_watson_hf595.png
  Android drawables: char_dr_john_watson_hf595.png
  characters.py aggiornato per 'dr_john_watson_hf595'
  ✅ Avatar salvato!

============================================================
Generazione: Aho Girl (Yoshiko Hanabatake) (aho_girl_yoshiko_hanabatake_hf596)
============================================================
  Uso API gratuita: free
  Prompt: Candid snapshot of a mature woman, around 34 years old, Gag and Comedy, Yoshiko Hanabatake, also known as Aho Girl, is t...
  Pexels: trovata foto di Pavel Danilyuk
  Immagine: 31085 bytes
  Server: static/avatars/intrattenimento/aho_girl_yoshiko_hanabatake_hf596.png
  Android drawables: char_aho_girl_yoshiko_hanabatake_hf596.png
  characters.py aggiornato per 'aho_girl_yoshiko_hanabatake_hf596'
  ✅ Avatar salvato!

============================================================
Generazione: Katniss Everdeen (katniss_everdeen_hf597)
============================================================
  Uso API gratuita: free
  Prompt: Candid snapshot of a mature man, around 33 years old, Character Symbolism, Katniss Everdeen is the protagonist of Suzann...
  Errore Pexels: HTTP 429
  Immagine: 50421 bytes
  Server: static/avatars/creativi/katniss_everdeen_hf597.png
  Android drawables: char_katniss_everdeen_hf597.png
  characters.py aggiornato per 'katniss_everdeen_hf597'
  ✅ Avatar salvato!

============================================================
Generazione: The Silent Sentinel (the_silent_sentinel_hf598)
============================================================
  Uso API gratuita: free
  Prompt: Candid snapshot of a mature man, around 30 years old, Urban legends about urban explorers, The Silent Sentinel is an urb...
  Pexels: trovata foto di Xezer.Abd
  Immagine: 39758 bytes
  Server: static/avatars/creativi/the_silent_sentinel_hf598.png
  Android drawables: char_the_silent_sentinel_hf598.png
  characters.py aggiornato per 'the_silent_sentinel_hf598'
  ✅ Avatar salvato!

============================================================
Generazione: Isaac Clarke (isaac_clarke_hf599)
============================================================
  Uso API gratuita: free
  Prompt: Candid snapshot of a young man, around 28 years old, Alien Game, Isaac Clarke is the protagonist of the Dead Space serie...
  Pexels: trovata foto di Miguel Rodríguez
  Immagine: 57344 bytes
  Server: static/avatars/gamer/isaac_clarke_hf599.png
  Android drawables: char_isaac_clarke_hf599.png
  characters.py aggiornato per 'isaac_clarke_hf599'
  ✅ Avatar salvato!

============================================================
Generazione: Masaharu Morimoto (masaharu_morimoto_hf600)
============================================================
  Uso API gratuita: free
  Prompt: Candid snapshot of a young man, around 29 years old, Character-Based Cooking Blogs, Masaharu Morimoto is a Japanese chef...
  Pexels: trovata foto di Anna Shvets
  Immagine: 37146 bytes
  Server: static/avatars/cucina/masaharu_morimoto_hf600.png
  Android drawables: char_masaharu_morimoto_hf600.png
  characters.py aggiornato per 'masaharu_morimoto_hf600'
  ✅ Avatar salvato!

============================================================
Generazione: Cernunnos (cernunnos_hf601)
============================================================
  Uso API gratuita: free
  Prompt: Candid snapshot of a mature man, around 30 years old, Druidic Mythology, Cernunnos is a horned god associated with natur...
  Pexels: trovata foto di Ahmet Mert
  Immagine: 50662 bytes
  Server: static/avatars/fantasy/cernunnos_hf601.png
  Android drawables: char_cernunnos_hf601.png
  characters.py aggiornato per 'cernunnos_hf601'
  ✅ Avatar salvato!

============================================================
Generazione: Jo March (jo_march_hf602)
============================================================
  Uso API gratuita: free
  Prompt: Candid snapshot of a mature man, around 31 years old, Literary Research Journals, Jo March is one of the four sisters in...
  Pexels: trovata foto di Sandro  Tavares
  Immagine: 17340 bytes
  Server: static/avatars/creativi/jo_march_hf602.png
  Android drawables: char_jo_march_hf602.png
  characters.py aggiornato per 'jo_march_hf602'
  ✅ Avatar salvato!

============================================================
Generazione: Ichigo Kurosaki (ichigo_kurosaki_hf603)
============================================================
  Uso API gratuita: free
  Prompt: Candid snapshot of a mature man, around 34 years old, Fantasy, Ichigo Kurosaki is the protagonist of the manga series \....
  Pexels: trovata foto di Eduardo  González
  Immagine: 71048 bytes
  Server: static/avatars/fantasy/ichigo_kurosaki_hf603.png
  Android drawables: char_ichigo_kurosaki_hf603.png
  characters.py aggiornato per 'ichigo_kurosaki_hf603'
  ✅ Avatar salvato!

============================================================
Generazione: Virgil (virgil_hf604)
============================================================
  Uso API gratuita: free
  Prompt: Candid snapshot of a young man, around 27 years old, Historical Poetry, Virgil is the Roman poet who wrote \. Natural in...
  Pexels: trovata foto di UMUT DAĞLI
  Immagine: 38788 bytes
  Server: static/avatars/storia/virgil_hf604.png
  Android drawables: char_virgil_hf604.png
  characters.py aggiornato per 'virgil_hf604'
  ✅ Avatar salvato!

============================================================
Generazione: Poseidon (poseidon_hf605)
============================================================
  Uso API gratuita: free
  Prompt: Candid snapshot of a young man, around 23 years old, Mythology, Poseidon is a character in the \. Natural indoor lightin...
  Pexels: trovata foto di Abhishek Mishra
  Immagine: 33666 bytes
  Server: static/avatars/fantasy/poseidon_hf605.png
  Android drawables: char_poseidon_hf605.png
  characters.py aggiornato per 'poseidon_hf605'
  ✅ Avatar salvato!

============================================================
Generazione: Dr. Jane Foster (dr_jane_foster_hf606)
============================================================
  Uso API gratuita: free
  Prompt: Candid snapshot of a young woman, around 18 years old, Workshop Summaries Featuring Keynote..., Dr. Natural indoor light...
  Errore Pexels: HTTP 429
  Immagine: 43697 bytes
  Server: static/avatars/creativi/dr_jane_foster_hf606.png
  Android drawables: char_dr_jane_foster_hf606.png
  characters.py aggiornato per 'dr_jane_foster_hf606'
  ✅ Avatar salvato!

============================================================
Generazione: Ikoma (ikoma_hf607)
============================================================
  Uso API gratuita: free
  Prompt: Candid snapshot of a mature man, around 34 years old, Steampunk, Ikoma is the main character of \. Natural indoor lighti...
  Pexels: trovata foto di Eduardo López
  Immagine: 58207 bytes
  Server: static/avatars/sci-fi/ikoma_hf607.png
  Android drawables: char_ikoma_hf607.png
  characters.py aggiornato per 'ikoma_hf607'
  ✅ Avatar salvato!

============================================================
Generazione: Frank Drebin (frank_drebin_hf608)
============================================================
  Uso API gratuita: free
  Prompt: Candid snapshot of a young man, around 18 years old, Comedic Biography, Frank Drebin is the inept yet well-meaning polic...
  Pexels: trovata foto di Michael Obstoj
  Immagine: 18611 bytes
  Server: static/avatars/quotidiano/frank_drebin_hf608.png
  Android drawables: char_frank_drebin_hf608.png
  characters.py aggiornato per 'frank_drebin_hf608'
  ✅ Avatar salvato!

============================================================
Generazione: Lady Mary Crawley (lady_mary_crawley_hf609)
============================================================
  Uso API gratuita: free
  Prompt: Candid snapshot of a young woman, around 24 years old, Costume Dramas, Lady Mary Crawley is the eldest daughter of the C...
  Pexels: trovata foto di Ceng Ismail
  Immagine: 61337 bytes
  Server: static/avatars/romantici/lady_mary_crawley_hf609.png
  Android drawables: char_lady_mary_crawley_hf609.png
  characters.py aggiornato per 'lady_mary_crawley_hf609'
  ✅ Avatar salvato!

============================================================
Generazione: Syaoran Li (syaoran_li_hf610)
============================================================
  Uso API gratuita: free
  Prompt: Candid snapshot of a mature woman, around 34 years old, Magical Girl, Syaoran Li is a key character in \. Natural indoor...
  Pexels: trovata foto di Vanessa Pozos
  Immagine: 28735 bytes
  Server: static/avatars/fantasy/syaoran_li_hf610.png
  Android drawables: char_syaoran_li_hf610.png
  characters.py aggiornato per 'syaoran_li_hf610'
  ✅ Avatar salvato!

============================================================
Generazione: Eren Yeager (eren_yeager_hf611)
============================================================
  Uso API gratuita: free
  Prompt: Candid snapshot of a mature man, around 31 years old, Alien Invasion, Eren Yeager is the protagonist of Attack on Titan....
  Errore Pexels: HTTP 429
  Immagine: 45012 bytes
  Server: static/avatars/anime/eren_yeager_hf611.png
  Android drawables: char_eren_yeager_hf611.png
  characters.py aggiornato per 'eren_yeager_hf611'
  ✅ Avatar salvato!

============================================================
Generazione: David Letterman (david_letterman_hf612)
============================================================
  Uso API gratuita: free
  Prompt: Candid snapshot of a young man, around 21 years old, Interview Shows, David Letterman is a legendary television host and...
  Pexels: trovata foto di cottonbro studio
  Immagine: 28182 bytes
  Server: static/avatars/creativi/david_letterman_hf612.png
  Android drawables: char_david_letterman_hf612.png
  characters.py aggiornato per 'david_letterman_hf612'
  ✅ Avatar salvato!

============================================================
Generazione: Adam Jensen (adam_jensen_hf613)
============================================================
  Uso API gratuita: free
  Prompt: Candid snapshot of a young man, around 23 years old, Space Simulation, Adam Jensen is the protagonist of Deus Ex: Human ...
  Pexels: trovata foto di T Leish
  Immagine: 33826 bytes
  Server: static/avatars/gamer/adam_jensen_hf613.png
  Android drawables: char_adam_jensen_hf613.png
  characters.py aggiornato per 'adam_jensen_hf613'
  ✅ Avatar salvato!

============================================================
Generazione: Theo Boone (theo_boone_hf614)
============================================================
  Uso API gratuita: free
  Prompt: Candid snapshot of a mature man, around 30 years old, Courtroom Drama, Theo Boone is the young protagonist of John Grish...
  Pexels: trovata foto di M_pxio
  Immagine: 38939 bytes
  Server: static/avatars/romantici/theo_boone_hf614.png
  Android drawables: char_theo_boone_hf614.png
  characters.py aggiornato per 'theo_boone_hf614'
  ✅ Avatar salvato!

============================================================
Generazione: Hamlet (hamlet_hf615)
============================================================
  Uso API gratuita: free
  Prompt: Candid snapshot of a young man, around 22 years old, Stage Adaptation, Hamlet is the Prince of Denmark, a philosophical ...
  Pexels: trovata foto di Luca Luperto
  Immagine: 10823 bytes
  Server: static/avatars/creativi/hamlet_hf615.png
  Android drawables: char_hamlet_hf615.png
  characters.py aggiornato per 'hamlet_hf615'
  ✅ Avatar salvato!

============================================================
Generazione: Kakeru Naruse (kakeru_naruse_hf616)
============================================================
  Uso API gratuita: free
  Prompt: Candid snapshot of a young woman, around 28 years old, Time Travel, Kakeru Naruse is a high school student who transfers...
  Pexels: trovata foto di BULE
  Immagine: 14788 bytes
  Server: static/avatars/sci-fi/kakeru_naruse_hf616.png
  Android drawables: char_kakeru_naruse_hf616.png
  characters.py aggiornato per 'kakeru_naruse_hf616'
  ✅ Avatar salvato!

============================================================
Generazione: Jake Sully (jake_sully_hf617)
============================================================
  Uso API gratuita: free
  Prompt: Candid snapshot of a mature man, around 34 years old, Adventure Films, Jake Sully, portrayed by Sam Worthington, is a fo...
  Pexels: trovata foto di Wesley Davi
  Immagine: 17499 bytes
  Server: static/avatars/viaggi/jake_sully_hf617.png
  Android drawables: char_jake_sully_hf617.png
  characters.py aggiornato per 'jake_sully_hf617'
  ✅ Avatar salvato!

============================================================
Generazione: Katy Perry (katy_perry_hf618)
============================================================
  Uso API gratuita: free
  Prompt: Candid snapshot of a mature woman, around 31 years old, Celebrity Gossip Blogs, Katy Perry is a pop singer known for her...
  Errore Pexels: HTTP 429
  Immagine: 55141 bytes
  Server: static/avatars/creativi/katy_perry_hf618.png
  Android drawables: char_katy_perry_hf618.png
  characters.py aggiornato per 'katy_perry_hf618'
  ✅ Avatar salvato!

============================================================
Generazione: Alexander McQueen (alexander_mcqueen_hf619)
============================================================
  Uso API gratuita: free
  Prompt: Candid snapshot of a mature man, around 32 years old, Fashion Icon Stories, Alexander McQueen was a British fashion desi...
  Pexels: trovata foto di Mari Petra
  Immagine: 38718 bytes
  Server: static/avatars/creativi/alexander_mcqueen_hf619.png
  Android drawables: char_alexander_mcqueen_hf619.png
  characters.py aggiornato per 'alexander_mcqueen_hf619'
  ✅ Avatar salvato!

============================================================
Generazione: The Question (the_question_hf620)
============================================================
  Uso API gratuita: free
  Prompt: Candid snapshot of a young man, around 18 years old, Anthology, The Question, originally named Vic Sage, is a faceless v...
  Pexels: trovata foto di SoyBreno Fotografia
  Immagine: 35547 bytes
  Server: static/avatars/creativi/the_question_hf620.png
  Android drawables: char_the_question_hf620.png
  characters.py aggiornato per 'the_question_hf620'
  ✅ Avatar salvato!

============================================================
Generazione: Sir Edward Grey (sir_edward_grey_hf621)
============================================================
  Uso API gratuita: free
  Prompt: Candid snapshot of a young man, around 29 years old, Historical Supernatural, Sir Edward Grey is a Victorian-era occult ...
  Errore Pexels: HTTP 429
  Immagine: 41659 bytes
  Server: static/avatars/storia/sir_edward_grey_hf621.png
  Android drawables: char_sir_edward_grey_hf621.png
  characters.py aggiornato per 'sir_edward_grey_hf621'
  ✅ Avatar salvato!

============================================================
Generazione: Morgan Freeman (morgan_freeman_hf622)
============================================================
  Uso API gratuita: free
  Prompt: Candid snapshot of a mature man, around 35 years old, Science Fiction Documentaries, Morgan Freeman is an American actor...
  Pexels: trovata foto di cottonbro studio
  Immagine: 23216 bytes
  Server: static/avatars/sci-fi/morgan_freeman_hf622.png
  Android drawables: char_morgan_freeman_hf622.png
  characters.py aggiornato per 'morgan_freeman_hf622'
  ✅ Avatar salvato!

============================================================
Generazione: Frodo Baggins (frodo_baggins_hf623)
============================================================
  Uso API gratuita: free
  Prompt: Candid snapshot of a young man, around 21 years old, Fictional Character Bios, Frodo Baggins is a hobbit from the Shire ...
  Pexels: trovata foto di Eduardo  González
  Immagine: 58330 bytes
  Server: static/avatars/creativi/frodo_baggins_hf623.png
  Android drawables: char_frodo_baggins_hf623.png
  characters.py aggiornato per 'frodo_baggins_hf623'
  ✅ Avatar salvato!

============================================================
Generazione: Sir Walter Elliot (sir_walter_elliot_hf624)
============================================================
  Uso API gratuita: free
  Prompt: Candid snapshot of a young man, around 22 years old, Regency Romance, Sir Walter Elliot is the vain and self-absorbed ba...
  Errore Pexels: HTTP 429
  Immagine: 47727 bytes
  Server: static/avatars/romantici/sir_walter_elliot_hf624.png
  Android drawables: char_sir_walter_elliot_hf624.png
  characters.py aggiornato per 'sir_walter_elliot_hf624'
  ✅ Avatar salvato!

============================================================
Generazione: John Henry (john_henry_hf625)
============================================================
  Uso API gratuita: free
  Prompt: Candid snapshot of a young man, around 24 years old, Folk Heroes, John Henry is a legendary African American folk hero, ...
  Pexels: trovata foto di abbas borzou
  Immagine: 53111 bytes
  Server: static/avatars/creativi/john_henry_hf625.png
  Android drawables: char_john_henry_hf625.png
  characters.py aggiornato per 'john_henry_hf625'
  ✅ Avatar salvato!

============================================================
Generazione: Bell Cranel (bell_cranel_hf626)
============================================================
  Uso API gratuita: free
  Prompt: Candid snapshot of a young man, around 29 years old, Virtual Reality, Bell Cranel is the main protagonist of \. Natural ...
  Pexels: trovata foto di cottonbro studio
  Immagine: 31320 bytes
  Server: static/avatars/gamer/bell_cranel_hf626.png
  Android drawables: char_bell_cranel_hf626.png
  characters.py aggiornato per 'bell_cranel_hf626'
  ✅ Avatar salvato!

============================================================
Generazione: Marguerite Higgins (marguerite_higgins_hf627)
============================================================
  Uso API gratuita: free
  Prompt: Candid snapshot of a mature woman, around 34 years old, Historical Newspapers, Marguerite Higgins was an American report...
  Pexels: trovata foto di Chermiti Mohamed
  Immagine: 61089 bytes
  Server: static/avatars/storia/marguerite_higgins_hf627.png
  Android drawables: char_marguerite_higgins_hf627.png
  characters.py aggiornato per 'marguerite_higgins_hf627'
  ✅ Avatar salvato!

============================================================
Generazione: Ali Baba (ali_baba_hf628)
============================================================
  Uso API gratuita: free
  Prompt: Candid snapshot of a young man, around 22 years old, Regional Fairy Tales, Ali Baba is the hero of the Middle Eastern fo...
  Pexels: trovata foto di Sanya  Tawakley
  Immagine: 42274 bytes
  Server: static/avatars/fantasy/ali_baba_hf628.png
  Android drawables: char_ali_baba_hf628.png
  characters.py aggiornato per 'ali_baba_hf628'
  ✅ Avatar salvato!

============================================================
Generazione: Tea Gardner (Anzu Mazaki) (tea_gardner_anzu_mazaki_hf629)
============================================================
  Uso API gratuita: free
  Prompt: Candid snapshot of a young woman, around 18 years old, Romance Card Games, Tea Gardner, known as Anzu Mazaki in the Japa...
  Pexels: trovata foto di BOOM 💥 Photography
  Immagine: 40170 bytes
  Server: static/avatars/romantici/tea_gardner_anzu_mazaki_hf629.png
  Android drawables: char_tea_gardner_anzu_mazaki_hf629.png
  characters.py aggiornato per 'tea_gardner_anzu_mazaki_hf629'
  ✅ Avatar salvato!

============================================================
Generazione: Takeru (Shinken Red) (takeru_shinken_red_hf630)
============================================================
  Uso API gratuita: free
  Prompt: Candid snapshot of a young man, around 24 years old, Super Sentai, Takeru, also known as Shinken Red, is the leader of t...
  Errore Pexels: HTTP 429
  Immagine: 45739 bytes
  Server: static/avatars/anime/takeru_shinken_red_hf630.png
  Android drawables: char_takeru_shinken_red_hf630.png
  characters.py aggiornato per 'takeru_shinken_red_hf630'
  ✅ Avatar salvato!

============================================================
Generazione: Lusa Chitto (lusa_chitto_hf631)
============================================================
  Uso API gratuita: free
  Prompt: Candid snapshot of a young woman, around 28 years old, Choctaw Mythology, Lusa Chitto, or the Black Panther, is a powerf...
  Pexels: trovata foto di Moisés  Fonseca
  Immagine: 39299 bytes
  Server: static/avatars/fantasy/lusa_chitto_hf631.png
  Android drawables: char_lusa_chitto_hf631.png
  characters.py aggiornato per 'lusa_chitto_hf631'
  ✅ Avatar salvato!

============================================================
Generazione: The Mask (the_mask_hf632)
============================================================
  Uso API gratuita: free
  Prompt: Candid snapshot of a young man, around 18 years old, Humor and Comedy, The Mask, also known as Stanley Ipkiss, gains rea...
  Pexels: trovata foto di Aibek Skakov
  Immagine: 34731 bytes
  Server: static/avatars/intrattenimento/the_mask_hf632.png
  Android drawables: char_the_mask_hf632.png
  characters.py aggiornato per 'the_mask_hf632'
  ✅ Avatar salvato!

============================================================
Generazione: Teferi (teferi_hf633)
============================================================
  Uso API gratuita: free
  Prompt: Candid snapshot of a young man, around 20 years old, Adventure Card Games, Teferi is a planeswalker with mastery over ti...
  Pexels: trovata foto di Kevin  Malik
  Immagine: 25598 bytes
  Server: static/avatars/viaggi/teferi_hf633.png
  Android drawables: char_teferi_hf633.png
  characters.py aggiornato per 'teferi_hf633'
  ✅ Avatar salvato!

============================================================
Generazione: Arya Stark (arya_stark_hf634)
============================================================
  Uso API gratuita: free
  Prompt: Candid snapshot of a mature woman, around 32 years old, Character Evolution Blogs, Arya Stark is a key character in the ...
  Pexels: trovata foto di Alexander Zvir
  Immagine: 29246 bytes
  Server: static/avatars/creativi/arya_stark_hf634.png
  Android drawables: char_arya_stark_hf634.png
  characters.py aggiornato per 'arya_stark_hf634'
  ✅ Avatar salvato!

============================================================
Generazione: Tess Durbeyfield (tess_durbeyfield_hf635)
============================================================
  Uso API gratuita: free
  Prompt: Candid snapshot of a young man, around 21 years old, Period Dramas, Tess Durbeyfield is the tragic heroine of Thomas Har...
  Pexels: trovata foto di cottonbro studio
  Immagine: 14386 bytes
  Server: static/avatars/romantici/tess_durbeyfield_hf635.png
  Android drawables: char_tess_durbeyfield_hf635.png
  characters.py aggiornato per 'tess_durbeyfield_hf635'
  ✅ Avatar salvato!

============================================================
Generazione: Tommy Walsh (tommy_walsh_hf636)
============================================================
  Uso API gratuita: free
  Prompt: Candid snapshot of a young man, around 19 years old, Character-Based DIY Projects Blogs, Tommy Walsh is a British builde...
  Pexels: trovata foto di annmteu
  Immagine: 43536 bytes
  Server: static/avatars/creativi/tommy_walsh_hf636.png
  Android drawables: char_tommy_walsh_hf636.png
  characters.py aggiornato per 'tommy_walsh_hf636'
  ✅ Avatar salvato!

============================================================
Generazione: Hiro Protagonist (hiro_protagonist_hf637)
============================================================
  Uso API gratuita: free
  Prompt: Candid snapshot of a mature man, around 34 years old, Slipstream, Hiro Protagonist is the main character in Neal Stephen...
  Errore Pexels: HTTP 429
  Immagine: 47793 bytes
  Server: static/avatars/creativi/hiro_protagonist_hf637.png
  Android drawables: char_hiro_protagonist_hf637.png
  characters.py aggiornato per 'hiro_protagonist_hf637'
  ✅ Avatar salvato!

============================================================
Generazione: Saber (Artoria Pendragon) (saber_artoria_pendragon_hf638)
============================================================
  Uso API gratuita: free
  Prompt: Candid snapshot of a young man, around 23 years old, Manga, Saber, whose true identity is Artoria Pendragon, is a centra...
  Pexels: trovata foto di Mario Spencer
  Immagine: 30195 bytes
  Server: static/avatars/anime/saber_artoria_pendragon_hf638.png
  Android drawables: char_saber_artoria_pendragon_hf638.png
  characters.py aggiornato per 'saber_artoria_pendragon_hf638'
  ✅ Avatar salvato!

============================================================
Generazione: Shizuku Mizutani (shizuku_mizutani_hf639)
============================================================
  Uso API gratuita: free
  Prompt: Candid snapshot of a young man, around 19 years old, Romance, Shizuku Mizutani is the studious and serious protagonist o...
  Pexels: trovata foto di Ali Ahmed
  Immagine: 41781 bytes
  Server: static/avatars/romantici/shizuku_mizutani_hf639.png
  Android drawables: char_shizuku_mizutani_hf639.png
  characters.py aggiornato per 'shizuku_mizutani_hf639'
  ✅ Avatar salvato!

============================================================
Generazione: Josephus (josephus_hf640)
============================================================
  Uso API gratuita: free
  Prompt: Candid snapshot of a young man, around 24 years old, Annals, Flavius Josephus was a Jewish historian and former military...
  Pexels: trovata foto di Спиридон Варфаламеев
  Immagine: 23273 bytes
  Server: static/avatars/storia/josephus_hf640.png
  Android drawables: char_josephus_hf640.png
  characters.py aggiornato per 'josephus_hf640'
  ✅ Avatar salvato!

============================================================
Generazione: Dr. Akiko Yosano (dr_akiko_yosano_hf641)
============================================================
  Uso API gratuita: free
  Prompt: Candid snapshot of a young man, around 20 years old, Medical, Dr. Natural indoor lighting from window, soft shadows, rea...
  Pexels: trovata foto di C'Pho Ngondo R.Rouge
  Immagine: 31635 bytes
  Server: static/avatars/medicina/dr_akiko_yosano_hf641.png
  Android drawables: char_dr_akiko_yosano_hf641.png
  characters.py aggiornato per 'dr_akiko_yosano_hf641'
  ✅ Avatar salvato!

============================================================
Generazione: Gretel (gretel_hf642)
============================================================
  Uso API gratuita: free
  Prompt: Candid snapshot of a young man, around 19 years old, Folk Play, Gretel is one of the main characters in the German folkt...
  Errore Pexels: HTTP 429
  Immagine: 41088 bytes
  Server: static/avatars/creativi/gretel_hf642.png
  Android drawables: char_gretel_hf642.png
  characters.py aggiornato per 'gretel_hf642'
  ✅ Avatar salvato!

============================================================
Generazione: Tomie Kawakami (tomie_kawakami_hf643)
============================================================
  Uso API gratuita: free
  Prompt: Candid snapshot of a young woman, around 25 years old, Folkloric Horror, Tomie Kawakami is a beautiful and enigmatic gir...
  Pexels: trovata foto di Dan
  Immagine: 455213 bytes
  Server: static/avatars/horror/tomie_kawakami_hf643.png
  Android drawables: char_tomie_kawakami_hf643.png
  characters.py aggiornato per 'tomie_kawakami_hf643'
  ✅ Avatar salvato!

============================================================
Generazione: Celie (celie_hf644)
============================================================
  Uso API gratuita: free
  Prompt: Candid snapshot of a young man, around 22 years old, Epistolary Novel, Celie is the protagonist of Alice Walker's \. Nat...
  Pexels: trovata foto di Yogendra  Singh
  Immagine: 52059 bytes
  Server: static/avatars/creativi/celie_hf644.png
  Android drawables: char_celie_hf644.png
  characters.py aggiornato per 'celie_hf644'
  ✅ Avatar salvato!

============================================================
Generazione: Arthur Dent (arthur_dent_hf645)
============================================================
  Uso API gratuita: free
  Prompt: Candid snapshot of a young man, around 26 years old, Science Fiction, Arthur Dent is the main character in Douglas Adams...
  Pexels: trovata foto di cottonbro studio
  Immagine: 23216 bytes
  Server: static/avatars/sci-fi/arthur_dent_hf645.png
  Android drawables: char_arthur_dent_hf645.png
  characters.py aggiornato per 'arthur_dent_hf645'
  ✅ Avatar salvato!

============================================================
Generazione: Sherrie Christian (sherrie_christian_hf646)
============================================================
  Uso API gratuita: free
  Prompt: Candid snapshot of a mature woman, around 32 years old, Music Films, Sherrie Christian is a small-town girl who moves to...
  Errore Pexels: HTTP 429
  Immagine: 48567 bytes
  Server: static/avatars/intrattenimento/sherrie_christian_hf646.png
  Android drawables: char_sherrie_christian_hf646.png
  characters.py aggiornato per 'sherrie_christian_hf646'
  ✅ Avatar salvato!

============================================================
Generazione: Kokyangwuti (kokyangwuti_hf647)
============================================================
  Uso API gratuita: free
  Prompt: Candid snapshot of a young woman, around 22 years old, Anasazi Mythology, Kokyangwuti, also known as Spider Woman, is a ...
  Pexels: trovata foto di Azahel Calzada De La Luz
  Immagine: 43714 bytes
  Server: static/avatars/fantasy/kokyangwuti_hf647.png
  Android drawables: char_kokyangwuti_hf647.png
  characters.py aggiornato per 'kokyangwuti_hf647'
  ✅ Avatar salvato!

============================================================
Generazione: Willy Wonka (willy_wonka_hf648)
============================================================
  Uso API gratuita: free
  Prompt: Candid snapshot of a young man, around 26 years old, Character-Driven Plot Blogs, Willy Wonka is the eccentric and imagi...
  Pexels: trovata foto di cottonbro studio
  Immagine: 34894 bytes
  Server: static/avatars/creativi/willy_wonka_hf648.png
  Android drawables: char_willy_wonka_hf648.png
  characters.py aggiornato per 'willy_wonka_hf648'
  ✅ Avatar salvato!

============================================================
Generazione: Jennifer Lawrence (jennifer_lawrence_hf649)
============================================================
  Uso API gratuita: free
  Prompt: Candid snapshot of a mature woman, around 33 years old, Actor and Actress Blogs, Jennifer Lawrence is an American actres...
  Pexels: trovata foto di cottonbro studio
  Immagine: 26401 bytes
  Server: static/avatars/creativi/jennifer_lawrence_hf649.png
  Android drawables: char_jennifer_lawrence_hf649.png
  characters.py aggiornato per 'jennifer_lawrence_hf649'
  ✅ Avatar salvato!

============================================================
Generazione: George Smiley (george_smiley_hf650)
============================================================
  Uso API gratuita: free
  Prompt: Candid snapshot of a mature man, around 35 years old, Espionage Short Stories, George Smiley is a British intelligence o...
  Pexels: trovata foto di Patricia  Rodriguez
  Immagine: 28848 bytes
  Server: static/avatars/creativi/george_smiley_hf650.png
  Android drawables: char_george_smiley_hf650.png
  characters.py aggiornato per 'george_smiley_hf650'
  ✅ Avatar salvato!

============================================================
Generazione: Shobu Kirifuda (shobu_kirifuda_hf651)
============================================================
  Uso API gratuita: free
  Prompt: Candid snapshot of a young man, around 21 years old, Card Battle, Shobu Kirifuda is the main protagonist of Duel Masters...
  Errore Pexels: HTTP 429
  Immagine: 48101 bytes
  Server: static/avatars/anime/shobu_kirifuda_hf651.png
  Android drawables: char_shobu_kirifuda_hf651.png
  characters.py aggiornato per 'shobu_kirifuda_hf651'
  ✅ Avatar salvato!

============================================================
Generazione: Tiger Woods (tiger_woods_hf652)
============================================================
  Uso API gratuita: free
  Prompt: Candid snapshot of a young man, around 18 years old, Sports Legends, Tiger Woods is a professional golfer who is widely ...
  Pexels: trovata foto di Tony Schnagl
  Immagine: 20861 bytes
  Server: static/avatars/sport/tiger_woods_hf652.png
  Android drawables: char_tiger_woods_hf652.png
  characters.py aggiornato per 'tiger_woods_hf652'
  ✅ Avatar salvato!

============================================================
Generazione: Siegfried Sassoon (siegfried_sassoon_hf653)
============================================================
  Uso API gratuita: free
  Prompt: Candid snapshot of a young man, around 26 years old, War Poetry, Siegfried Sassoon was an English poet, writer, and sold...
  Pexels: trovata foto di Vitor Diniz
  Immagine: 21115 bytes
  Server: static/avatars/sopravvivenza/siegfried_sassoon_hf653.png
  Android drawables: char_siegfried_sassoon_hf653.png
  characters.py aggiornato per 'siegfried_sassoon_hf653'
  ✅ Avatar salvato!

============================================================
Generazione: Ryo Narushima (ryo_narushima_hf654)
============================================================
  Uso API gratuita: free
  Prompt: Candid snapshot of a young man, around 20 years old, Crime, Ryo Narushima is the main character of the manga \. Natural ...
  Errore Pexels: HTTP 429
  Immagine: 43802 bytes
  Server: static/avatars/detective/ryo_narushima_hf654.png
  Android drawables: char_ryo_narushima_hf654.png
  characters.py aggiornato per 'ryo_narushima_hf654'
  ✅ Avatar salvato!

============================================================
Generazione: Medieval Madness King (medieval_madness_king_hf655)
============================================================
  Uso API gratuita: free
  Prompt: Candid snapshot of a mature man, around 30 years old, Pinball Game, The Medieval Madness King is the ruler of the mediev...
  Pexels: trovata foto di Marcelo Chagas
  Immagine: 39835 bytes
  Server: static/avatars/gamer/medieval_madness_king_hf655.png
  Android drawables: char_medieval_madness_king_hf655.png
  characters.py aggiornato per 'medieval_madness_king_hf655'
  ✅ Avatar salvato!

============================================================
Generazione: Charlie Croker (charlie_croker_hf656)
============================================================
  Uso API gratuita: free
  Prompt: Candid snapshot of a young man, around 23 years old, Heist Films, Charlie Croker is a charismatic and clever leader of a...
  Pexels: trovata foto di Ragucci
  Immagine: 27102 bytes
  Server: static/avatars/intrattenimento/charlie_croker_hf656.png
  Android drawables: char_charlie_croker_hf656.png
  characters.py aggiornato per 'charlie_croker_hf656'
  ✅ Avatar salvato!

============================================================
Generazione: Michael Palin (michael_palin_hf657)
============================================================
  Uso API gratuita: free
  Prompt: Candid snapshot of a young man, around 20 years old, Religious Documentaries, Michael Palin is an English comedian, acto...
  Pexels: trovata foto di Nischal
  Immagine: 52043 bytes
  Server: static/avatars/creativi/michael_palin_hf657.png
  Android drawables: char_michael_palin_hf657.png
  characters.py aggiornato per 'michael_palin_hf657'
  ✅ Avatar salvato!

============================================================
Generazione: Tim (tim_hf658)
============================================================
  Uso API gratuita: free
  Prompt: Candid snapshot of a mature man, around 32 years old, Cinematic Platformer, Tim is the protagonist of Braid, a puzzle-pl...
  Errore Pexels: HTTP 429
  Immagine: 45594 bytes
  Server: static/avatars/gamer/tim_hf658.png
  Android drawables: char_tim_hf658.png
  characters.py aggiornato per 'tim_hf658'
  ✅ Avatar salvato!

============================================================
Generazione: Harry Bosch (harry_bosch_hf659)
============================================================
  Uso API gratuita: free
  Prompt: Candid snapshot of a young man, around 19 years old, Detective Short Stories, Harry Bosch is a relentless LAPD detective...
  Pexels: trovata foto di cottonbro studio
  Immagine: 35549 bytes
  Server: static/avatars/detective/harry_bosch_hf659.png
  Android drawables: char_harry_bosch_hf659.png
  characters.py aggiornato per 'harry_bosch_hf659'
  ✅ Avatar salvato!

============================================================
Generazione: Elizabeth Lane (elizabeth_lane_hf660)
============================================================
  Uso API gratuita: free
  Prompt: Candid snapshot of a young man, around 22 years old, Courtroom Drama, Elizabeth Lane is a brilliant defense attorney in ...
  Pexels: trovata foto di Matheus Alves
  Immagine: 43114 bytes
  Server: static/avatars/romantici/elizabeth_lane_hf660.png
  Android drawables: char_elizabeth_lane_hf660.png
  characters.py aggiornato per 'elizabeth_lane_hf660'
  ✅ Avatar salvato!

============================================================
Generazione: King Graham (king_graham_hf661)
============================================================
  Uso API gratuita: free
  Prompt: Candid snapshot of a young man, around 18 years old, Classic Adventure, King Graham is the protagonist of \. Natural ind...
  Pexels: trovata foto di annmteu
  Immagine: 43536 bytes
  Server: static/avatars/viaggi/king_graham_hf661.png
  Android drawables: char_king_graham_hf661.png
  characters.py aggiornato per 'king_graham_hf661'
  ✅ Avatar salvato!

============================================================
Generazione: Anderson Cooper (anderson_cooper_hf662)
============================================================
  Uso API gratuita: free
  Prompt: Candid snapshot of a mature man, around 31 years old, Public Affairs Shows, Anderson Cooper is a respected journalist an...
  Pexels: trovata foto di SweeMing YOUNG
  Immagine: 51543 bytes
  Server: static/avatars/creativi/anderson_cooper_hf662.png
  Android drawables: char_anderson_cooper_hf662.png
  characters.py aggiornato per 'anderson_cooper_hf662'
  ✅ Avatar salvato!

============================================================
Generazione: John Proctor (john_proctor_hf663)
============================================================
  Uso API gratuita: free
  Prompt: Candid snapshot of a young man, around 21 years old, Physical Theatre, John Proctor is the protagonist of Arthur Miller'...
  Pexels: trovata foto di Niquice Mazive
  Immagine: 31597 bytes
  Server: static/avatars/creativi/john_proctor_hf663.png
  Android drawables: char_john_proctor_hf663.png
  characters.py aggiornato per 'john_proctor_hf663'
  ✅ Avatar salvato!

============================================================
Generazione: Bailey Ruth Raeburn (bailey_ruth_raeburn_hf664)
============================================================
  Uso API gratuita: free
  Prompt: Candid snapshot of a young woman, around 27 years old, Cozy Mystery, Bailey Ruth Raeburn is a heavenly emissary and form...
  Pexels: trovata foto di the framestreet
  Immagine: 41717 bytes
  Server: static/avatars/detective/bailey_ruth_raeburn_hf664.png
  Android drawables: char_bailey_ruth_raeburn_hf664.png
  characters.py aggiornato per 'bailey_ruth_raeburn_hf664'
  ✅ Avatar salvato!

============================================================
Generazione: Dean Winchester (dean_winchester_hf665)
============================================================
  Uso API gratuita: free
  Prompt: Candid snapshot of a mature man, around 35 years old, Paranormal Investigations, Dean Winchester is one of the main char...
  Pexels: trovata foto di Atahan Demir
  Immagine: 17009 bytes
  Server: static/avatars/creativi/dean_winchester_hf665.png
  Android drawables: char_dean_winchester_hf665.png
  characters.py aggiornato per 'dean_winchester_hf665'
  ✅ Avatar salvato!

============================================================
Generazione: Professor John Darrow (professor_john_darrow_hf666)
============================================================
  Uso API gratuita: free
  Prompt: Candid snapshot of a young man, around 20 years old, Science Adventure Board Games, Professor John Darrow is a fictional...
  Errore Pexels: HTTP 429
  Immagine: 50993 bytes
  Server: static/avatars/viaggi/professor_john_darrow_hf666.png
  Android drawables: char_professor_john_darrow_hf666.png
  characters.py aggiornato per 'professor_john_darrow_hf666'
  ✅ Avatar salvato!

============================================================
Generazione: Marty McFly (marty_mcfly_hf667)
============================================================
  Uso API gratuita: free
  Prompt: Candid snapshot of a young man, around 24 years old, Movie Character Breakdowns, Marty McFly, portrayed by Michael J. Na...
  Pexels: trovata foto di annmteu
  Immagine: 43536 bytes
  Server: static/avatars/intrattenimento/marty_mcfly_hf667.png
  Android drawables: char_marty_mcfly_hf667.png
  characters.py aggiornato per 'marty_mcfly_hf667'
  ✅ Avatar salvato!

============================================================
Generazione: Jim Gaffigan (jim_gaffigan_hf668)
============================================================
  Uso API gratuita: free
  Prompt: Candid snapshot of a young man, around 26 years old, Stand-up Comedy Shows, Jim Gaffigan is a stand-up comedian known fo...
  Pexels: trovata foto di Pavel Danilyuk
  Immagine: 30730 bytes
  Server: static/avatars/intrattenimento/jim_gaffigan_hf668.png
  Android drawables: char_jim_gaffigan_hf668.png
  characters.py aggiornato per 'jim_gaffigan_hf668'
  ✅ Avatar salvato!

============================================================
Generazione: Khalil Gibran (khalil_gibran_hf669)
============================================================
  Uso API gratuita: free
  Prompt: Candid snapshot of a mature man, around 30 years old, Epistolary Poetry, Khalil Gibran was a Lebanese-American writer, p...
  Pexels: trovata foto di Allan Carvalho
  Immagine: 32374 bytes
  Server: static/avatars/romantici/khalil_gibran_hf669.png
  Android drawables: char_khalil_gibran_hf669.png
  characters.py aggiornato per 'khalil_gibran_hf669'
  ✅ Avatar salvato!

============================================================
Generazione: Julie Powell (julie_powell_hf670)
============================================================
  Uso API gratuita: free
  Prompt: Candid snapshot of a mature man, around 33 years old, Slice of Life Films, Julie Powell is the main character in \. Natu...
  Pexels: trovata foto di jordan besson
  Immagine: 24118 bytes
  Server: static/avatars/quotidiano/julie_powell_hf670.png
  Android drawables: char_julie_powell_hf670.png
  characters.py aggiornato per 'julie_powell_hf670'
  ✅ Avatar salvato!

============================================================
Generazione: Amira (amira_hf671)
============================================================
  Uso API gratuita: free
  Prompt: Candid snapshot of a young woman, around 29 years old, Romance, Amira is one of the main characters in the graphic novel...
  Pexels: trovata foto di Yulia  Polyakova
  Immagine: 26237 bytes
  Server: static/avatars/romantici/amira_hf671.png
  Android drawables: char_amira_hf671.png
  characters.py aggiornato per 'amira_hf671'
  ✅ Avatar salvato!

============================================================
Generazione: The Flatwoods Monster (the_flatwoods_monster_hf672)
============================================================
  Uso API gratuita: free
  Prompt: Candid snapshot of a mature man, around 33 years old, Cryptids, The Flatwoods Monster, also known as the Braxton County ...
  Pexels: trovata foto di Ahmet Muhtar Taşkaya
  Immagine: 71495 bytes
  Server: static/avatars/creativi/the_flatwoods_monster_hf672.png
  Android drawables: char_the_flatwoods_monster_hf672.png
  characters.py aggiornato per 'the_flatwoods_monster_hf672'
  ✅ Avatar salvato!

============================================================
Generazione: Alucard (alucard_hf673)
============================================================
  Uso API gratuita: free
  Prompt: Candid snapshot of a young man, around 18 years old, Vampire, Alucard is the main protagonist of the manga series \. Nat...
  Errore Pexels: HTTP 429
  Immagine: 42390 bytes
  Server: static/avatars/anime/alucard_hf673.png
  Android drawables: char_alucard_hf673.png
  characters.py aggiornato per 'alucard_hf673'
  ✅ Avatar salvato!

============================================================
Generazione: Mulan (mulan_hf674)
============================================================
  Uso API gratuita: free
  Prompt: Candid snapshot of a mature woman, around 33 years old, Folklore Board Games, Mulan is a legendary figure from ancient C...
  Pexels: trovata foto di Tima Miroshnichenko
  Immagine: 57957 bytes
  Server: static/avatars/gamer/mulan_hf674.png
  Android drawables: char_mulan_hf674.png
  characters.py aggiornato per 'mulan_hf674'
  ✅ Avatar salvato!

============================================================
Generazione: Samus Aran (samus_aran_hf675)
============================================================
  Uso API gratuita: free
  Prompt: Candid snapshot of a young woman, around 18 years old, Modded Game, Samus Aran is a bounty hunter and the protagonist of...
  Pexels: trovata foto di Adhen Wijaya Kusuma
  Immagine: 45824 bytes
  Server: static/avatars/gamer/samus_aran_hf675.png
  Android drawables: char_samus_aran_hf675.png
  characters.py aggiornato per 'samus_aran_hf675'
  ✅ Avatar salvato!

============================================================
Generazione: Edward Elric (edward_elric_hf676)
============================================================
  Uso API gratuita: free
  Prompt: Candid snapshot of a young man, around 22 years old, Post-Modern, Edward Elric, also known as the Fullmetal Alchemist, i...
  Errore Pexels: HTTP 429
  Immagine: 46281 bytes
  Server: static/avatars/anime/edward_elric_hf676.png
  Android drawables: char_edward_elric_hf676.png
  characters.py aggiornato per 'edward_elric_hf676'
  ✅ Avatar salvato!

============================================================
Generazione: Patrick Jane (patrick_jane_hf677)
============================================================
  Uso API gratuita: free
  Prompt: Candid snapshot of a mature man, around 34 years old, Psychic phenomena, Patrick Jane, played by Simon Baker, is the pro...
  Pexels: trovata foto di Pavel Danilyuk
  Immagine: 29448 bytes
  Server: static/avatars/creativi/patrick_jane_hf677.png
  Android drawables: char_patrick_jane_hf677.png
  characters.py aggiornato per 'patrick_jane_hf677'
  ✅ Avatar salvato!

============================================================
Generazione: Alice (alice_hf678)
============================================================
  Uso API gratuita: free
  Prompt: Candid snapshot of a mature woman, around 35 years old, Time Management Game, Alice is the whimsical and imaginative own...
  Pexels: trovata foto di KoolShooters
  Immagine: 41246 bytes
  Server: static/avatars/gamer/alice_hf678.png
  Android drawables: char_alice_hf678.png
  characters.py aggiornato per 'alice_hf678'
  ✅ Avatar salvato!

============================================================
Generazione: Kate Halfpenny (kate_halfpenny_hf679)
============================================================
  Uso API gratuita: free
  Prompt: Candid snapshot of a young woman, around 26 years old, Wedding Magazines, Kate Halfpenny is a British bridal designer an...
  Pexels: trovata foto di Daniil Kondrashin
  Immagine: 36149 bytes
  Server: static/avatars/creativi/kate_halfpenny_hf679.png
  Android drawables: char_kate_halfpenny_hf679.png
  characters.py aggiornato per 'kate_halfpenny_hf679'
  ✅ Avatar salvato!

============================================================
Generazione: Faith \ (faith_sister_herbert_hf680)
============================================================
  Uso API gratuita: free
  Prompt: Candid snapshot of a young man, around 24 years old, Cyberpunk, Faith Herbert, also known as Zephyr, is a superhero from...
  Pexels: trovata foto di Alena Darmel
  Immagine: 40036 bytes
  Server: static/avatars/sci-fi/faith_sister_herbert_hf680.png
  Android drawables: char_faith_sister_herbert_hf680.png
  characters.py aggiornato per 'faith_sister_herbert_hf680'
  ✅ Avatar salvato!

============================================================
Generazione: Isaac Newton (isaac_newton_hf681)
============================================================
  Uso API gratuita: free
  Prompt: Candid snapshot of a young man, around 21 years old, Experimental Papers on Concepts..., Isaac Newton was an English mat...
  Pexels: trovata foto di RedWolf
  Immagine: 41776 bytes
  Server: static/avatars/creativi/isaac_newton_hf681.png
  Android drawables: char_isaac_newton_hf681.png
  characters.py aggiornato per 'isaac_newton_hf681'
  ✅ Avatar salvato!

============================================================
Generazione: E Bukura e Qiellit (e_bukura_e_qiellit_hf682)
============================================================
  Uso API gratuita: free
  Prompt: Candid snapshot of a young man, around 20 years old, Albanian Mythology, E Bukura e Qiellit, meaning \. Natural indoor l...
  Pexels: trovata foto di Ahmet Mert
  Immagine: 56309 bytes
  Server: static/avatars/fantasy/e_bukura_e_qiellit_hf682.png
  Android drawables: char_e_bukura_e_qiellit_hf682.png
  characters.py aggiornato per 'e_bukura_e_qiellit_hf682'
  ✅ Avatar salvato!

============================================================
Generazione: Brad Pitt (brad_pitt_hf683)
============================================================
  Uso API gratuita: free
  Prompt: Candid snapshot of a young woman, around 27 years old, Celebrity Relationship Magazines, Brad Pitt is a celebrated actor...
  Pexels: trovata foto di Vanessa Pozos
  Immagine: 28735 bytes
  Server: static/avatars/creativi/brad_pitt_hf683.png
  Android drawables: char_brad_pitt_hf683.png
  characters.py aggiornato per 'brad_pitt_hf683'
  ✅ Avatar salvato!

============================================================
Generazione: Vasily Zaytsev (vasily_zaytsev_hf684)
============================================================
  Uso API gratuita: free
  Prompt: Candid snapshot of a young man, around 22 years old, War Documentaries, Vasily Zaytsev was a Soviet sniper during World ...
  Errore Pexels: HTTP 429
  Immagine: 44198 bytes
  Server: static/avatars/sopravvivenza/vasily_zaytsev_hf684.png
  Android drawables: char_vasily_zaytsev_hf684.png
  characters.py aggiornato per 'vasily_zaytsev_hf684'
  ✅ Avatar salvato!

============================================================
Generazione: Jodie Holmes (jodie_holmes_hf685)
============================================================
  Uso API gratuita: free
  Prompt: Candid snapshot of a young woman, around 26 years old, Alternate Reality Game (ARG), Jodie Holmes is a young woman with ...
  Pexels: trovata foto di Ali Pazani
  Immagine: 39132 bytes
  Server: static/avatars/gamer/jodie_holmes_hf685.png
  Android drawables: char_jodie_holmes_hf685.png
  characters.py aggiornato per 'jodie_holmes_hf685'
  ✅ Avatar salvato!

============================================================
Generazione: Debbie Allen (debbie_allen_hf686)
============================================================
  Uso API gratuita: free
  Prompt: Candid snapshot of a mature woman, around 35 years old, Dance Biography, Debbie Allen is an American dancer, choreograph...
  Pexels: trovata foto di Adhwaith Chandran
  Immagine: 46348 bytes
  Server: static/avatars/quotidiano/debbie_allen_hf686.png
  Android drawables: char_debbie_allen_hf686.png
  characters.py aggiornato per 'debbie_allen_hf686'
  ✅ Avatar salvato!

============================================================
Generazione: Gordon Ramsay (gordon_ramsay_hf687)
============================================================
  Uso API gratuita: free
  Prompt: Candid snapshot of a young man, around 22 years old, Celebrity Reality Shows, Gordon Ramsay is a world-renowned chef and...
  Pexels: trovata foto di Deepak Maurya
  Immagine: 30793 bytes
  Server: static/avatars/creativi/gordon_ramsay_hf687.png
  Android drawables: char_gordon_ramsay_hf687.png
  characters.py aggiornato per 'gordon_ramsay_hf687'
  ✅ Avatar salvato!

============================================================
Generazione: Chevette Washington (chevette_washington_hf688)
============================================================
  Uso API gratuita: free
  Prompt: Candid snapshot of a young woman, around 24 years old, Cyberpunk Short Stories, Chevette Washington is a bicycle courier...
  Errore Pexels: HTTP 429
  Immagine: 43718 bytes
  Server: static/avatars/sci-fi/chevette_washington_hf688.png
  Android drawables: char_chevette_washington_hf688.png
  characters.py aggiornato per 'chevette_washington_hf688'
  ✅ Avatar salvato!

============================================================
Generazione: Mordred the Dark Knight (mordred_the_dark_knight_hf689)
============================================================
  Uso API gratuita: free
  Prompt: Candid snapshot of a mature man, around 35 years old, Dungeon Crawl Board Games, Mordred the Dark Knight is a sinister a...
  Pexels: trovata foto di 𝐄 𝐙 𝐄 𝐋 |  埃泽尔
  Immagine: 15444 bytes
  Server: static/avatars/gamer/mordred_the_dark_knight_hf689.png
  Android drawables: char_mordred_the_dark_knight_hf689.png
  characters.py aggiornato per 'mordred_the_dark_knight_hf689'
  ✅ Avatar salvato!

============================================================
Generazione: Dr. Maggie McPherson (dr_maggie_mcpherson_hf690)
============================================================
  Uso API gratuita: free
  Prompt: Candid snapshot of a young man, around 21 years old, Arctic Adventure Films, Dr. Natural indoor lighting from window, so...
  Pexels: trovata foto di Yura Forrat
  Immagine: 55831 bytes
  Server: static/avatars/viaggi/dr_maggie_mcpherson_hf690.png
  Android drawables: char_dr_maggie_mcpherson_hf690.png
  characters.py aggiornato per 'dr_maggie_mcpherson_hf690'
  ✅ Avatar salvato!

============================================================
Generazione: Brutus (brutus_hf691)
============================================================
  Uso API gratuita: free
  Prompt: Candid snapshot of a young man, around 26 years old, Historical Plays, Brutus is one of the central characters in Shakes...
  Pexels: trovata foto di Vanessa Pozos
  Immagine: 59775 bytes
  Server: static/avatars/storia/brutus_hf691.png
  Android drawables: char_brutus_hf691.png
  characters.py aggiornato per 'brutus_hf691'
  ✅ Avatar salvato!

============================================================
Generazione: Oedipus (oedipus_hf692)
============================================================
  Uso API gratuita: free
  Prompt: Candid snapshot of a young man, around 29 years old, Classical Greek Tragedy, Oedipus is the tragic king of Thebes who u...
  Errore Pexels: HTTP 429
  Immagine: 52932 bytes
  Server: static/avatars/creativi/oedipus_hf692.png
  Android drawables: char_oedipus_hf692.png
  characters.py aggiornato per 'oedipus_hf692'
  ✅ Avatar salvato!

============================================================
Generazione: T'Challa (Black Panther) (t_challa_black_panther_hf693)
============================================================
  Uso API gratuita: free
  Prompt: Candid snapshot of a young man, around 19 years old, Sports, T'Challa, also known as Black Panther, is the king of the A...
  Pexels: trovata foto di www.kaboompics.com
  Immagine: 41985 bytes
  Server: static/avatars/sport/t_challa_black_panther_hf693.png
  Android drawables: char_t_challa_black_panther_hf693.png
  characters.py aggiornato per 't_challa_black_panther_hf693'
  ✅ Avatar salvato!

============================================================
Generazione: Alec Trevelyan (006) (alec_trevelyan_006_hf694)
============================================================
  Uso API gratuita: free
  Prompt: Candid snapshot of a young man, around 27 years old, Espionage, Alec Trevelyan, also known as Agent 006, is a former MI6...
  Pexels: trovata foto di jordan besson
  Immagine: 24118 bytes
  Server: static/avatars/creativi/alec_trevelyan_006_hf694.png
  Android drawables: char_alec_trevelyan_006_hf694.png
  characters.py aggiornato per 'alec_trevelyan_006_hf694'
  ✅ Avatar salvato!

============================================================
Generazione: Nathan Drake (nathan_drake_hf695)
============================================================
  Uso API gratuita: free
  Prompt: Candid snapshot of a mature man, around 30 years old, Escape Room, Nathan Drake is the adventurous treasure hunter from ...
  Pexels: trovata foto di Iván Cauich
  Immagine: 31867 bytes
  Server: static/avatars/gamer/nathan_drake_hf695.png
  Android drawables: char_nathan_drake_hf695.png
  characters.py aggiornato per 'nathan_drake_hf695'
  ✅ Avatar salvato!

============================================================
Generazione: Ryuko Matoi (ryuko_matoi_hf696)
============================================================
  Uso API gratuita: free
  Prompt: Candid snapshot of a mature man, around 34 years old, War, Ryuko Matoi is the protagonist of the anime \. Natural indoor...
  Pexels: trovata foto di Michał Paćko
  Immagine: 35019 bytes
  Server: static/avatars/sopravvivenza/ryuko_matoi_hf696.png
  Android drawables: char_ryuko_matoi_hf696.png
  characters.py aggiornato per 'ryuko_matoi_hf696'
  ✅ Avatar salvato!

============================================================
Generazione: Iris West (iris_west_hf697)
============================================================
  Uso API gratuita: free
  Prompt: Candid snapshot of a young woman, around 18 years old, New Age Newspapers, Iris West is a journalist and the love intere...
  Pexels: trovata foto di Alican Helik
  Immagine: 31003 bytes
  Server: static/avatars/creativi/iris_west_hf697.png
  Android drawables: char_iris_west_hf697.png
  characters.py aggiornato per 'iris_west_hf697'
  ✅ Avatar salvato!

============================================================
Generazione: Mitchell Hundred (The Great Machine) (mitchell_hundred_the_great_machine_hf698)
============================================================
  Uso API gratuita: free
  Prompt: Candid snapshot of a mature man, around 32 years old, New Weird, Mitchell Hundred, also known as \. Natural indoor light...
  Pexels: trovata foto di Umar  Faruq
  Immagine: 14545 bytes
  Server: static/avatars/creativi/mitchell_hundred_the_great_machine_hf698.png
  Android drawables: char_mitchell_hundred_the_great_machine_hf698.png
  characters.py aggiornato per 'mitchell_hundred_the_great_machine_hf698'
  ✅ Avatar salvato!

============================================================
Generazione: The Ugly Duckling (the_ugly_duckling_hf699)
============================================================
  Uso API gratuita: free
  Prompt: Candid snapshot of a mature man, around 33 years old, Fairy Tale Retellings Short Stories, The Ugly Duckling is a young ...
  Errore Pexels: HTTP 429
  Immagine: 47999 bytes
  Server: static/avatars/fantasy/the_ugly_duckling_hf699.png
  Android drawables: char_the_ugly_duckling_hf699.png
  characters.py aggiornato per 'the_ugly_duckling_hf699'
  ✅ Avatar salvato!

============================================================
Generazione: Hanwi (hanwi_hf700)
============================================================
  Uso API gratuita: free
  Prompt: Candid snapshot of a young woman, around 20 years old, Lakota Mythology, Hanwi is the Moon Goddess in Lakota mythology, ...
  Pexels: trovata foto di Ahmet Mert
  Immagine: 40298 bytes
  Server: static/avatars/fantasy/hanwi_hf700.png
  Android drawables: char_hanwi_hf700.png
  characters.py aggiornato per 'hanwi_hf700'
  ✅ Avatar salvato!

============================================================
Generazione: Bolt (bolt_hf701)
============================================================
  Uso API gratuita: free
  Prompt: Candid snapshot of a young man, around 19 years old, Character-Inspired Pet Blogs, Bolt is the superdog from the animate...
  Pexels: trovata foto di Malama Mushitu
  Immagine: 26170 bytes
  Server: static/avatars/creativi/bolt_hf701.png
  Android drawables: char_bolt_hf701.png
  characters.py aggiornato per 'bolt_hf701'
  ✅ Avatar salvato!

============================================================
Generazione: The Hookman (the_hookman_hf702)
============================================================
  Uso API gratuita: free
  Prompt: Candid snapshot of a young man, around 24 years old, Urban Legends Characters Blogs, The Hookman is a classic urban lege...
  Errore Pexels: HTTP 429
  Immagine: 48897 bytes
  Server: static/avatars/creativi/the_hookman_hf702.png
  Android drawables: char_the_hookman_hf702.png
  characters.py aggiornato per 'the_hookman_hf702'
  ✅ Avatar salvato!

============================================================
Generazione: Siegfried (siegfried_hf703)
============================================================
  Uso API gratuita: free
  Prompt: Candid snapshot of a young man, around 28 years old, Historical Legends, Siegfried is a legendary hero from the German e...
  Pexels: trovata foto di Henry Acevedo
  Immagine: 33047 bytes
  Server: static/avatars/storia/siegfried_hf703.png
  Android drawables: char_siegfried_hf703.png
  characters.py aggiornato per 'siegfried_hf703'
  ✅ Avatar salvato!

============================================================
Generazione: Guatavita (guatavita_hf704)
============================================================
  Uso API gratuita: free
  Prompt: Candid snapshot of a young woman, around 22 years old, Chibcha Mythology, Guatavita is a goddess associated with the sac...
  Pexels: trovata foto di Ahmet Mert
  Immagine: 42739 bytes
  Server: static/avatars/fantasy/guatavita_hf704.png
  Android drawables: char_guatavita_hf704.png
  characters.py aggiornato per 'guatavita_hf704'
  ✅ Avatar salvato!

============================================================
Generazione: Ezio Auditore da Firenze (ezio_auditore_da_firenze_hf705)
============================================================
  Uso API gratuita: free
  Prompt: Candid snapshot of a mature man, around 32 years old, Historical Fiction Game, Ezio Auditore da Firenze is a master assa...
  Pexels: trovata foto di cottonbro studio
  Immagine: 24908 bytes
  Server: static/avatars/storia/ezio_auditore_da_firenze_hf705.png
  Android drawables: char_ezio_auditore_da_firenze_hf705.png
  characters.py aggiornato per 'ezio_auditore_da_firenze_hf705'
  ✅ Avatar salvato!

============================================================
Generazione: Andy Dwyer (andy_dwyer_hf706)
============================================================
  Uso API gratuita: free
  Prompt: Candid snapshot of a young man, around 25 years old, Improvisational Comedy Shows, Andy Dwyer is the lovable, goofy, and...
  Pexels: trovata foto di Matheus Bertelli
  Immagine: 25586 bytes
  Server: static/avatars/intrattenimento/andy_dwyer_hf706.png
  Android drawables: char_andy_dwyer_hf706.png
  characters.py aggiornato per 'andy_dwyer_hf706'
  ✅ Avatar salvato!

============================================================
Generazione: Skyler (skyler_hf707)
============================================================
  Uso API gratuita: free
  Prompt: Candid snapshot of a young woman, around 18 years old, Dance Films, Skyler, played by Keenan Kampa, is a classically tra...
  Pexels: trovata foto di Jonathan Valdes
  Immagine: 27045 bytes
  Server: static/avatars/intrattenimento/skyler_hf707.png
  Android drawables: char_skyler_hf707.png
  characters.py aggiornato per 'skyler_hf707'
  ✅ Avatar salvato!

============================================================
Generazione: The Monkey King (Sun Wukong) (the_monkey_king_sun_wukong_hf708)
============================================================
  Uso API gratuita: free
  Prompt: Candid snapshot of a mature man, around 35 years old, Proverbs, Sun Wukong, also known as the Monkey King, is a characte...
  Errore Pexels: HTTP 429
  Immagine: 60447 bytes
  Server: static/avatars/creativi/the_monkey_king_sun_wukong_hf708.png
  Android drawables: char_the_monkey_king_sun_wukong_hf708.png
  characters.py aggiornato per 'the_monkey_king_sun_wukong_hf708'
  ✅ Avatar salvato!

============================================================
Generazione: Kenneth Parcell (kenneth_parcell_hf709)
============================================================
  Uso API gratuita: free
  Prompt: Candid snapshot of a mature man, around 30 years old, Workplace Comedies, Kenneth Parcell is the perpetually cheerful an...
  Pexels: trovata foto di Matheus Bertelli
  Immagine: 25586 bytes
  Server: static/avatars/business/kenneth_parcell_hf709.png
  Android drawables: char_kenneth_parcell_hf709.png
  characters.py aggiornato per 'kenneth_parcell_hf709'
  ✅ Avatar salvato!

============================================================
Generazione: Margot Fonteyn (margot_fonteyn_hf710)
============================================================
  Uso API gratuita: free
  Prompt: Candid snapshot of a mature woman, around 30 years old, Dance Biography, Margot Fonteyn was an English ballerina regarde...
  Pexels: trovata foto di Bade Saba
  Immagine: 30499 bytes
  Server: static/avatars/quotidiano/margot_fonteyn_hf710.png
  Android drawables: char_margot_fonteyn_hf710.png
  characters.py aggiornato per 'margot_fonteyn_hf710'
  ✅ Avatar salvato!

============================================================
Generazione: Roswell Alien (roswell_alien_hf711)
============================================================
  Uso API gratuita: free
  Prompt: Candid snapshot of a mature man, around 33 years old, Aliens and UFOs, The Roswell Alien is linked to the infamous 1947 ...
  Pexels: trovata foto di Eddie  Stofe
  Immagine: 35315 bytes
  Server: static/avatars/creativi/roswell_alien_hf711.png
  Android drawables: char_roswell_alien_hf711.png
  characters.py aggiornato per 'roswell_alien_hf711'
  ✅ Avatar salvato!

============================================================
Generazione: Jimmy Olsen (jimmy_olsen_hf712)
============================================================
  Uso API gratuita: free
  Prompt: Candid snapshot of a mature man, around 30 years old, Trade Newspapers, Jimmy Olsen is a young photojournalist and cub r...
  Pexels: trovata foto di Stijn Dijkstra
  Immagine: 45984 bytes
  Server: static/avatars/creativi/jimmy_olsen_hf712.png
  Android drawables: char_jimmy_olsen_hf712.png
  characters.py aggiornato per 'jimmy_olsen_hf712'
  ✅ Avatar salvato!

============================================================
Generazione: Willow Rosenberg (willow_rosenberg_hf713)
============================================================
  Uso API gratuita: free
  Prompt: Candid snapshot of a young man, around 26 years old, Character-Based Mental Health Blogs, Willow Rosenberg is a key char...
  Errore Pexels: HTTP 429
  Immagine: 39368 bytes
  Server: static/avatars/creativi/willow_rosenberg_hf713.png
  Android drawables: char_willow_rosenberg_hf713.png
  characters.py aggiornato per 'willow_rosenberg_hf713'
  ✅ Avatar salvato!

============================================================
Generazione: Roland Deschain (roland_deschain_hf714)
============================================================
  Uso API gratuita: free
  Prompt: Candid snapshot of a mature man, around 35 years old, Weird Western, Roland Deschain is the last Gunslinger, a knight-li...
  Pexels: trovata foto di Leroy Skalstad
  Immagine: 70228 bytes
  Server: static/avatars/viaggi/roland_deschain_hf714.png
  Android drawables: char_roland_deschain_hf714.png
  characters.py aggiornato per 'roland_deschain_hf714'
  ✅ Avatar salvato!

============================================================
Generazione: Chihiro Ogino (chihiro_ogino_hf715)
============================================================
  Uso API gratuita: free
  Prompt: Candid snapshot of a young man, around 23 years old, Environmental, Chihiro Ogino is the young protagonist of the anime ...
  Pexels: trovata foto di ntare lambert
  Immagine: 43848 bytes
  Server: static/avatars/anime/chihiro_ogino_hf715.png
  Android drawables: char_chihiro_ogino_hf715.png
  characters.py aggiornato per 'chihiro_ogino_hf715'
  ✅ Avatar salvato!

============================================================
Generazione: Chun-Li (chun_li_hf716)
============================================================
  Uso API gratuita: free
  Prompt: Candid snapshot of a young woman, around 21 years old, Beat 'em Up, Chun-Li is an Interpol officer and one of the most i...
  Pexels: trovata foto di Luiz Woellner Fotografia
  Immagine: 26322 bytes
  Server: static/avatars/gamer/chun_li_hf716.png
  Android drawables: char_chun_li_hf716.png
  characters.py aggiornato per 'chun_li_hf716'
  ✅ Avatar salvato!

============================================================
Generazione: Queen Guinevere (queen_guinevere_hf717)
============================================================
  Uso API gratuita: free
  Prompt: Candid snapshot of a mature woman, around 30 years old, Arthurian Legend Board Games, Queen Guinevere is the wife of Kin...
  Pexels: trovata foto di Yessi Trex📸🦖✨️
  Immagine: 51122 bytes
  Server: static/avatars/gamer/queen_guinevere_hf717.png
  Android drawables: char_queen_guinevere_hf717.png
  characters.py aggiornato per 'queen_guinevere_hf717'
  ✅ Avatar salvato!

============================================================
Generazione: Van Wilder (van_wilder_hf718)
============================================================
  Uso API gratuita: free
  Prompt: Candid snapshot of a young man, around 29 years old, College Films, Van Wilder is the charismatic and perpetually relaxe...
  Pexels: trovata foto di anait film
  Immagine: 36301 bytes
  Server: static/avatars/intrattenimento/van_wilder_hf718.png
  Android drawables: char_van_wilder_hf718.png
  characters.py aggiornato per 'van_wilder_hf718'
  ✅ Avatar salvato!

============================================================
Generazione: Emma (emma_hf719)
============================================================
  Uso API gratuita: free
  Prompt: Candid snapshot of a young woman, around 25 years old, Game, Emma is the main character from the manga and anime series ...
  Errore Pexels: HTTP 429
  Immagine: 56225 bytes
  Server: static/avatars/anime/emma_hf719.png
  Android drawables: char_emma_hf719.png
  characters.py aggiornato per 'emma_hf719'
  ✅ Avatar salvato!

============================================================
Generazione: Mahatma Gandhi (mahatma_gandhi_hf720)
============================================================
  Uso API gratuita: free
  Prompt: Candid snapshot of a young man, around 29 years old, Professional Biography, Mahatma Gandhi was a leader of the Indian i...
  Pexels: trovata foto di Hao Peng
  Immagine: 31459 bytes
  Server: static/avatars/quotidiano/mahatma_gandhi_hf720.png
  Android drawables: char_mahatma_gandhi_hf720.png
  characters.py aggiornato per 'mahatma_gandhi_hf720'
  ✅ Avatar salvato!

============================================================
Generazione: Dr. Jane Goodall (dr_jane_goodall_hf721)
============================================================
  Uso API gratuita: free
  Prompt: Candid snapshot of a young woman, around 18 years old, Laboratory Protocols from Notable..., Dr. Natural indoor lighting...
  Pexels: trovata foto di Anna Tarazevich
  Immagine: 34186 bytes
  Server: static/avatars/creativi/dr_jane_goodall_hf721.png
  Android drawables: char_dr_jane_goodall_hf721.png
  characters.py aggiornato per 'dr_jane_goodall_hf721'
  ✅ Avatar salvato!

============================================================
Generazione: Abraham Lincoln (abraham_lincoln_hf722)
============================================================
  Uso API gratuita: free
  Prompt: Candid snapshot of a young man, around 22 years old, Composite Biography, Abraham Lincoln was the 16th president of the ...
  Pexels: trovata foto di HANUMAN PHOTO STUDIO🏕️📸
  Immagine: 47561 bytes
  Server: static/avatars/quotidiano/abraham_lincoln_hf722.png
  Android drawables: char_abraham_lincoln_hf722.png
  characters.py aggiornato per 'abraham_lincoln_hf722'
  ✅ Avatar salvato!

============================================================
Generazione: Hephaestus (hephaestus_hf723)
============================================================
  Uso API gratuita: free
  Prompt: Candid snapshot of a mature man, around 32 years old, Mythology, Hephaestus is the Greek God of Fire and Forge, known fo...
  Pexels: trovata foto di Ahmet Mert
  Immagine: 50662 bytes
  Server: static/avatars/fantasy/hephaestus_hf723.png
  Android drawables: char_hephaestus_hf723.png
  characters.py aggiornato per 'hephaestus_hf723'
  ✅ Avatar salvato!

============================================================
Generazione: Marcus Fenix (marcus_fenix_hf724)
============================================================
  Uso API gratuita: free
  Prompt: Candid snapshot of a young man, around 23 years old, Western Game, Marcus Fenix is the grizzled protagonist of the \. Na...
  Errore Pexels: HTTP 429
  Immagine: 38428 bytes
  Server: static/avatars/viaggi/marcus_fenix_hf724.png
  Android drawables: char_marcus_fenix_hf724.png
  characters.py aggiornato per 'marcus_fenix_hf724'
  ✅ Avatar salvato!

============================================================
Generazione: Terry Hoitz (terry_hoitz_hf725)
============================================================
  Uso API gratuita: free
  Prompt: Candid snapshot of a young man, around 28 years old, Sport Films, Terry Hoitz, portrayed by Mark Wahlberg, is a tough an...
  Pexels: trovata foto di Vitor Diniz
  Immagine: 32474 bytes
  Server: static/avatars/intrattenimento/terry_hoitz_hf725.png
  Android drawables: char_terry_hoitz_hf725.png
  characters.py aggiornato per 'terry_hoitz_hf725'
  ✅ Avatar salvato!

============================================================
Generazione: Lan Wangji (lan_wangji_hf726)
============================================================
  Uso API gratuita: free
  Prompt: Candid snapshot of a mature man, around 35 years old, Manhua, Lan Wangji, also known as Hanguang-Jun, is a stoic and rig...
  Pexels: trovata foto di Спиридон Варфаламеев
  Immagine: 23273 bytes
  Server: static/avatars/creativi/lan_wangji_hf726.png
  Android drawables: char_lan_wangji_hf726.png
  characters.py aggiornato per 'lan_wangji_hf726'
  ✅ Avatar salvato!

============================================================
Generazione: Maisie Dobbs (maisie_dobbs_hf727)
============================================================
  Uso API gratuita: free
  Prompt: Candid snapshot of a young woman, around 23 years old, Historical Crime Fiction, Maisie Dobbs is a psychologist and inve...
  Pexels: trovata foto di cottonbro studio
  Immagine: 38397 bytes
  Server: static/avatars/storia/maisie_dobbs_hf727.png
  Android drawables: char_maisie_dobbs_hf727.png
  characters.py aggiornato per 'maisie_dobbs_hf727'
  ✅ Avatar salvato!

============================================================
Generazione: Sylvana the Dryad (sylvana_the_dryad_hf728)
============================================================
  Uso API gratuita: free
  Prompt: Candid snapshot of a young woman, around 23 years old, Mythical Creatures Board Games, Sylvana the Dryad is a guardian s...
  Errore Pexels: HTTP 429
  Immagine: 55015 bytes
  Server: static/avatars/gamer/sylvana_the_dryad_hf728.png
  Android drawables: char_sylvana_the_dryad_hf728.png
  characters.py aggiornato per 'sylvana_the_dryad_hf728'
  ✅ Avatar salvato!

============================================================
Generazione: Anne Frank (anne_frank_hf729)
============================================================
  Uso API gratuita: free
  Prompt: Candid snapshot of a young man, around 21 years old, Memoirs, Anne Frank was a Jewish teenager who documented her life i...
  Pexels: trovata foto di Natalia Olivera
  Immagine: 31878 bytes
  Server: static/avatars/storia/anne_frank_hf729.png
  Android drawables: char_anne_frank_hf729.png
  characters.py aggiornato per 'anne_frank_hf729'
  ✅ Avatar salvato!

============================================================
Generazione: Indra Nooyi (indra_nooyi_hf730)
============================================================
  Uso API gratuita: free
  Prompt: Candid snapshot of a young woman, around 18 years old, Business Leader Articles, Indra Nooyi is the former CEO of PepsiC...
  Pexels: trovata foto di Naro K
  Immagine: 31904 bytes
  Server: static/avatars/creativi/indra_nooyi_hf730.png
  Android drawables: char_indra_nooyi_hf730.png
  characters.py aggiornato per 'indra_nooyi_hf730'
  ✅ Avatar salvato!

============================================================
Generazione: Eric Draven (eric_draven_hf731)
============================================================
  Uso API gratuita: free
  Prompt: Candid snapshot of a young man, around 23 years old, Splatterpunk, Eric Draven is the protagonist of the graphic novel \...
  Pexels: trovata foto di SoyBreno Fotografia
  Immagine: 35547 bytes
  Server: static/avatars/creativi/eric_draven_hf731.png
  Android drawables: char_eric_draven_hf731.png
  characters.py aggiornato per 'eric_draven_hf731'
  ✅ Avatar salvato!

============================================================
Generazione: Huracan (huracan_hf732)
============================================================
  Uso API gratuita: free
  Prompt: Candid snapshot of a young man, around 25 years old, Tolupan Mythology, Huracan is the god of storms, wind, and fire in ...
  Errore Pexels: HTTP 429
  Immagine: 51025 bytes
  Server: static/avatars/fantasy/huracan_hf732.png
  Android drawables: char_huracan_hf732.png
  characters.py aggiornato per 'huracan_hf732'
  ✅ Avatar salvato!

============================================================
Generazione: Shamash (shamash_hf733)
============================================================
  Uso API gratuita: free
  Prompt: Candid snapshot of a young man, around 19 years old, Babylonian Mythology, Shamash is the Babylonian god of the sun, jus...
  Pexels: trovata foto di Vanessa Pozos
  Immagine: 59775 bytes
  Server: static/avatars/fantasy/shamash_hf733.png
  Android drawables: char_shamash_hf733.png
  characters.py aggiornato per 'shamash_hf733'
  ✅ Avatar salvato!

============================================================
Generazione: Hermione (hermione_hf734)
============================================================
  Uso API gratuita: free
  Prompt: Candid snapshot of a young woman, around 24 years old, Fantasy Play, Hermione is the virtuous and noble queen of Sicily ...
  Pexels: trovata foto di Fernando Ortiz P
  Immagine: 44307 bytes
  Server: static/avatars/fantasy/hermione_hf734.png
  Android drawables: char_hermione_hf734.png
  characters.py aggiornato per 'hermione_hf734'
  ✅ Avatar salvato!

============================================================
Generazione: Cole Phelps (cole_phelps_hf735)
============================================================
  Uso API gratuita: free
  Prompt: Candid snapshot of a young man, around 27 years old, Noir Game, Cole Phelps is a decorated World War II veteran who beco...
  Pexels: trovata foto di Johan M Zacharia
  Immagine: 17182 bytes
  Server: static/avatars/detective/cole_phelps_hf735.png
  Android drawables: char_cole_phelps_hf735.png
  characters.py aggiornato per 'cole_phelps_hf735'
  ✅ Avatar salvato!

============================================================
Generazione: Major Motoko Kusanagi (major_motoko_kusanagi_hf736)
============================================================
  Uso API gratuita: free
  Prompt: Candid snapshot of a mature man, around 33 years old, Android Films, Major Motoko Kusanagi is the protagonist of the ani...
  Errore Pexels: HTTP 429
  Immagine: 40032 bytes
  Server: static/avatars/intrattenimento/major_motoko_kusanagi_hf736.png
  Android drawables: char_major_motoko_kusanagi_hf736.png
  characters.py aggiornato per 'major_motoko_kusanagi_hf736'
  ✅ Avatar salvato!

============================================================
Generazione: Brienne of Tarth (brienne_of_tarth_hf737)
============================================================
  Uso API gratuita: free
  Prompt: Candid snapshot of a young man, around 23 years old, Historical Fantasy, Brienne of Tarth is a character from George R. ...
  Pexels: trovata foto di Anya  Juárez Tenorio
  Immagine: 53887 bytes
  Server: static/avatars/fantasy/brienne_of_tarth_hf737.png
  Android drawables: char_brienne_of_tarth_hf737.png
  characters.py aggiornato per 'brienne_of_tarth_hf737'
  ✅ Avatar salvato!

============================================================
Generazione: Walt Disney (walt_disney_hf738)
============================================================
  Uso API gratuita: free
  Prompt: Candid snapshot of a young man, around 21 years old, Icon Biography, Walt Disney was an American entrepreneur, animator,...
  Pexels: trovata foto di annmteu
  Immagine: 43536 bytes
  Server: static/avatars/quotidiano/walt_disney_hf738.png
  Android drawables: char_walt_disney_hf738.png
  characters.py aggiornato per 'walt_disney_hf738'
  ✅ Avatar salvato!

============================================================
Generazione: Nellie Bly (nellie_bly_hf739)
============================================================
  Uso API gratuita: free
  Prompt: Candid snapshot of a mature man, around 31 years old, Historical Newspapers, Nellie Bly, born Elizabeth Cochran Seaman, ...
  Pexels: trovata foto di Efrem  Efre
  Immagine: 46922 bytes
  Server: static/avatars/storia/nellie_bly_hf739.png
  Android drawables: char_nellie_bly_hf739.png
  characters.py aggiornato per 'nellie_bly_hf739'
  ✅ Avatar salvato!

============================================================
Generazione: Grant Sabatier (grant_sabatier_hf740)
============================================================
  Uso API gratuita: free
  Prompt: Candid snapshot of a young man, around 19 years old, Character-Based Financial Blogs, Grant Sabatier is the founder of M...
  Pexels: trovata foto di annmteu
  Immagine: 43536 bytes
  Server: static/avatars/creativi/grant_sabatier_hf740.png
  Android drawables: char_grant_sabatier_hf740.png
  characters.py aggiornato per 'grant_sabatier_hf740'
  ✅ Avatar salvato!

============================================================
Generazione: Ron Burgundy (ron_burgundy_hf741)
============================================================
  Uso API gratuita: free
  Prompt: Candid snapshot of a mature man, around 31 years old, Satirical Films, Ron Burgundy is a flamboyant and egotistical news...
  Errore Pexels: HTTP 429
  Immagine: 43149 bytes
  Server: static/avatars/intrattenimento/ron_burgundy_hf741.png
  Android drawables: char_ron_burgundy_hf741.png
  characters.py aggiornato per 'ron_burgundy_hf741'
  ✅ Avatar salvato!

============================================================
Generazione: Tyrion Lannister (tyrion_lannister_hf742)
============================================================
  Uso API gratuita: free
  Prompt: Candid snapshot of a young man, around 25 years old, Character Transformation Blogs, Tyrion Lannister is a clever and wi...
  Pexels: trovata foto di Nishant Aneja
  Immagine: 83575 bytes
  Server: static/avatars/creativi/tyrion_lannister_hf742.png
  Android drawables: char_tyrion_lannister_hf742.png
  characters.py aggiornato per 'tyrion_lannister_hf742'
  ✅ Avatar salvato!

============================================================
Generazione: Oisín (ois_n_hf743)
============================================================
  Uso API gratuita: free
  Prompt: Candid snapshot of a young man, around 26 years old, Celtic Mythology, Oisín is a legendary poet and warrior in Celtic m...
  Pexels: trovata foto di Vanessa Pozos
  Immagine: 59775 bytes
  Server: static/avatars/fantasy/ois_n_hf743.png
  Android drawables: char_ois_n_hf743.png
  characters.py aggiornato per 'ois_n_hf743'
  ✅ Avatar salvato!

============================================================
Generazione: Tony Soprano (tony_soprano_hf744)
============================================================
  Uso API gratuita: free
  Prompt: Candid snapshot of a young man, around 28 years old, TV Show Characters Blogs, Tony Soprano is a complex character who s...
  Errore Pexels: HTTP 429
  Immagine: 39828 bytes
  Server: static/avatars/intrattenimento/tony_soprano_hf744.png
  Android drawables: char_tony_soprano_hf744.png
  characters.py aggiornato per 'tony_soprano_hf744'
  ✅ Avatar salvato!

============================================================
Generazione: Beat (beat_hf745)
============================================================
  Uso API gratuita: free
  Prompt: Candid snapshot of a young man, around 19 years old, Rhythm, Beat is one of the main characters in the rhythm-action gam...
  Pexels: trovata foto di Alexander Krivitskiy
  Immagine: 66072 bytes
  Server: static/avatars/gamer/beat_hf745.png
  Android drawables: char_beat_hf745.png
  characters.py aggiornato per 'beat_hf745'
  ✅ Avatar salvato!

============================================================
Generazione: Francis Bacon (francis_bacon_hf746)
============================================================
  Uso API gratuita: free
  Prompt: Candid snapshot of a young man, around 22 years old, Historical Treatises, Francis Bacon was an English philosopher and ...
  Pexels: trovata foto di Diogo Digital Art
  Immagine: 34174 bytes
  Server: static/avatars/storia/francis_bacon_hf746.png
  Android drawables: char_francis_bacon_hf746.png
  characters.py aggiornato per 'francis_bacon_hf746'
  ✅ Avatar salvato!

============================================================
Generazione: Vincent van Gogh (vincent_van_gogh_hf747)
============================================================
  Uso API gratuita: free
  Prompt: Candid snapshot of a mature man, around 30 years old, Composite Biography, Vincent van Gogh was a Dutch post-impressioni...
  Pexels: trovata foto di kadir yeşilbudak
  Immagine: 17660 bytes
  Server: static/avatars/quotidiano/vincent_van_gogh_hf747.png
  Android drawables: char_vincent_van_gogh_hf747.png
  characters.py aggiornato per 'vincent_van_gogh_hf747'
  ✅ Avatar salvato!

============================================================
Generazione: Eggsy Unwin (Galahad) (eggsy_unwin_galahad_hf748)
============================================================
  Uso API gratuita: free
  Prompt: Candid snapshot of a young man, around 26 years old, Spy Films, Eggsy Unwin, also known by his code name Galahad, is a y...
  Pexels: trovata foto di cottonbro studio
  Immagine: 31118 bytes
  Server: static/avatars/intrattenimento/eggsy_unwin_galahad_hf748.png
  Android drawables: char_eggsy_unwin_galahad_hf748.png
  characters.py aggiornato per 'eggsy_unwin_galahad_hf748'
  ✅ Avatar salvato!

============================================================
Generazione: Ix Chel (ix_chel_hf749)
============================================================
  Uso API gratuita: free
  Prompt: Candid snapshot of a mature woman, around 31 years old, Mythological Poetry, Ix Chel is a goddess in Mayan mythology ass...
  Errore Pexels: HTTP 429
  Immagine: 50242 bytes
  Server: static/avatars/romantici/ix_chel_hf749.png
  Android drawables: char_ix_chel_hf749.png
  characters.py aggiornato per 'ix_chel_hf749'
  ✅ Avatar salvato!

============================================================
Generazione: The Miracle Rabbi (the_miracle_rabbi_hf750)
============================================================
  Uso API gratuita: free
  Prompt: Candid snapshot of a mature man, around 34 years old, Miracle healers, The Miracle Rabbi is a figure in Jewish folklore,...
  Pexels: trovata foto di Manoo Media
  Immagine: 48969 bytes
  Server: static/avatars/creativi/the_miracle_rabbi_hf750.png
  Android drawables: char_the_miracle_rabbi_hf750.png
  characters.py aggiornato per 'the_miracle_rabbi_hf750'
  ✅ Avatar salvato!

============================================================
Generazione: Yoshino Takatsuki (yoshino_takatsuki_hf751)
============================================================
  Uso API gratuita: free
  Prompt: Candid snapshot of a young man, around 27 years old, Cross-dressing, Yoshino Takatsuki is a transgender boy who is assig...
  Pexels: trovata foto di C'Pho Ngondo R.Rouge
  Immagine: 31635 bytes
  Server: static/avatars/anime/yoshino_takatsuki_hf751.png
  Android drawables: char_yoshino_takatsuki_hf751.png
  characters.py aggiornato per 'yoshino_takatsuki_hf751'
  ✅ Avatar salvato!

============================================================
Generazione: Milgrim (milgrim_hf752)
============================================================
  Uso API gratuita: free
  Prompt: Candid snapshot of a young man, around 20 years old, Biopunk, Milgrim is a character from William Gibson's biopunk novel...
  Pexels: trovata foto di The Earthy Jay
  Immagine: 32626 bytes
  Server: static/avatars/creativi/milgrim_hf752.png
  Android drawables: char_milgrim_hf752.png
  characters.py aggiornato per 'milgrim_hf752'
  ✅ Avatar salvato!

============================================================
Generazione: Alex Michaelides (alex_michaelides_hf753)
============================================================
  Uso API gratuita: free
  Prompt: Candid snapshot of a young man, around 19 years old, Psychological Thriller, Alex Michaelides is a character from his ow...
  Errore Pexels: HTTP 429
  Immagine: 40141 bytes
  Server: static/avatars/detective/alex_michaelides_hf753.png
  Android drawables: char_alex_michaelides_hf753.png
  characters.py aggiornato per 'alex_michaelides_hf753'
  ✅ Avatar salvato!

============================================================
Generazione: Bronisław Malinowski (bronis_aw_malinowski_hf754)
============================================================
  Uso API gratuita: free
  Prompt: Candid snapshot of a young man, around 25 years old, Anthropological Studies on Cultures..., Bronisław Malinowski was a ...
  Pexels: trovata foto di Zakaria  Joy
  Immagine: 63162 bytes
  Server: static/avatars/creativi/bronis_aw_malinowski_hf754.png
  Android drawables: char_bronis_aw_malinowski_hf754.png
  characters.py aggiornato per 'bronis_aw_malinowski_hf754'
  ✅ Avatar salvato!

============================================================
Generazione: Captain Quint (captain_quint_hf755)
============================================================
  Uso API gratuita: free
  Prompt: Candid snapshot of a young man, around 23 years old, Yachting and Boating Magazines, Captain Quint is a grizzled, weathe...
  Pexels: trovata foto di HANUMAN PHOTO STUDIO🏕️📸
  Immagine: 73854 bytes
  Server: static/avatars/creativi/captain_quint_hf755.png
  Android drawables: char_captain_quint_hf755.png
  characters.py aggiornato per 'captain_quint_hf755'
  ✅ Avatar salvato!

============================================================
Generazione: Claptrap (claptrap_hf756)
============================================================
  Uso API gratuita: free
  Prompt: Candid snapshot of a mature man, around 30 years old, Robot and AI Board Games, Claptrap is a quirky, energetic robot fr...
  Pexels: trovata foto di Pavel Danilyuk
  Immagine: 42389 bytes
  Server: static/avatars/gamer/claptrap_hf756.png
  Android drawables: char_claptrap_hf756.png
  characters.py aggiornato per 'claptrap_hf756'
  ✅ Avatar salvato!

============================================================
Generazione: Michael Jung (michael_jung_hf757)
============================================================
  Uso API gratuita: free
  Prompt: Candid snapshot of a young man, around 20 years old, Equestrian Magazines, Michael Jung is a German eventing rider who h...
  Pexels: trovata foto di Jovan Vasiljević
  Immagine: 26505 bytes
  Server: static/avatars/fantasy/michael_jung_hf757.png
  Android drawables: char_michael_jung_hf757.png
  characters.py aggiornato per 'michael_jung_hf757'
  ✅ Avatar salvato!

============================================================
Generazione: Jack Worthing (Ernest) (jack_worthing_ernest_hf758)
============================================================
  Uso API gratuita: free
  Prompt: Candid snapshot of a mature man, around 30 years old, Farce, Jack Worthing, also known as Ernest, is the protagonist in ...
  Pexels: trovata foto di Alexander Krivitskiy
  Immagine: 66072 bytes
  Server: static/avatars/creativi/jack_worthing_ernest_hf758.png
  Android drawables: char_jack_worthing_ernest_hf758.png
  characters.py aggiornato per 'jack_worthing_ernest_hf758'
  ✅ Avatar salvato!

============================================================
Generazione: Akira Hayama (akira_hayama_hf759)
============================================================
  Uso API gratuita: free
  Prompt: Candid snapshot of a mature man, around 31 years old, Cooking, Akira Hayama is a student at Totsuki Culinary Academy kno...
  Pexels: trovata foto di Milan Gavrilovic
  Immagine: 29917 bytes
  Server: static/avatars/cucina/akira_hayama_hf759.png
  Android drawables: char_akira_hayama_hf759.png
  characters.py aggiornato per 'akira_hayama_hf759'
  ✅ Avatar salvato!

============================================================
Generazione: Alison Bechdel (alison_bechdel_hf760)
============================================================
  Uso API gratuita: free
  Prompt: Candid snapshot of a young man, around 24 years old, Graphic Journalism, Alison Bechdel is the author and protagonist of...
  Pexels: trovata foto di Michael Obstoj
  Immagine: 377990 bytes
  Server: static/avatars/creativi/alison_bechdel_hf760.png
  Android drawables: char_alison_bechdel_hf760.png
  characters.py aggiornato per 'alison_bechdel_hf760'
  ✅ Avatar salvato!

============================================================
Generazione: Dr. Sarah Harding (dr_sarah_harding_hf761)
============================================================
  Uso API gratuita: free
  Prompt: Candid snapshot of a young woman, around 21 years old, Medical Dramas, Dr. Natural indoor lighting from window, soft sha...
  Errore Pexels: HTTP 429
  Immagine: 44403 bytes
  Server: static/avatars/romantici/dr_sarah_harding_hf761.png
  Android drawables: char_dr_sarah_harding_hf761.png
  characters.py aggiornato per 'dr_sarah_harding_hf761'
  ✅ Avatar salvato!

============================================================
Generazione: Hari Seldon (hari_seldon_hf762)
============================================================
  Uso API gratuita: free
  Prompt: Candid snapshot of a young man, around 24 years old, Historical Science Fiction, Hari Seldon is a mathematician and the ...
  Pexels: trovata foto di Eduardo  González
  Immagine: 69183 bytes
  Server: static/avatars/sci-fi/hari_seldon_hf762.png
  Android drawables: char_hari_seldon_hf762.png
  characters.py aggiornato per 'hari_seldon_hf762'
  ✅ Avatar salvato!

============================================================
Generazione: Danny Dunn (danny_dunn_hf763)
============================================================
  Uso API gratuita: free
  Prompt: Candid snapshot of a young man, around 18 years old, Sports Fiction, Danny Dunn is a character in Kwame Alexander's \. N...
  Pexels: trovata foto di Camilo.raw
  Immagine: 47027 bytes
  Server: static/avatars/sport/danny_dunn_hf763.png
  Android drawables: char_danny_dunn_hf763.png
  characters.py aggiornato per 'danny_dunn_hf763'
  ✅ Avatar salvato!

============================================================
Generazione: Pepe the Frog (pepe_the_frog_hf764)
============================================================
  Uso API gratuita: free
  Prompt: Candid snapshot of a mature man, around 33 years old, Character-Based Memes Blogs, Pepe the Frog is a meme that originat...
  Pexels: trovata foto di Moon Bouy
  Immagine: 23030 bytes
  Server: static/avatars/creativi/pepe_the_frog_hf764.png
  Android drawables: char_pepe_the_frog_hf764.png
  characters.py aggiornato per 'pepe_the_frog_hf764'
  ✅ Avatar salvato!

============================================================
Generazione: Bruce Lee (bruce_lee_hf765)
============================================================
  Uso API gratuita: free
  Prompt: Candid snapshot of a young man, around 22 years old, Television Biography, Bruce Lee was a Hong Kong-American martial ar...
  Errore Pexels: HTTP 429
  Immagine: 42569 bytes
  Server: static/avatars/quotidiano/bruce_lee_hf765.png
  Android drawables: char_bruce_lee_hf765.png
  characters.py aggiornato per 'bruce_lee_hf765'
  ✅ Avatar salvato!

============================================================
Generazione: The Courier (the_courier_hf766)
============================================================
  Uso API gratuita: free
  Prompt: Candid snapshot of a young man, around 24 years old, Action RPG, The Courier is the main character of \. Natural indoor ...
  Pexels: trovata foto di Ahmet Mert
  Immagine: 38033 bytes
  Server: static/avatars/supereroi/the_courier_hf766.png
  Android drawables: char_the_courier_hf766.png
  characters.py aggiornato per 'the_courier_hf766'
  ✅ Avatar salvato!

============================================================
Generazione: Ptah (ptah_hf767)
============================================================
  Uso API gratuita: free
  Prompt: Candid snapshot of a mature man, around 31 years old, Egyptian Mythology, Ptah is the god of craftsmen, architects, and ...
  Pexels: trovata foto di Abhishek Mishra
  Immagine: 33666 bytes
  Server: static/avatars/fantasy/ptah_hf767.png
  Android drawables: char_ptah_hf767.png
  characters.py aggiornato per 'ptah_hf767'
  ✅ Avatar salvato!

============================================================
Generazione: Lestat de Lioncourt (lestat_de_lioncourt_hf768)
============================================================
  Uso API gratuita: free
  Prompt: Candid snapshot of a mature man, around 33 years old, Gothic Romance, Lestat de Lioncourt is a charismatic and rebelliou...
  Pexels: trovata foto di Vanessa Pozos
  Immagine: 41399 bytes
  Server: static/avatars/romantici/lestat_de_lioncourt_hf768.png
  Android drawables: char_lestat_de_lioncourt_hf768.png
  characters.py aggiornato per 'lestat_de_lioncourt_hf768'
  ✅ Avatar salvato!

============================================================
Generazione: Dale Cooper (dale_cooper_hf769)
============================================================
  Uso API gratuita: free
  Prompt: Candid snapshot of a young man, around 25 years old, National Newspapers, FBI Special Agent Dale Cooper is the main char...
  Errore Pexels: HTTP 429
  Immagine: 38313 bytes
  Server: static/avatars/creativi/dale_cooper_hf769.png
  Android drawables: char_dale_cooper_hf769.png
  characters.py aggiornato per 'dale_cooper_hf769'
  ✅ Avatar salvato!

============================================================
Generazione: Aloysius Pendergast (aloysius_pendergast_hf770)
============================================================
  Uso API gratuita: free
  Prompt: Candid snapshot of a young man, around 21 years old, New Weird, Aloysius Pendergast is an enigmatic FBI Special Agent wi...
  Pexels: trovata foto di The Earthy Jay
  Immagine: 32626 bytes
  Server: static/avatars/creativi/aloysius_pendergast_hf770.png
  Android drawables: char_aloysius_pendergast_hf770.png
  characters.py aggiornato per 'aloysius_pendergast_hf770'
  ✅ Avatar salvato!

============================================================
Generazione: Forrest Gump (forrest_gump_hf771)
============================================================
  Uso API gratuita: free
  Prompt: Candid snapshot of a young man, around 22 years old, Film à clef, Forrest Gump is a kind-hearted and simple-minded man f...
  Pexels: trovata foto di cottonbro studio
  Immagine: 20607 bytes
  Server: static/avatars/intrattenimento/forrest_gump_hf771.png
  Android drawables: char_forrest_gump_hf771.png
  characters.py aggiornato per 'forrest_gump_hf771'
  ✅ Avatar salvato!

============================================================
Generazione: Goddess Saraswati (goddess_saraswati_hf772)
============================================================
  Uso API gratuita: free
  Prompt: Candid snapshot of a young woman, around 23 years old, Hindu Mythology, Goddess Saraswati is the Hindu goddess of knowle...
  Pexels: trovata foto di Sharath G.
  Immagine: 65351 bytes
  Server: static/avatars/fantasy/goddess_saraswati_hf772.png
  Android drawables: char_goddess_saraswati_hf772.png
  characters.py aggiornato per 'goddess_saraswati_hf772'
  ✅ Avatar salvato!

============================================================
Generazione: Genghis Khan (genghis_khan_hf773)
============================================================
  Uso API gratuita: free
  Prompt: Candid snapshot of a young man, around 22 years old, Historical Anthologies, Genghis Khan, born Temujin, was the founder...
  Errore Pexels: HTTP 429
  Immagine: 48369 bytes
  Server: static/avatars/storia/genghis_khan_hf773.png
  Android drawables: char_genghis_khan_hf773.png
  characters.py aggiornato per 'genghis_khan_hf773'
  ✅ Avatar salvato!

============================================================
Generazione: Blanche DuBois (blanche_dubois_hf774)
============================================================
  Uso API gratuita: free
  Prompt: Candid snapshot of a mature man, around 32 years old, Ensemble Play, Blanche DuBois is the fragile and delusional protag...
  Pexels: trovata foto di cottonbro studio
  Immagine: 20607 bytes
  Server: static/avatars/creativi/blanche_dubois_hf774.png
  Android drawables: char_blanche_dubois_hf774.png
  characters.py aggiornato per 'blanche_dubois_hf774'
  ✅ Avatar salvato!

============================================================
Generazione: Red (red_hf775)
============================================================
  Uso API gratuita: free
  Prompt: Candid snapshot of a mature man, around 31 years old, Splatterpunk, Red is the titular character in Jack Ketchum's novel...
  Pexels: trovata foto di PREM GS
  Immagine: 59625 bytes
  Server: static/avatars/creativi/red_hf775.png
  Android drawables: char_red_hf775.png
  characters.py aggiornato per 'red_hf775'
  ✅ Avatar salvato!

============================================================
Generazione: Sosuke Sagara (sosuke_sagara_hf776)
============================================================
  Uso API gratuita: free
  Prompt: Candid snapshot of a young man, around 26 years old, Comedy, Sosuke Sagara is the main protagonist of the anime \. Natur...
  Pexels: trovata foto di Edmundo Smith
  Immagine: 39379 bytes
  Server: static/avatars/intrattenimento/sosuke_sagara_hf776.png
  Android drawables: char_sosuke_sagara_hf776.png
  characters.py aggiornato per 'sosuke_sagara_hf776'
  ✅ Avatar salvato!

============================================================
Generazione: Frédéric Chopin (fr_d_ric_chopin_hf777)
============================================================
  Uso API gratuita: free
  Prompt: Candid snapshot of a mature man, around 30 years old, Musicology Research Journals, Frédéric Chopin was a Polish compose...
  Pexels: trovata foto di MART  PRODUCTION
  Immagine: 30654 bytes
  Server: static/avatars/romantici/fr_d_ric_chopin_hf777.png
  Android drawables: char_fr_d_ric_chopin_hf777.png
  characters.py aggiornato per 'fr_d_ric_chopin_hf777'
  ✅ Avatar salvato!

============================================================
Generazione: Atticus Finch (atticus_finch_hf778)
============================================================
  Uso API gratuita: free
  Prompt: Candid snapshot of a young man, around 29 years old, Social Novel, Atticus Finch is a principled lawyer and the father o...
  Errore Pexels: HTTP 429
  Immagine: 53627 bytes
  Server: static/avatars/creativi/atticus_finch_hf778.png
  Android drawables: char_atticus_finch_hf778.png
  characters.py aggiornato per 'atticus_finch_hf778'
  ✅ Avatar salvato!

============================================================
Generazione: Silver Surfer / Norrin Radd (silver_surfer_norrin_radd_hf779)
============================================================
  Uso API gratuita: free
  Prompt: Candid snapshot of a mature man, around 32 years old, Science Fantasy, Norrin Radd, known as the Silver Surfer, is a for...
  Pexels: trovata foto di Angel Rkaoz
  Immagine: 47550 bytes
  Server: static/avatars/fantasy/silver_surfer_norrin_radd_hf779.png
  Android drawables: char_silver_surfer_norrin_radd_hf779.png
  characters.py aggiornato per 'silver_surfer_norrin_radd_hf779'
  ✅ Avatar salvato!

============================================================
Generazione: Margaret Sanger (margaret_sanger_hf780)
============================================================
  Uso API gratuita: free
  Prompt: Candid snapshot of a young woman, around 21 years old, Intervention Studies Inspired by Work..., Margaret Sanger was an ...
  Pexels: trovata foto di www.kaboompics.com
  Immagine: 22205 bytes
  Server: static/avatars/creativi/margaret_sanger_hf780.png
  Android drawables: char_margaret_sanger_hf780.png
  characters.py aggiornato per 'margaret_sanger_hf780'
  ✅ Avatar salvato!

============================================================
Generazione: Willy Loman (willy_loman_hf781)
============================================================
  Uso API gratuita: free
  Prompt: Candid snapshot of a mature man, around 35 years old, Experimental Theatre, Willy Loman is the tragic protagonist of Art...
  Errore Pexels: HTTP 429
  Immagine: 45930 bytes
  Server: static/avatars/creativi/willy_loman_hf781.png
  Android drawables: char_willy_loman_hf781.png
  characters.py aggiornato per 'willy_loman_hf781'
  ✅ Avatar salvato!

============================================================
Generazione: Norrin Radd (Silver Surfer) (norrin_radd_silver_surfer_hf782)
============================================================
  Uso API gratuita: free
  Prompt: Candid snapshot of a young man, around 21 years old, Space Opera, Norrin Radd, known as the Silver Surfer, is a former a...
  Pexels: trovata foto di Спиридон Варфаламеев
  Immagine: 23273 bytes
  Server: static/avatars/sci-fi/norrin_radd_silver_surfer_hf782.png
  Android drawables: char_norrin_radd_silver_surfer_hf782.png
  characters.py aggiornato per 'norrin_radd_silver_surfer_hf782'
  ✅ Avatar salvato!

============================================================
Generazione: The Goose Girl (the_goose_girl_hf783)
============================================================
  Uso API gratuita: free
  Prompt: Candid snapshot of a young woman, around 23 years old, Märchen, The Goose Girl is a princess who is betrayed by her maid...
  Pexels: trovata foto di hamed farahpour
  Immagine: 18264 bytes
  Server: static/avatars/creativi/the_goose_girl_hf783.png
  Android drawables: char_the_goose_girl_hf783.png
  characters.py aggiornato per 'the_goose_girl_hf783'
  ✅ Avatar salvato!

============================================================
Generazione: Emily Charlton (emily_charlton_hf784)
============================================================
  Uso API gratuita: free
  Prompt: Candid snapshot of a young woman, around 22 years old, Women's Magazines, Emily Charlton is the senior assistant to Mira...
  Pexels: trovata foto di Alex Urezkov
  Immagine: 26104 bytes
  Server: static/avatars/creativi/emily_charlton_hf784.png
  Android drawables: char_emily_charlton_hf784.png
  characters.py aggiornato per 'emily_charlton_hf784'
  ✅ Avatar salvato!

============================================================
Generazione: Jennifer Aniston (jennifer_aniston_hf785)
============================================================
  Uso API gratuita: free
  Prompt: Candid snapshot of a young woman, around 25 years old, Celebrity Lifestyle Magazines, Jennifer Aniston is an actress and...
  Pexels: trovata foto di Alex Urezkov
  Immagine: 26104 bytes
  Server: static/avatars/creativi/jennifer_aniston_hf785.png
  Android drawables: char_jennifer_aniston_hf785.png
  characters.py aggiornato per 'jennifer_aniston_hf785'
  ✅ Avatar salvato!

============================================================
Generazione: The Huntress (the_huntress_hf786)
============================================================
  Uso API gratuita: free
  Prompt: Candid snapshot of a young man, around 18 years old, Asymmetric Multiplayer, The Huntress, or Anna, is a killer in \. Na...
  Pexels: trovata foto di kadir yeşilbudak
  Immagine: 17660 bytes
  Server: static/avatars/gamer/the_huntress_hf786.png
  Android drawables: char_the_huntress_hf786.png
  characters.py aggiornato per 'the_huntress_hf786'
  ✅ Avatar salvato!

============================================================
Generazione: Hachiman Hikigaya (hachiman_hikigaya_hf787)
============================================================
  Uso API gratuita: free
  Prompt: Candid snapshot of a mature man, around 33 years old, Psychological, Hachiman Hikigaya is the protagonist of \. Natural ...
  Pexels: trovata foto di Burak Bahadır  Büyükkılınç
  Immagine: 14857 bytes
  Server: static/avatars/detective/hachiman_hikigaya_hf787.png
  Android drawables: char_hachiman_hikigaya_hf787.png
  characters.py aggiornato per 'hachiman_hikigaya_hf787'
  ✅ Avatar salvato!

============================================================
Generazione: Black Widow (black_widow_hf788)
============================================================
  Uso API gratuita: free
  Prompt: Candid snapshot of a young woman, around 20 years old, Political, Black Widow, or Natasha Romanoff, is a former Russian ...
  Errore Pexels: HTTP 429
  Immagine: 45308 bytes
  Server: static/avatars/creativi/black_widow_hf788.png
  Android drawables: char_black_widow_hf788.png
  characters.py aggiornato per 'black_widow_hf788'
  ✅ Avatar salvato!

============================================================
Generazione: Amanda Ripley (amanda_ripley_hf789)
============================================================
  Uso API gratuita: free
  Prompt: Candid snapshot of a young woman, around 21 years old, Survival Horror, Amanda Ripley is the protagonist of Alien: Isola...
  Pexels: trovata foto di Emre  Akyol
  Immagine: 41300 bytes
  Server: static/avatars/horror/amanda_ripley_hf789.png
  Android drawables: char_amanda_ripley_hf789.png
  characters.py aggiornato per 'amanda_ripley_hf789'
  ✅ Avatar salvato!

============================================================
Generazione: Red Skull (red_skull_hf790)
============================================================
  Uso API gratuita: free
  Prompt: Candid snapshot of a young man, around 24 years old, Political, Red Skull, or Johann Schmidt, is a former Nazi officer a...
  Pexels: trovata foto di Mikhail Nilov
  Immagine: 45915 bytes
  Server: static/avatars/creativi/red_skull_hf790.png
  Android drawables: char_red_skull_hf790.png
  characters.py aggiornato per 'red_skull_hf790'
  ✅ Avatar salvato!

============================================================
Generazione: Tosca (tosca_hf791)
============================================================
  Uso API gratuita: free
  Prompt: Candid snapshot of a mature woman, around 32 years old, Opera, Floria Tosca is the passionate and devoted opera singer a...
  Errore Pexels: HTTP 429
  Immagine: 53753 bytes
  Server: static/avatars/creativi/tosca_hf791.png
  Android drawables: char_tosca_hf791.png
  characters.py aggiornato per 'tosca_hf791'
  ✅ Avatar salvato!

============================================================
Generazione: Jean Valjean (jean_valjean_hf792)
============================================================
  Uso API gratuita: free
  Prompt: Candid snapshot of a young man, around 24 years old, Stage Adaptation, Jean Valjean is the protagonist of \. Natural ind...
  Pexels: trovata foto di Murat IŞIK
  Immagine: 36694 bytes
  Server: static/avatars/creativi/jean_valjean_hf792.png
  Android drawables: char_jean_valjean_hf792.png
  characters.py aggiornato per 'jean_valjean_hf792'
  ✅ Avatar salvato!

============================================================
Generazione: Zach King (zach_king_hf793)
============================================================
  Uso API gratuita: free
  Prompt: Candid snapshot of a young man, around 28 years old, Social Media Star Features, Zach King is a social media star and fi...
  Pexels: trovata foto di PREM GS
  Immagine: 50064 bytes
  Server: static/avatars/creativi/zach_king_hf793.png
  Android drawables: char_zach_king_hf793.png
  characters.py aggiornato per 'zach_king_hf793'
  ✅ Avatar salvato!

============================================================
Generazione: Michael Corleone (michael_corleone_hf794)
============================================================
  Uso API gratuita: free
  Prompt: Candid snapshot of a young man, around 23 years old, Tragedy Films, Michael Corleone is the central character in \. Natu...
  Pexels: trovata foto di Kindel Media
  Immagine: 46317 bytes
  Server: static/avatars/intrattenimento/michael_corleone_hf794.png
  Android drawables: char_michael_corleone_hf794.png
  characters.py aggiornato per 'michael_corleone_hf794'
  ✅ Avatar salvato!

============================================================
Generazione: Arthur Curry / Aquaman (arthur_curry_aquaman_hf795)
============================================================
  Uso API gratuita: free
  Prompt: Candid snapshot of a young man, around 24 years old, Cinematic Universe Films, Arthur Curry, also known as Aquaman, is t...
  Pexels: trovata foto di Ron Lach
  Immagine: 12466 bytes
  Server: static/avatars/intrattenimento/arthur_curry_aquaman_hf795.png
  Android drawables: char_arthur_curry_aquaman_hf795.png
  characters.py aggiornato per 'arthur_curry_aquaman_hf795'
  ✅ Avatar salvato!

============================================================
Generazione: Kaoru Sakurayashiki (kaoru_sakurayashiki_hf796)
============================================================
  Uso API gratuita: free
  Prompt: Candid snapshot of a young man, around 21 years old, Shoujo-ai, Kaoru Sakurayashiki is a character from the manga \. Nat...
  Errore Pexels: HTTP 429
  Immagine: 40801 bytes
  Server: static/avatars/anime/kaoru_sakurayashiki_hf796.png
  Android drawables: char_kaoru_sakurayashiki_hf796.png
  characters.py aggiornato per 'kaoru_sakurayashiki_hf796'
  ✅ Avatar salvato!

============================================================
Generazione: The Genie (the_genie_hf797)
============================================================
  Uso API gratuita: free
  Prompt: Candid snapshot of a mature man, around 33 years old, Whimsical Fairy Tales, The Genie is a magical being who resides in...
  Pexels: trovata foto di Boys in Bristol Photography
  Immagine: 53106 bytes
  Server: static/avatars/fantasy/the_genie_hf797.png
  Android drawables: char_the_genie_hf797.png
  characters.py aggiornato per 'the_genie_hf797'
  ✅ Avatar salvato!

============================================================
Generazione: Jiddu Krishnamurti (jiddu_krishnamurti_hf798)
============================================================
  Uso API gratuita: free
  Prompt: Candid snapshot of a young man, around 25 years old, Philosophical Documentaries, Jiddu Krishnamurti was an Indian philo...
  Pexels: trovata foto di Emir Eğricesu
  Immagine: 40002 bytes
  Server: static/avatars/motivazione/jiddu_krishnamurti_hf798.png
  Android drawables: char_jiddu_krishnamurti_hf798.png
  characters.py aggiornato per 'jiddu_krishnamurti_hf798'
  ✅ Avatar salvato!

============================================================
Generazione: Albus Dumbledore (albus_dumbledore_hf799)
============================================================
  Uso API gratuita: free
  Prompt: Candid snapshot of a mature man, around 34 years old, Character Quotes Blogs, Albus Dumbledore is the headmaster of Hogw...
  Pexels: trovata foto di annmteu
  Immagine: 43536 bytes
  Server: static/avatars/creativi/albus_dumbledore_hf799.png
  Android drawables: char_albus_dumbledore_hf799.png
  characters.py aggiornato per 'albus_dumbledore_hf799'
  ✅ Avatar salvato!

============================================================
Generazione: Bill Gates (bill_gates_hf800)
============================================================
  Uso API gratuita: free
  Prompt: Candid snapshot of a young man, around 23 years old, Philanthropist Profiles, Bill Gates is a co-founder of Microsoft an...
  Pexels: trovata foto di Ron Lach
  Immagine: 15682 bytes
  Server: static/avatars/creativi/bill_gates_hf800.png
  Android drawables: char_bill_gates_hf800.png
  characters.py aggiornato per 'bill_gates_hf800'
  ✅ Avatar salvato!

============================================================
Generazione: Kara Danvers (kara_danvers_hf801)
============================================================
  Uso API gratuita: free
  Prompt: Candid snapshot of a young woman, around 26 years old, Daily Newspapers, Kara Danvers, also known as Supergirl, is a sup...
  Pexels: trovata foto di Furkan Elveren
  Immagine: 22705 bytes
  Server: static/avatars/creativi/kara_danvers_hf801.png
  Android drawables: char_kara_danvers_hf801.png
  characters.py aggiornato per 'kara_danvers_hf801'
  ✅ Avatar salvato!

============================================================
Generazione: Harry Stamper (harry_stamper_hf802)
============================================================
  Uso API gratuita: free
  Prompt: Candid snapshot of a young man, around 22 years old, Disaster Films, Harry Stamper is a skilled oil driller and the lead...
  Errore Pexels: HTTP 429
  Immagine: 46629 bytes
  Server: static/avatars/intrattenimento/harry_stamper_hf802.png
  Android drawables: char_harry_stamper_hf802.png
  characters.py aggiornato per 'harry_stamper_hf802'
  ✅ Avatar salvato!

============================================================
Generazione: Dave Barry (dave_barry_hf803)
============================================================
  Uso API gratuita: free
  Prompt: Candid snapshot of a young woman, around 23 years old, Humor and Satire Magazines, Dave Barry is a Pulitzer Prize-winnin...
  Pexels: trovata foto di Daniil Kondrashin
  Immagine: 36149 bytes
  Server: static/avatars/intrattenimento/dave_barry_hf803.png
  Android drawables: char_dave_barry_hf803.png
  characters.py aggiornato per 'dave_barry_hf803'
  ✅ Avatar salvato!

============================================================
Generazione: Peter Quill (Star-Lord) (peter_quill_star_lord_hf804)
============================================================
  Uso API gratuita: free
  Prompt: Candid snapshot of a young man, around 24 years old, Space Exploration Board Games, Peter Quill, also known as Star-Lord...
  Pexels: trovata foto di M1DDL3  M7N
  Immagine: 38752 bytes
  Server: static/avatars/sci-fi/peter_quill_star_lord_hf804.png
  Android drawables: char_peter_quill_star_lord_hf804.png
  characters.py aggiornato per 'peter_quill_star_lord_hf804'
  ✅ Avatar salvato!

============================================================
Generazione: Trevor \ (trevor_trouble_andrew_hf805)
============================================================
  Uso API gratuita: free
  Prompt: Candid snapshot of a young woman, around 29 years old, Streetwear and Sneaker Magazines, Trevor \. Natural indoor lighti...
  Pexels: trovata foto di Antonio Friedemann
  Immagine: 65602 bytes
  Server: static/avatars/creativi/trevor_trouble_andrew_hf805.png
  Android drawables: char_trevor_trouble_andrew_hf805.png
  characters.py aggiornato per 'trevor_trouble_andrew_hf805'
  ✅ Avatar salvato!

============================================================
Generazione: Shimmer and Shine (shimmer_and_shine_hf806)
============================================================
  Uso API gratuita: free
  Prompt: Candid snapshot of a mature man, around 34 years old, Children's Shows, Shimmer and Shine are twin genies-in-training wh...
  Pexels: trovata foto di Levi Rotich
  Immagine: 39134 bytes
  Server: static/avatars/quotidiano/shimmer_and_shine_hf806.png
  Android drawables: char_shimmer_and_shine_hf806.png
  characters.py aggiornato per 'shimmer_and_shine_hf806'
  ✅ Avatar salvato!

============================================================
Generazione: Willie Stark (willie_stark_hf807)
============================================================
  Uso API gratuita: free
  Prompt: Candid snapshot of a young man, around 23 years old, Southern Gothic, Willie Stark is the ambitious and charismatic poli...
  Errore Pexels: HTTP 429
  Immagine: 42646 bytes
  Server: static/avatars/creativi/willie_stark_hf807.png
  Android drawables: char_willie_stark_hf807.png
  characters.py aggiornato per 'willie_stark_hf807'
  ✅ Avatar salvato!

============================================================
Generazione: Martin Luther King Jr. (martin_luther_king_jr_hf808)
============================================================
  Uso API gratuita: free
  Prompt: Candid snapshot of a young man, around 19 years old, Historical Archives, Martin Luther King Jr. Natural indoor lighting...
  Pexels: trovata foto di MART  PRODUCTION
  Immagine: 44758 bytes
  Server: static/avatars/storia/martin_luther_king_jr_hf808.png
  Android drawables: char_martin_luther_king_jr_hf808.png
  characters.py aggiornato per 'martin_luther_king_jr_hf808'
  ✅ Avatar salvato!

============================================================
Generazione: Emma Chamberlain (emma_chamberlain_hf809)
============================================================
  Uso API gratuita: free
  Prompt: Candid snapshot of a young woman, around 29 years old, Social Media Star Features, Emma Chamberlain is a YouTube star an...
  Pexels: trovata foto di Beyzaa Yurtkuran
  Immagine: 27976 bytes
  Server: static/avatars/creativi/emma_chamberlain_hf809.png
  Android drawables: char_emma_chamberlain_hf809.png
  characters.py aggiornato per 'emma_chamberlain_hf809'
  ✅ Avatar salvato!

============================================================
Generazione: The Survivor (the_survivor_hf810)
============================================================
  Uso API gratuita: free
  Prompt: Candid snapshot of a mature man, around 33 years old, Procedural Death Labyrinth, The Survivor, often represented by the...
  Errore Pexels: HTTP 429
  Immagine: 60227 bytes
  Server: static/avatars/gamer/the_survivor_hf810.png
  Android drawables: char_the_survivor_hf810.png
  characters.py aggiornato per 'the_survivor_hf810'
  ✅ Avatar salvato!

============================================================
Generazione: Ryouma Ichijou (ryouma_ichijou_hf811)
============================================================
  Uso API gratuita: free
  Prompt: Candid snapshot of a young man, around 22 years old, Yaoi, Ryouma Ichijou is a popular and talented young actor who init...
  Pexels: trovata foto di SoyBreno Fotografia
  Immagine: 35547 bytes
  Server: static/avatars/anime/ryouma_ichijou_hf811.png
  Android drawables: char_ryouma_ichijou_hf811.png
  characters.py aggiornato per 'ryouma_ichijou_hf811'
  ✅ Avatar salvato!

============================================================
Generazione: Puca (puca_hf812)
============================================================
  Uso API gratuita: free
  Prompt: Candid snapshot of a young woman, around 27 years old, Spiritual Folklore, The Puca is a shape-shifting creature from Ir...
  Pexels: trovata foto di Azahel Calzada De La Luz
  Immagine: 43714 bytes
  Server: static/avatars/creativi/puca_hf812.png
  Android drawables: char_puca_hf812.png
  characters.py aggiornato per 'puca_hf812'
  ✅ Avatar salvato!

============================================================
Generazione: Clementine (clementine_hf813)
============================================================
  Uso API gratuita: free
  Prompt: Candid snapshot of a mature woman, around 34 years old, Narrative Adventure Game, Clementine is a young girl who grows u...
  Pexels: trovata foto di Andrei Olaru
  Immagine: 53170 bytes
  Server: static/avatars/viaggi/clementine_hf813.png
  Android drawables: char_clementine_hf813.png
  characters.py aggiornato per 'clementine_hf813'
  ✅ Avatar salvato!

============================================================
Generazione: Shiroe (shiroe_hf814)
============================================================
  Uso API gratuita: free
  Prompt: Candid snapshot of a young man, around 21 years old, Reincarnation, Shiroe, originally known as Kei Shirogane, is a vete...
  Pexels: trovata foto di Спиридон Варфаламеев
  Immagine: 23273 bytes
  Server: static/avatars/anime/shiroe_hf814.png
  Android drawables: char_shiroe_hf814.png
  characters.py aggiornato per 'shiroe_hf814'
  ✅ Avatar salvato!

============================================================
Generazione: Billy Chapel (billy_chapel_hf815)
============================================================
  Uso API gratuita: free
  Prompt: Candid snapshot of a young man, around 18 years old, Sports Dramas, Billy Chapel is an aging baseball pitcher for the De...
  Pexels: trovata foto di Matheus Alves
  Immagine: 43114 bytes
  Server: static/avatars/sport/billy_chapel_hf815.png
  Android drawables: char_billy_chapel_hf815.png
  characters.py aggiornato per 'billy_chapel_hf815'
  ✅ Avatar salvato!

============================================================
Generazione: Gulliver Foyle (gulliver_foyle_hf816)
============================================================
  Uso API gratuita: free
  Prompt: Candid snapshot of a young man, around 24 years old, Historical Science Fiction, Gulliver Foyle is the protagonist of Al...
  Pexels: trovata foto di Vanessa Pozos
  Immagine: 57897 bytes
  Server: static/avatars/sci-fi/gulliver_foyle_hf816.png
  Android drawables: char_gulliver_foyle_hf816.png
  characters.py aggiornato per 'gulliver_foyle_hf816'
  ✅ Avatar salvato!

============================================================
Generazione: Motoko Kusanagi (motoko_kusanagi_hf817)
============================================================
  Uso API gratuita: free
  Prompt: Candid snapshot of a mature man, around 30 years old, Cyberpunk, Motoko Kusanagi, also known as \. Natural indoor lighti...
  Pexels: trovata foto di Mikhail Nilov
  Immagine: 38146 bytes
  Server: static/avatars/sci-fi/motoko_kusanagi_hf817.png
  Android drawables: char_motoko_kusanagi_hf817.png
  characters.py aggiornato per 'motoko_kusanagi_hf817'
  ✅ Avatar salvato!

============================================================
Generazione: Scarlet Witch (Wanda Maximoff) (scarlet_witch_wanda_maximoff_hf818)
============================================================
  Uso API gratuita: free
  Prompt: Candid snapshot of a mature woman, around 34 years old, Romance, Wanda Maximoff, also known as Scarlet Witch, is a power...
  Pexels: trovata foto di Xuan Thanh Le
  Immagine: 25738 bytes
  Server: static/avatars/romantici/scarlet_witch_wanda_maximoff_hf818.png
  Android drawables: char_scarlet_witch_wanda_maximoff_hf818.png
  characters.py aggiornato per 'scarlet_witch_wanda_maximoff_hf818'
  ✅ Avatar salvato!

============================================================
Generazione: Philip Jennings (philip_jennings_hf819)
============================================================
  Uso API gratuita: free
  Prompt: Candid snapshot of a young man, around 18 years old, TV Show Character Analysis, Philip Jennings is one of the main char...
  Pexels: trovata foto di José Franco
  Immagine: 25946 bytes
  Server: static/avatars/intrattenimento/philip_jennings_hf819.png
  Android drawables: char_philip_jennings_hf819.png
  characters.py aggiornato per 'philip_jennings_hf819'
  ✅ Avatar salvato!

============================================================
Generazione: Ryoko Matoi (ryoko_matoi_hf820)
============================================================
  Uso API gratuita: free
  Prompt: Candid snapshot of a mature man, around 31 years old, Comedy, Ryoko Matoi is the main protagonist of the anime \. Natura...
  Pexels: trovata foto di ibadat singh
  Immagine: 49435 bytes
  Server: static/avatars/intrattenimento/ryoko_matoi_hf820.png
  Android drawables: char_ryoko_matoi_hf820.png
  characters.py aggiornato per 'ryoko_matoi_hf820'
  ✅ Avatar salvato!

============================================================
Generazione: Long Chen (long_chen_hf821)
============================================================
  Uso API gratuita: free
  Prompt: Candid snapshot of a mature man, around 30 years old, Xianxia, Long Chen is the protagonist of \. Natural indoor lightin...
  Pexels: trovata foto di Dima Valkov
  Immagine: 26362 bytes
  Server: static/avatars/fantasy/long_chen_hf821.png
  Android drawables: char_long_chen_hf821.png
  characters.py aggiornato per 'long_chen_hf821'
  ✅ Avatar salvato!

============================================================
Generazione: Akira Kiyosato (akira_kiyosato_hf822)
============================================================
  Uso API gratuita: free
  Prompt: Candid snapshot of a mature man, around 34 years old, Cross-dressing, Akira Kiyosato is a high school student who transf...
  Pexels: trovata foto di karol hiils
  Immagine: 40847 bytes
  Server: static/avatars/anime/akira_kiyosato_hf822.png
  Android drawables: char_akira_kiyosato_hf822.png
  characters.py aggiornato per 'akira_kiyosato_hf822'
  ✅ Avatar salvato!

============================================================
Generazione: Angela Merkel (angela_merkel_hf823)
============================================================
  Uso API gratuita: free
  Prompt: Candid snapshot of a mature woman, around 34 years old, Political Magazines, Angela Merkel is a German politician who se...
  Pexels: trovata foto di Antonio Friedemann
  Immagine: 65602 bytes
  Server: static/avatars/creativi/angela_merkel_hf823.png
  Android drawables: char_angela_merkel_hf823.png
  characters.py aggiornato per 'angela_merkel_hf823'
  ✅ Avatar salvato!

============================================================
Generazione: Sasha Vixen (sasha_vixen_hf824)
============================================================
  Uso API gratuita: free
  Prompt: Candid snapshot of a young woman, around 26 years old, Cyberpunk RPGs, Sasha Vixen is a street samurai in the Shadowrun ...
  Pexels: trovata foto di cottonbro studio
  Immagine: 19115 bytes
  Server: static/avatars/sci-fi/sasha_vixen_hf824.png
  Android drawables: char_sasha_vixen_hf824.png
  characters.py aggiornato per 'sasha_vixen_hf824'
  ✅ Avatar salvato!

============================================================
Generazione: Roald Amundsen (roald_amundsen_hf825)
============================================================
  Uso API gratuita: free
  Prompt: Candid snapshot of a young man, around 29 years old, Field Reports on Expeditions Led by..., Roald Amundsen was a Norweg...
  Errore Pexels: HTTP 429
  Immagine: 45122 bytes
  Server: static/avatars/creativi/roald_amundsen_hf825.png
  Android drawables: char_roald_amundsen_hf825.png
  characters.py aggiornato per 'roald_amundsen_hf825'
  ✅ Avatar salvato!

============================================================
Generazione: Mikasa Ackerman (mikasa_ackerman_hf826)
============================================================
  Uso API gratuita: free
  Prompt: Candid snapshot of a young woman, around 21 years old, Sports, Mikasa Ackerman is one of the central characters in the m...
  Pexels: trovata foto di Gerardo Manzano
  Immagine: 47109 bytes
  Server: static/avatars/sport/mikasa_ackerman_hf826.png
  Android drawables: char_mikasa_ackerman_hf826.png
  characters.py aggiornato per 'mikasa_ackerman_hf826'
  ✅ Avatar salvato!

============================================================
Generazione: Sabrina Spellman (sabrina_spellman_hf827)
============================================================
  Uso API gratuita: free
  Prompt: Candid snapshot of a young woman, around 26 years old, Sitcom Characters Blogs, Sabrina Spellman is a teenage witch who ...
  Errore Pexels: HTTP 429
  Immagine: 39215 bytes
  Server: static/avatars/creativi/sabrina_spellman_hf827.png
  Android drawables: char_sabrina_spellman_hf827.png
  characters.py aggiornato per 'sabrina_spellman_hf827'
  ✅ Avatar salvato!

============================================================
Generazione: Amanda Waller (amanda_waller_hf828)
============================================================
  Uso API gratuita: free
  Prompt: Candid snapshot of a young woman, around 21 years old, Political, Amanda Waller is a high-ranking government official an...
  Pexels: trovata foto di Pavel Danilyuk
  Immagine: 22310 bytes
  Server: static/avatars/creativi/amanda_waller_hf828.png
  Android drawables: char_amanda_waller_hf828.png
  characters.py aggiornato per 'amanda_waller_hf828'
  ✅ Avatar salvato!

============================================================
Generazione: Irwin Fletcher (Fletch) (irwin_fletcher_fletch_hf829)
============================================================
  Uso API gratuita: free
  Prompt: Candid snapshot of a young man, around 20 years old, Community Newspapers, Irwin Maurice Fletcher, commonly known as Fle...
  Pexels: trovata foto di Riya Kumari
  Immagine: 54609 bytes
  Server: static/avatars/creativi/irwin_fletcher_fletch_hf829.png
  Android drawables: char_irwin_fletcher_fletch_hf829.png
  characters.py aggiornato per 'irwin_fletcher_fletch_hf829'
  ✅ Avatar salvato!

============================================================
Generazione: Kimmy Schmidt (kimmy_schmidt_hf830)
============================================================
  Uso API gratuita: free
  Prompt: Candid snapshot of a mature woman, around 33 years old, Fantasy Comedies, Kimmy Schmidt is a quirky and optimistic young...
  Pexels: trovata foto di Dan
  Immagine: 455213 bytes
  Server: static/avatars/fantasy/kimmy_schmidt_hf830.png
  Android drawables: char_kimmy_schmidt_hf830.png
  characters.py aggiornato per 'kimmy_schmidt_hf830'
  ✅ Avatar salvato!

============================================================
Generazione: Debbie Drechsler (debbie_drechsler_hf831)
============================================================
  Uso API gratuita: free
  Prompt: Candid snapshot of a young man, around 20 years old, Graphic Journalism, Debbie Drechsler is the author and protagonist ...
  Pexels: trovata foto di Ron Lach
  Immagine: 31959 bytes
  Server: static/avatars/creativi/debbie_drechsler_hf831.png
  Android drawables: char_debbie_drechsler_hf831.png
  characters.py aggiornato per 'debbie_drechsler_hf831'
  ✅ Avatar salvato!

============================================================
Generazione: Deadpool (Wade Wilson) (deadpool_wade_wilson_hf832)
============================================================
  Uso API gratuita: free
  Prompt: Candid snapshot of a young man, around 23 years old, Superhero Films, Wade Wilson, known as Deadpool, is a mercenary wit...
  Pexels: trovata foto di RedWolf
  Immagine: 31563 bytes
  Server: static/avatars/supereroi/deadpool_wade_wilson_hf832.png
  Android drawables: char_deadpool_wade_wilson_hf832.png
  characters.py aggiornato per 'deadpool_wade_wilson_hf832'
  ✅ Avatar salvato!

============================================================
Generazione: Dante Alighieri (dante_alighieri_hf833)
============================================================
  Uso API gratuita: free
  Prompt: Candid snapshot of a young man, around 23 years old, Historical Manuscripts, Dante Alighieri was an Italian poet, writer...
  Errore Pexels: HTTP 429
  Immagine: 53866 bytes
  Server: static/avatars/storia/dante_alighieri_hf833.png
  Android drawables: char_dante_alighieri_hf833.png
  characters.py aggiornato per 'dante_alighieri_hf833'
  ✅ Avatar salvato!

============================================================
Generazione: Donnie Yen (donnie_yen_hf834)
============================================================
  Uso API gratuita: free
  Prompt: Candid snapshot of a young man, around 18 years old, Martial Arts Films, Donnie Yen plays Ma Jun, a hard-hitting cop wit...
  Pexels: trovata foto di Muhammad-Taha Ibrahim
  Immagine: 29691 bytes
  Server: static/avatars/fantasy/donnie_yen_hf834.png
  Android drawables: char_donnie_yen_hf834.png
  characters.py aggiornato per 'donnie_yen_hf834'
  ✅ Avatar salvato!

============================================================
Generazione: Walter O’Brien (walter_o_brien_hf835)
============================================================
  Uso API gratuita: free
  Prompt: Candid snapshot of a mature man, around 31 years old, Technology Shows, Walter O’Brien is a genius with an IQ of 197 and...
  Pexels: trovata foto di Thedollasyn
  Immagine: 26830 bytes
  Server: static/avatars/tecnologia/walter_o_brien_hf835.png
  Android drawables: char_walter_o_brien_hf835.png
  characters.py aggiornato per 'walter_o_brien_hf835'
  ✅ Avatar salvato!

============================================================
Generazione: Dell Hymes (dell_hymes_hf836)
============================================================
  Uso API gratuita: free
  Prompt: Candid snapshot of a mature man, around 31 years old, Linguistic Analyses of Languages..., Dell Hymes was an American li...
  Pexels: trovata foto di RedWolf
  Immagine: 49407 bytes
  Server: static/avatars/creativi/dell_hymes_hf836.png
  Android drawables: char_dell_hymes_hf836.png
  characters.py aggiornato per 'dell_hymes_hf836'
  ✅ Avatar salvato!

============================================================
Generazione: Ignatius J. Reilly (ignatius_j_reilly_hf838)
============================================================
  Uso API gratuita: free
  Prompt: Candid snapshot of a young man, around 24 years old, Transgressive Fiction, Ignatius J. Natural indoor lighting from win...
  Errore Pexels: HTTP 429
  Immagine: 40558 bytes
  Server: static/avatars/creativi/ignatius_j_reilly_hf838.png
  Android drawables: char_ignatius_j_reilly_hf838.png
  characters.py aggiornato per 'ignatius_j_reilly_hf838'
  ✅ Avatar salvato!

============================================================
Generazione: Gail Wynand (gail_wynand_hf839)
============================================================
  Uso API gratuita: free
  Prompt: Candid snapshot of a mature man, around 32 years old, Opinion Newspapers, Gail Wynand is a powerful newspaper magnate in...
  Pexels: trovata foto di David Huck
  Immagine: 42504 bytes
  Server: static/avatars/creativi/gail_wynand_hf839.png
  Android drawables: char_gail_wynand_hf839.png
  characters.py aggiornato per 'gail_wynand_hf839'
  ✅ Avatar salvato!

============================================================
Generazione: Pozzo (pozzo_hf840)
============================================================
  Uso API gratuita: free
  Prompt: Candid snapshot of a young man, around 28 years old, Modernist Play, Pozzo is a character in Samuel Beckett's \. Natural...
  Pexels: trovata foto di NIKHIL BOMBATKAR
  Immagine: 64820 bytes
  Server: static/avatars/creativi/pozzo_hf840.png
  Android drawables: char_pozzo_hf840.png
  characters.py aggiornato per 'pozzo_hf840'
  ✅ Avatar salvato!

============================================================
Generazione: Gregor Samsa (gregor_samsa_hf841)
============================================================
  Uso API gratuita: free
  Prompt: Candid snapshot of a mature man, around 32 years old, Historical Psychological Drama, Gregor Samsa is the protagonist of...
  Pexels: trovata foto di hamed farahpour
  Immagine: 42547 bytes
  Server: static/avatars/storia/gregor_samsa_hf841.png
  Android drawables: char_gregor_samsa_hf841.png
  characters.py aggiornato per 'gregor_samsa_hf841'
  ✅ Avatar salvato!

============================================================
Generazione: The Gingerbread Man (the_gingerbread_man_hf842)
============================================================
  Uso API gratuita: free
  Prompt: Candid snapshot of a mature man, around 33 years old, Wonder Tales, The Gingerbread Man is a mischievous and fast-runnin...
  Pexels: trovata foto di James Sutton
  Immagine: 25648 bytes
  Server: static/avatars/creativi/the_gingerbread_man_hf842.png
  Android drawables: char_the_gingerbread_man_hf842.png
  characters.py aggiornato per 'the_gingerbread_man_hf842'
  ✅ Avatar salvato!

============================================================
Generazione: Oliver Queen / Green Arrow (oliver_queen_green_arrow_hf843)
============================================================
  Uso API gratuita: free
  Prompt: Candid snapshot of a mature woman, around 33 years old, Superhero Shows, Oliver Queen, also known as the Green Arrow, is...
  Pexels: trovata foto di cottonbro studio
  Immagine: 29076 bytes
  Server: static/avatars/supereroi/oliver_queen_green_arrow_hf843.png
  Android drawables: char_oliver_queen_green_arrow_hf843.png
  characters.py aggiornato per 'oliver_queen_green_arrow_hf843'
  ✅ Avatar salvato!

============================================================
Generazione: Ambassador Liora Thal (ambassador_liora_thal_hf844)
============================================================
  Uso API gratuita: free
  Prompt: Candid snapshot of a mature woman, around 30 years old, Space Opera Short Stories, Ambassador Liora Thal is a skilled an...
  Errore Pexels: HTTP 429
  Immagine: 42144 bytes
  Server: static/avatars/sci-fi/ambassador_liora_thal_hf844.png
  Android drawables: char_ambassador_liora_thal_hf844.png
  characters.py aggiornato per 'ambassador_liora_thal_hf844'
  ✅ Avatar salvato!

============================================================
Generazione: Alex Mason (alex_mason_hf845)
============================================================
  Uso API gratuita: free
  Prompt: Candid snapshot of a young man, around 25 years old, Tactical Shooter, Alex Mason is the main protagonist in \. Natural ...
  Pexels: trovata foto di Tima Miroshnichenko
  Immagine: 25724 bytes
  Server: static/avatars/gamer/alex_mason_hf845.png
  Android drawables: char_alex_mason_hf845.png
  characters.py aggiornato per 'alex_mason_hf845'
  ✅ Avatar salvato!

============================================================
Generazione: Lee Everett (lee_everett_hf846)
============================================================
  Uso API gratuita: free
  Prompt: Candid snapshot of a mature man, around 30 years old, Survival RPG, Lee Everett is the protagonist of \. Natural indoor ...
  Pexels: trovata foto di Dan Galvani Sommavilla
  Immagine: 31249 bytes
  Server: static/avatars/sopravvivenza/lee_everett_hf846.png
  Android drawables: char_lee_everett_hf846.png
  characters.py aggiornato per 'lee_everett_hf846'
  ✅ Avatar salvato!

============================================================
Generazione: Haruhi Fujioka (haruhi_fujioka_hf847)
============================================================
  Uso API gratuita: free
  Prompt: Candid snapshot of a young woman, around 29 years old, Shoujo Mahou (Magical Girl), Haruhi Fujioka is the main character...
  Errore Pexels: HTTP 429
  Immagine: 48280 bytes
  Server: static/avatars/fantasy/haruhi_fujioka_hf847.png
  Android drawables: char_haruhi_fujioka_hf847.png
  characters.py aggiornato per 'haruhi_fujioka_hf847'
  ✅ Avatar salvato!

============================================================
Generazione: Silas Steel (silas_steel_hf848)
============================================================
  Uso API gratuita: free
  Prompt: Candid snapshot of a young man, around 18 years old, Economic Simulation Board Games, Silas Steel is a fictional charact...
  Pexels: trovata foto di cottonbro studio
  Immagine: 34093 bytes
  Server: static/avatars/gamer/silas_steel_hf848.png
  Android drawables: char_silas_steel_hf848.png
  characters.py aggiornato per 'silas_steel_hf848'
  ✅ Avatar salvato!

============================================================
Generazione: Napoleon Dynamite (napoleon_dynamite_hf849)
============================================================
  Uso API gratuita: free
  Prompt: Candid snapshot of a mature man, around 31 years old, Parody Films, Napoleon Dynamite, played by Jon Heder, is the socia...
  Pexels: trovata foto di jordan besson
  Immagine: 24118 bytes
  Server: static/avatars/intrattenimento/napoleon_dynamite_hf849.png
  Android drawables: char_napoleon_dynamite_hf849.png
  characters.py aggiornato per 'napoleon_dynamite_hf849'
  ✅ Avatar salvato!

============================================================
Generazione: R.J. MacReady (r_j_macready_hf850)
============================================================
  Uso API gratuita: free
  Prompt: Candid snapshot of a mature man, around 34 years old, Disaster Films, R. Natural indoor lighting from window, soft shado...
  Pexels: trovata foto di Ragucci
  Immagine: 27102 bytes
  Server: static/avatars/intrattenimento/r_j_macready_hf850.png
  Android drawables: char_r_j_macready_hf850.png
  characters.py aggiornato per 'r_j_macready_hf850'
  ✅ Avatar salvato!

============================================================
Generazione: Nikolaus Otto (nikolaus_otto_hf851)
============================================================
  Uso API gratuita: free
  Prompt: Candid snapshot of a young man, around 20 years old, Inventor Biography, Nikolaus Otto was a German engineer who develop...
  Errore Pexels: HTTP 429
  Immagine: 45410 bytes
  Server: static/avatars/quotidiano/nikolaus_otto_hf851.png
  Android drawables: char_nikolaus_otto_hf851.png
  characters.py aggiornato per 'nikolaus_otto_hf851'
  ✅ Avatar salvato!

============================================================
Generazione: Richard III (richard_iii_hf852)
============================================================
  Uso API gratuita: free
  Prompt: Candid snapshot of a young man, around 29 years old, Historical Dramas, Richard III is the titular character of Shakespe...
  Pexels: trovata foto di Eduardo  González
  Immagine: 62706 bytes
  Server: static/avatars/storia/richard_iii_hf852.png
  Android drawables: char_richard_iii_hf852.png
  characters.py aggiornato per 'richard_iii_hf852'
  ✅ Avatar salvato!

============================================================
Generazione: Shulawitsi (shulawitsi_hf853)
============================================================
  Uso API gratuita: free
  Prompt: Candid snapshot of a mature man, around 32 years old, Anasazi Mythology, Shulawitsi is the fire god in Anasazi mythology...
  Pexels: trovata foto di INOCENTE SANCHEZ GUADARRAMA
  Immagine: 51815 bytes
  Server: static/avatars/fantasy/shulawitsi_hf853.png
  Android drawables: char_shulawitsi_hf853.png
  characters.py aggiornato per 'shulawitsi_hf853'
  ✅ Avatar salvato!

============================================================
Generazione: Henry Tilney (henry_tilney_hf854)
============================================================
  Uso API gratuita: free
  Prompt: Candid snapshot of a young man, around 19 years old, Romance Short Stories, Henry Tilney is the witty and charming hero ...
  Errore Pexels: HTTP 429
  Immagine: 44237 bytes
  Server: static/avatars/romantici/henry_tilney_hf854.png
  Android drawables: char_henry_tilney_hf854.png
  characters.py aggiornato per 'henry_tilney_hf854'
  ✅ Avatar salvato!

============================================================
Generazione: Georg Cantor (georg_cantor_hf855)
============================================================
  Uso API gratuita: free
  Prompt: Candid snapshot of a young man, around 29 years old, Perspective Articles by or about Famous..., Georg Cantor was a Germ...
  Pexels: trovata foto di Michael Obstoj
  Immagine: 377990 bytes
  Server: static/avatars/creativi/georg_cantor_hf855.png
  Android drawables: char_georg_cantor_hf855.png
  characters.py aggiornato per 'georg_cantor_hf855'
  ✅ Avatar salvato!

============================================================
Generazione: Tony Stark (Iron Man) (tony_stark_iron_man_hf856)
============================================================
  Uso API gratuita: free
  Prompt: Candid snapshot of a mature man, around 35 years old, Fan Fiction Magazines, Tony Stark, also known as Iron Man, is a ge...
  Pexels: trovata foto di HANUMAN PHOTO STUDIO🏕️📸
  Immagine: 73854 bytes
  Server: static/avatars/creativi/tony_stark_iron_man_hf856.png
  Android drawables: char_tony_stark_iron_man_hf856.png
  characters.py aggiornato per 'tony_stark_iron_man_hf856'
  ✅ Avatar salvato!

============================================================
Generazione: Naoki Urasawa (naoki_urasawa_hf857)
============================================================
  Uso API gratuita: free
  Prompt: Candid snapshot of a mature man, around 31 years old, Biographical, Naoki Urasawa is a celebrated Japanese manga artist ...
  Pexels: trovata foto di SoyBreno Fotografia
  Immagine: 35547 bytes
  Server: static/avatars/anime/naoki_urasawa_hf857.png
  Android drawables: char_naoki_urasawa_hf857.png
  characters.py aggiornato per 'naoki_urasawa_hf857'
  ✅ Avatar salvato!

============================================================
Generazione: Mayor Skylines (mayor_skylines_hf858)
============================================================
  Uso API gratuita: free
  Prompt: Candid snapshot of a mature man, around 33 years old, City-Building, Mayor Skylines is the player's role in Cities: Skyl...
  Pexels: trovata foto di Ashford Marx
  Immagine: 36357 bytes
  Server: static/avatars/gamer/mayor_skylines_hf858.png
  Android drawables: char_mayor_skylines_hf858.png
  characters.py aggiornato per 'mayor_skylines_hf858'
  ✅ Avatar salvato!

============================================================
Generazione: Benjamin Braddock (benjamin_braddock_hf859)
============================================================
  Uso API gratuita: free
  Prompt: Candid snapshot of a young man, around 20 years old, Road Films, Benjamin Braddock, played by Dustin Hoffman, is a recen...
  Pexels: trovata foto di Wesley Davi
  Immagine: 17499 bytes
  Server: static/avatars/intrattenimento/benjamin_braddock_hf859.png
  Android drawables: char_benjamin_braddock_hf859.png
  characters.py aggiornato per 'benjamin_braddock_hf859'
  ✅ Avatar salvato!

============================================================
Generazione: Dom Cobb (dom_cobb_hf860)
============================================================
  Uso API gratuita: free
  Prompt: Candid snapshot of a mature man, around 35 years old, Tech Thrillers, Dom Cobb, played by Leonardo DiCaprio, is a skille...
  Pexels: trovata foto di cottonbro studio
  Immagine: 29313 bytes
  Server: static/avatars/detective/dom_cobb_hf860.png
  Android drawables: char_dom_cobb_hf860.png
  characters.py aggiornato per 'dom_cobb_hf860'
  ✅ Avatar salvato!

============================================================
Generazione: Weevil Underwood (weevil_underwood_hf861)
============================================================
  Uso API gratuita: free
  Prompt: Candid snapshot of a mature man, around 32 years old, TV Show Character Card Games, Weevil Underwood is a cunning and de...
  Errore Pexels: HTTP 429
  Immagine: 49721 bytes
  Server: static/avatars/intrattenimento/weevil_underwood_hf861.png
  Android drawables: char_weevil_underwood_hf861.png
  characters.py aggiornato per 'weevil_underwood_hf861'
  ✅ Avatar salvato!

============================================================
Generazione: Demetrius (demetrius_hf862)
============================================================
  Uso API gratuita: free
  Prompt: Candid snapshot of a mature man, around 30 years old, Life Simulation, Demetrius is a scientist who lives in Stardew Val...
  Pexels: trovata foto di Lasvane
  Immagine: 29141 bytes
  Server: static/avatars/gamer/demetrius_hf862.png
  Android drawables: char_demetrius_hf862.png
  characters.py aggiornato per 'demetrius_hf862'
  ✅ Avatar salvato!

============================================================
Generazione: Light Yagami (light_yagami_hf863)
============================================================
  Uso API gratuita: free
  Prompt: Candid snapshot of a mature man, around 32 years old, Supernatural, Light Yagami is a highly intelligent high school stu...
  Pexels: trovata foto di Warley Soariz
  Immagine: 24677 bytes
  Server: static/avatars/fantasy/light_yagami_hf863.png
  Android drawables: char_light_yagami_hf863.png
  characters.py aggiornato per 'light_yagami_hf863'
  ✅ Avatar salvato!

============================================================
Generazione: Conrad Jarrett (conrad_jarrett_hf864)
============================================================
  Uso API gratuita: free
  Prompt: Candid snapshot of a young man, around 28 years old, Coming-of-Age Novel, Conrad Jarrett is the troubled teenage protago...
  Pexels: trovata foto di Natalia Olivera
  Immagine: 31878 bytes
  Server: static/avatars/creativi/conrad_jarrett_hf864.png
  Android drawables: char_conrad_jarrett_hf864.png
  characters.py aggiornato per 'conrad_jarrett_hf864'
  ✅ Avatar salvato!

============================================================
Generazione: Andy Dufresne (andy_dufresne_hf865)
============================================================
  Uso API gratuita: free
  Prompt: Candid snapshot of a mature man, around 31 years old, Prison Films, Andy Dufresne is the protagonist of \. Natural indoo...
  Pexels: trovata foto di Alexandr
  Immagine: 21131 bytes
  Server: static/avatars/intrattenimento/andy_dufresne_hf865.png
  Android drawables: char_andy_dufresne_hf865.png
  characters.py aggiornato per 'andy_dufresne_hf865'
  ✅ Avatar salvato!

============================================================
Generazione: The Penguin (Oswald Cobblepot) (the_penguin_oswald_cobblepot_hf866)
============================================================
  Uso API gratuita: free
  Prompt: Candid snapshot of a young man, around 18 years old, Villain Spotlights, The Penguin, also known as Oswald Cobblepot, is...
  Errore Pexels: HTTP 429
  Immagine: 44815 bytes
  Server: static/avatars/creativi/the_penguin_oswald_cobblepot_hf866.png
  Android drawables: char_the_penguin_oswald_cobblepot_hf866.png
  characters.py aggiornato per 'the_penguin_oswald_cobblepot_hf866'
  ✅ Avatar salvato!

============================================================
Generazione: Hercule Poirot (hercule_poirot_hf867)
============================================================
  Uso API gratuita: free
  Prompt: Candid snapshot of a young man, around 27 years old, Thriller Short Stories, Hercule Poirot is a Belgian detective known...
  Pexels: trovata foto di DESPOINA APOSTOLIDOU
  Immagine: 54462 bytes
  Server: static/avatars/detective/hercule_poirot_hf867.png
  Android drawables: char_hercule_poirot_hf867.png
  characters.py aggiornato per 'hercule_poirot_hf867'
  ✅ Avatar salvato!

============================================================
Generazione: Chin Ho (chin_ho_hf868)
============================================================
  Uso API gratuita: free
  Prompt: Candid snapshot of a young man, around 25 years old, Ethnic Newspapers, Chin Ho is a veteran reporter for Sing Tao Daily...
  Pexels: trovata foto di Roman Saienko
  Immagine: 58128 bytes
  Server: static/avatars/creativi/chin_ho_hf868.png
  Android drawables: char_chin_ho_hf868.png
  characters.py aggiornato per 'chin_ho_hf868'
  ✅ Avatar salvato!

============================================================
Generazione: Sofia (sofia_hf869)
============================================================
  Uso API gratuita: free
  Prompt: Candid snapshot of a young woman, around 20 years old, Theatre of the Oppressed, Sofia is a character from Augusto Boal'...
  Pexels: trovata foto di Rachel Brooks
  Immagine: 16295 bytes
  Server: static/avatars/creativi/sofia_hf869.png
  Android drawables: char_sofia_hf869.png
  characters.py aggiornato per 'sofia_hf869'
  ✅ Avatar salvato!

============================================================
Generazione: Roman Jakobson (roman_jakobson_hf870)
============================================================
  Uso API gratuita: free
  Prompt: Candid snapshot of a young man, around 23 years old, Linguistic Analyses of Languages..., Roman Jakobson was a Russian-A...
  Pexels: trovata foto di MART  PRODUCTION
  Immagine: 36917 bytes
  Server: static/avatars/creativi/roman_jakobson_hf870.png
  Android drawables: char_roman_jakobson_hf870.png
  characters.py aggiornato per 'roman_jakobson_hf870'
  ✅ Avatar salvato!

============================================================
Generazione: Gustav Mahler (gustav_mahler_hf871)
============================================================
  Uso API gratuita: free
  Prompt: Candid snapshot of a mature man, around 32 years old, Musicology Research Journals, Gustav Mahler was an Austrian late-R...
  Pexels: trovata foto di MART  PRODUCTION
  Immagine: 30654 bytes
  Server: static/avatars/romantici/gustav_mahler_hf871.png
  Android drawables: char_gustav_mahler_hf871.png
  characters.py aggiornato per 'gustav_mahler_hf871'
  ✅ Avatar salvato!

============================================================
Generazione: Karsa Orlong (karsa_orlong_hf872)
============================================================
  Uso API gratuita: free
  Prompt: Candid snapshot of a mature woman, around 34 years old, Sword and Sorcery, Karsa Orlong, also known as Toblakai, is a ma...
  Pexels: trovata foto di Ahmet Mert
  Immagine: 45810 bytes
  Server: static/avatars/fantasy/karsa_orlong_hf872.png
  Android drawables: char_karsa_orlong_hf872.png
  characters.py aggiornato per 'karsa_orlong_hf872'
  ✅ Avatar salvato!

============================================================
Generazione: Bill Bryson (bill_bryson_hf873)
============================================================
  Uso API gratuita: free
  Prompt: Candid snapshot of a young woman, around 22 years old, Travel Magazines, Bill Bryson is a best-selling American author k...
  Pexels: trovata foto di Vanessa Pozos
  Immagine: 28735 bytes
  Server: static/avatars/viaggi/bill_bryson_hf873.png
  Android drawables: char_bill_bryson_hf873.png
  characters.py aggiornato per 'bill_bryson_hf873'
  ✅ Avatar salvato!

============================================================
Generazione: Ichabod Crane (ichabod_crane_hf874)
============================================================
  Uso API gratuita: free
  Prompt: Candid snapshot of a young man, around 27 years old, Gothic Dramas, Ichabod Crane is a time-displaced Revolutionary War ...
  Errore Pexels: HTTP 429
  Immagine: 37025 bytes
  Server: static/avatars/romantici/ichabod_crane_hf874.png
  Android drawables: char_ichabod_crane_hf874.png
  characters.py aggiornato per 'ichabod_crane_hf874'
  ✅ Avatar salvato!

============================================================
Generazione: Witchblade (Sara Pezzini) (witchblade_sara_pezzini_hf875)
============================================================
  Uso API gratuita: free
  Prompt: Candid snapshot of a young man, around 23 years old, Fantasy, Sara Pezzini is a New York City homicide detective who bec...
  Pexels: trovata foto di Angel Rkaoz
  Immagine: 47550 bytes
  Server: static/avatars/fantasy/witchblade_sara_pezzini_hf875.png
  Android drawables: char_witchblade_sara_pezzini_hf875.png
  characters.py aggiornato per 'witchblade_sara_pezzini_hf875'
  ✅ Avatar salvato!

============================================================
Generazione: Borat Sagdiyev (borat_sagdiyev_hf876)
============================================================
  Uso API gratuita: free
  Prompt: Candid snapshot of a mature man, around 33 years old, Satirical Newspapers, Borat Sagdiyev is a fictional Kazakh journal...
  Pexels: trovata foto di Olumide Adekunle
  Immagine: 44853 bytes
  Server: static/avatars/creativi/borat_sagdiyev_hf876.png
  Android drawables: char_borat_sagdiyev_hf876.png
  characters.py aggiornato per 'borat_sagdiyev_hf876'
  ✅ Avatar salvato!

============================================================
Generazione: The Possessed Doppelgänger (the_possessed_doppelg_nger_hf877)
============================================================
  Uso API gratuita: free
  Prompt: Candid snapshot of a young man, around 27 years old, Doppelgängers, The Possessed Doppelgänger is a chilling figure ofte...
  Pexels: trovata foto di Ali Ahmed
  Immagine: 41781 bytes
  Server: static/avatars/creativi/the_possessed_doppelg_nger_hf877.png
  Android drawables: char_the_possessed_doppelg_nger_hf877.png
  characters.py aggiornato per 'the_possessed_doppelg_nger_hf877'
  ✅ Avatar salvato!

============================================================
Generazione: Astral (astral_hf878)
============================================================
  Uso API gratuita: free
  Prompt: Candid snapshot of a young man, around 18 years old, Video Game Character Card Games, Astral is a mysterious being from ...
  Errore Pexels: HTTP 429
  Immagine: 55251 bytes
  Server: static/avatars/gamer/astral_hf878.png
  Android drawables: char_astral_hf878.png
  characters.py aggiornato per 'astral_hf878'
  ✅ Avatar salvato!

============================================================
Generazione: Yumeko Jabami (yumeko_jabami_hf879)
============================================================
  Uso API gratuita: free
  Prompt: Candid snapshot of a young man, around 22 years old, Corporate, Yumeko Jabami is a student at Hyakkaou Private Academy, ...
  Pexels: trovata foto di AI25.Studio  AI GENERATIVE
  Immagine: 26517 bytes
  Server: static/avatars/anime/yumeko_jabami_hf879.png
  Android drawables: char_yumeko_jabami_hf879.png
  characters.py aggiornato per 'yumeko_jabami_hf879'
  ✅ Avatar salvato!

============================================================
Generazione: Mai Tokiha (mai_tokiha_hf880)
============================================================
  Uso API gratuita: free
  Prompt: Candid snapshot of a young woman, around 28 years old, Magical Girl, Mai Tokiha is the main character in \. Natural indo...
  Pexels: trovata foto di Maria Eduarda Loura  Magalhães
  Immagine: 28385 bytes
  Server: static/avatars/fantasy/mai_tokiha_hf880.png
  Android drawables: char_mai_tokiha_hf880.png
  characters.py aggiornato per 'mai_tokiha_hf880'
  ✅ Avatar salvato!

============================================================
Generazione: Anahit (anahit_hf881)
============================================================
  Uso API gratuita: free
  Prompt: Candid snapshot of a mature woman, around 31 years old, Armenian Mythology, Anahit is one of the most revered goddesses ...
  Pexels: trovata foto di Moisés  Fonseca
  Immagine: 36797 bytes
  Server: static/avatars/fantasy/anahit_hf881.png
  Android drawables: char_anahit_hf881.png
  characters.py aggiornato per 'anahit_hf881'
  ✅ Avatar salvato!

============================================================
Generazione: Elektra (elektra_hf882)
============================================================
  Uso API gratuita: free
  Prompt: Candid snapshot of a mature woman, around 31 years old, Mystery, Elektra Natchios is a deadly assassin and martial artis...
  Pexels: trovata foto di Chris F
  Immagine: 32738 bytes
  Server: static/avatars/detective/elektra_hf882.png
  Android drawables: char_elektra_hf882.png
  characters.py aggiornato per 'elektra_hf882'
  ✅ Avatar salvato!

============================================================
Generazione: Yayael (yayael_hf883)
============================================================
  Uso API gratuita: free
  Prompt: Candid snapshot of a young man, around 19 years old, Arawak Mythology, Yayael is a significant figure in Arawak mytholog...
  Pexels: trovata foto di Israyosoy S.
  Immagine: 34034 bytes
  Server: static/avatars/fantasy/yayael_hf883.png
  Android drawables: char_yayael_hf883.png
  characters.py aggiornato per 'yayael_hf883'
  ✅ Avatar salvato!

============================================================
Generazione: Lone Starr (lone_starr_hf884)
============================================================
  Uso API gratuita: free
  Prompt: Candid snapshot of a mature man, around 34 years old, Parody Films, Lone Starr is the hero of \. Natural indoor lighting...
  Pexels: trovata foto di Azahel Calzada De La Luz
  Immagine: 33232 bytes
  Server: static/avatars/intrattenimento/lone_starr_hf884.png
  Android drawables: char_lone_starr_hf884.png
  characters.py aggiornato per 'lone_starr_hf884'
  ✅ Avatar salvato!

============================================================
Generazione: Kagome Higurashi (kagome_higurashi_hf885)
============================================================
  Uso API gratuita: free
  Prompt: Candid snapshot of a mature man, around 30 years old, Urban Fantasy, Kagome Higurashi is the main female protagonist of ...
  Pexels: trovata foto di Jimmy Elizarraras
  Immagine: 36630 bytes
  Server: static/avatars/fantasy/kagome_higurashi_hf885.png
  Android drawables: char_kagome_higurashi_hf885.png
  characters.py aggiornato per 'kagome_higurashi_hf885'
  ✅ Avatar salvato!

============================================================
Generazione: Takashi Natsume (takashi_natsume_hf886)
============================================================
  Uso API gratuita: free
  Prompt: Candid snapshot of a young man, around 18 years old, Shounen Mahou (Magical Boy), Takashi Natsume is the main protagonis...
  Errore Pexels: HTTP 429
  Immagine: 43761 bytes
  Server: static/avatars/fantasy/takashi_natsume_hf886.png
  Android drawables: char_takashi_natsume_hf886.png
  characters.py aggiornato per 'takashi_natsume_hf886'
  ✅ Avatar salvato!

============================================================
Generazione: Steven Universe (steven_universe_hf887)
============================================================
  Uso API gratuita: free
  Prompt: Candid snapshot of a young man, around 18 years old, Character-Centric Self-Care Blogs, Steven Universe is the main char...
  Pexels: trovata foto di Mikael Blomkvist
  Immagine: 13912 bytes
  Server: static/avatars/creativi/steven_universe_hf887.png
  Android drawables: char_steven_universe_hf887.png
  characters.py aggiornato per 'steven_universe_hf887'
  ✅ Avatar salvato!

============================================================
Generazione: Antony (antony_hf888)
============================================================
  Uso API gratuita: free
  Prompt: Candid snapshot of a mature man, around 33 years old, Shadow Play, Mark Antony is a Roman general and one of the triumvi...
  Pexels: trovata foto di Patricia  Rodriguez
  Immagine: 28848 bytes
  Server: static/avatars/creativi/antony_hf888.png
  Android drawables: char_antony_hf888.png
  characters.py aggiornato per 'antony_hf888'
  ✅ Avatar salvato!

============================================================
Generazione: Kelly Wearstler (kelly_wearstler_hf889)
============================================================
  Uso API gratuita: free
  Prompt: Candid snapshot of a young woman, around 19 years old, Character-Inspired Home Décor Blogs, Kelly Wearstler is an Americ...
  Pexels: trovata foto di Alexander Krivitskiy
  Immagine: 43747 bytes
  Server: static/avatars/creativi/kelly_wearstler_hf889.png
  Android drawables: char_kelly_wearstler_hf889.png
  characters.py aggiornato per 'kelly_wearstler_hf889'
  ✅ Avatar salvato!

============================================================
Generazione: Xau (xau_hf890)
============================================================
  Uso API gratuita: free
  Prompt: Candid snapshot of a young man, around 21 years old, Bushmen Mythology, Xau is a deity associated with the stars and the...
  Errore Pexels: HTTP 429
  Immagine: 46775 bytes
  Server: static/avatars/fantasy/xau_hf890.png
  Android drawables: char_xau_hf890.png
  characters.py aggiornato per 'xau_hf890'
  ✅ Avatar salvato!

============================================================
Generazione: Joust Knight (joust_knight_hf891)
============================================================
  Uso API gratuita: free
  Prompt: Candid snapshot of a young man, around 24 years old, Arcade, The Joust Knight is the player-controlled character in the ...
  Pexels: trovata foto di David Gomes
  Immagine: 30816 bytes
  Server: static/avatars/gamer/joust_knight_hf891.png
  Android drawables: char_joust_knight_hf891.png
  characters.py aggiornato per 'joust_knight_hf891'
  ✅ Avatar salvato!

============================================================
Generazione: Ryouma Takebayashi (ryouma_takebayashi_hf892)
============================================================
  Uso API gratuita: free
  Prompt: Candid snapshot of a young man, around 20 years old, Reincarnation, Ryouma Takebayashi is a lonely 39-year-old man who d...
  Pexels: trovata foto di Atahan Demir
  Immagine: 17009 bytes
  Server: static/avatars/anime/ryouma_takebayashi_hf892.png
  Android drawables: char_ryouma_takebayashi_hf892.png
  characters.py aggiornato per 'ryouma_takebayashi_hf892'
  ✅ Avatar salvato!

============================================================
Generazione: Bryan Mills (bryan_mills_hf893)
============================================================
  Uso API gratuita: free
  Prompt: Candid snapshot of a mature man, around 33 years old, Action Films, Bryan Mills, portrayed by Liam Neeson, is a former C...
  Pexels: trovata foto di Ben Bouh
  Immagine: 27887 bytes
  Server: static/avatars/supereroi/bryan_mills_hf893.png
  Android drawables: char_bryan_mills_hf893.png
  characters.py aggiornato per 'bryan_mills_hf893'
  ✅ Avatar salvato!

============================================================
Generazione: Jack Torrance (jack_torrance_hf894)
============================================================
  Uso API gratuita: free
  Prompt: Candid snapshot of a mature man, around 31 years old, Horror RPGs, Jack Torrance is the main character from Stephen King...
  Pexels: trovata foto di Lucky Photography
  Immagine: 18074 bytes
  Server: static/avatars/horror/jack_torrance_hf894.png
  Android drawables: char_jack_torrance_hf894.png
  characters.py aggiornato per 'jack_torrance_hf894'
  ✅ Avatar salvato!

============================================================
Generazione: El Cid (Rodrigo Díaz de Vivar) (el_cid_rodrigo_d_az_de_vivar_hf895)
============================================================
  Uso API gratuita: free
  Prompt: Candid snapshot of a young man, around 20 years old, Ballads, El Cid, born Rodrigo Díaz de Vivar, is a celebrated Spanis...
  Pexels: trovata foto di SoyBreno Fotografia
  Immagine: 35547 bytes
  Server: static/avatars/creativi/el_cid_rodrigo_d_az_de_vivar_hf895.png
  Android drawables: char_el_cid_rodrigo_d_az_de_vivar_hf895.png
  characters.py aggiornato per 'el_cid_rodrigo_d_az_de_vivar_hf895'
  ✅ Avatar salvato!

============================================================
Generazione: Oprah Winfrey (oprah_winfrey_hf896)
============================================================
  Uso API gratuita: free
  Prompt: Candid snapshot of a young woman, around 29 years old, Talk Shows, Oprah Winfrey is a media mogul, actress, and philanth...
  Errore Pexels: HTTP 429
  Immagine: 54424 bytes
  Server: static/avatars/creativi/oprah_winfrey_hf896.png
  Android drawables: char_oprah_winfrey_hf896.png
  characters.py aggiornato per 'oprah_winfrey_hf896'
  ✅ Avatar salvato!

============================================================
Generazione: Nuwa (nuwa_hf897)
============================================================
  Uso API gratuita: free
  Prompt: Candid snapshot of a young woman, around 25 years old, Taoist Mythology, Nuwa is a goddess in Chinese mythology credited...
  Pexels: trovata foto di Torrans Mayorquin
  Immagine: 74146 bytes
  Server: static/avatars/fantasy/nuwa_hf897.png
  Android drawables: char_nuwa_hf897.png
  characters.py aggiornato per 'nuwa_hf897'
  ✅ Avatar salvato!

============================================================
Generazione: Hummingbird (hummingbird_hf898)
============================================================
  Uso API gratuita: free
  Prompt: Candid snapshot of a young man, around 19 years old, Anasazi Mythology, In Anasazi mythology, the Hummingbird is a symbo...
  Pexels: trovata foto di Abhishek Mishra
  Immagine: 33666 bytes
  Server: static/avatars/fantasy/hummingbird_hf898.png
  Android drawables: char_hummingbird_hf898.png
  characters.py aggiornato per 'hummingbird_hf898'
  ✅ Avatar salvato!

============================================================
Generazione: Ahab (ahab_hf899)
============================================================
  Uso API gratuita: free
  Prompt: Candid snapshot of a young man, around 21 years old, Literary Fiction, Captain Ahab is the obsessive and vengeful captai...
  Pexels: trovata foto di Ron Lach
  Immagine: 22025 bytes
  Server: static/avatars/creativi/ahab_hf899.png
  Android drawables: char_ahab_hf899.png
  characters.py aggiornato per 'ahab_hf899'
  ✅ Avatar salvato!

============================================================
Generazione: Mbaba Mwana Waresa (mbaba_mwana_waresa_hf900)
============================================================
  Uso API gratuita: free
  Prompt: Candid snapshot of a young woman, around 22 years old, Zulu Mythology, Mbaba Mwana Waresa is the Zulu goddess of rainbow...
  Pexels: trovata foto di claytons gallary
  Immagine: 39636 bytes
  Server: static/avatars/fantasy/mbaba_mwana_waresa_hf900.png
  Android drawables: char_mbaba_mwana_waresa_hf900.png
  characters.py aggiornato per 'mbaba_mwana_waresa_hf900'
  ✅ Avatar salvato!

============================================================
Generazione: Julius Caesar (julius_caesar_hf901)
============================================================
  Uso API gratuita: free
  Prompt: Candid snapshot of a young man, around 29 years old, Historical Figures Essays, Julius Caesar was a Roman general and st...
  Pexels: trovata foto di Alex Dos Santos
  Immagine: 26360 bytes
  Server: static/avatars/storia/julius_caesar_hf901.png
  Android drawables: char_julius_caesar_hf901.png
  characters.py aggiornato per 'julius_caesar_hf901'
  ✅ Avatar salvato!

============================================================
Generazione: Flex Mentallo (flex_mentallo_hf902)
============================================================
  Uso API gratuita: free
  Prompt: Candid snapshot of a young man, around 24 years old, Absurdist Fiction, Flex Mentallo, the \. Natural indoor lighting fr...
  Pexels: trovata foto di cottonbro studio
  Immagine: 23216 bytes
  Server: static/avatars/creativi/flex_mentallo_hf902.png
  Android drawables: char_flex_mentallo_hf902.png
  characters.py aggiornato per 'flex_mentallo_hf902'
  ✅ Avatar salvato!

============================================================
Generazione: Catherine Earnshaw (catherine_earnshaw_hf903)
============================================================
  Uso API gratuita: free
  Prompt: Candid snapshot of a young woman, around 28 years old, Historical Psychological Mystery, Catherine Earnshaw is a passion...
  Errore Pexels: HTTP 429
  Immagine: 39063 bytes
  Server: static/avatars/detective/catherine_earnshaw_hf903.png
  Android drawables: char_catherine_earnshaw_hf903.png
  characters.py aggiornato per 'catherine_earnshaw_hf903'
  ✅ Avatar salvato!

============================================================
Generazione: Ged (Sparrowhawk) (ged_sparrowhawk_hf904)
============================================================
  Uso API gratuita: free
  Prompt: Candid snapshot of a young man, around 23 years old, Fantasy Short Stories, Ged, also known by his true name Sparrowhawk...
  Pexels: trovata foto di Enes Tarık  Eslemez
  Immagine: 42468 bytes
  Server: static/avatars/fantasy/ged_sparrowhawk_hf904.png
  Android drawables: char_ged_sparrowhawk_hf904.png
  characters.py aggiornato per 'ged_sparrowhawk_hf904'
  ✅ Avatar salvato!

============================================================
Generazione: Alan Turing (alan_turing_hf905)
============================================================
  Uso API gratuita: free
  Prompt: Candid snapshot of a young man, around 27 years old, Book Reviews on Biographies of Great..., Alan Turing was a British ...
  Pexels: trovata foto di Wolrider YURTSEVEN
  Immagine: 28413 bytes
  Server: static/avatars/creativi/alan_turing_hf905.png
  Android drawables: char_alan_turing_hf905.png
  characters.py aggiornato per 'alan_turing_hf905'
  ✅ Avatar salvato!

============================================================
Generazione: Delirium (delirium_hf906)
============================================================
  Uso API gratuita: free
  Prompt: Candid snapshot of a young man, around 22 years old, Science Fantasy, Delirium is one of the Endless in Neil Gaiman's gr...
  Pexels: trovata foto di Angel Rkaoz
  Immagine: 47550 bytes
  Server: static/avatars/fantasy/delirium_hf906.png
  Android drawables: char_delirium_hf906.png
  characters.py aggiornato per 'delirium_hf906'
  ✅ Avatar salvato!

============================================================
Generazione: Baro Shero (baro_shero_hf907)
============================================================
  Uso API gratuita: free
  Prompt: Candid snapshot of a young man, around 21 years old, Romani Mythology, Baro Shero, meaning \. Natural indoor lighting fr...
  Errore Pexels: HTTP 429
  Immagine: 44075 bytes
  Server: static/avatars/fantasy/baro_shero_hf907.png
  Android drawables: char_baro_shero_hf907.png
  characters.py aggiornato per 'baro_shero_hf907'
  ✅ Avatar salvato!

============================================================
Generazione: Hanako-kun (hanako_kun_hf908)
============================================================
  Uso API gratuita: free
  Prompt: Candid snapshot of a mature woman, around 33 years old, Folkloric Horror, Hanako-kun, also known as Yugi Amane, is the g...
  Pexels: trovata foto di Dan
  Immagine: 455213 bytes
  Server: static/avatars/horror/hanako_kun_hf908.png
  Android drawables: char_hanako_kun_hf908.png
  characters.py aggiornato per 'hanako_kun_hf908'
  ✅ Avatar salvato!

============================================================
Generazione: King Arthur (king_arthur_hf909)
============================================================
  Uso API gratuita: free
  Prompt: Candid snapshot of a young man, around 20 years old, Heroic Poetry, King Arthur is the legendary British leader and the ...
  Pexels: trovata foto di Ilya Komov
  Immagine: 137254 bytes
  Server: static/avatars/romantici/king_arthur_hf909.png
  Android drawables: char_king_arthur_hf909.png
  characters.py aggiornato per 'king_arthur_hf909'
  ✅ Avatar salvato!

============================================================
Generazione: River Tam (river_tam_hf910)
============================================================
  Uso API gratuita: free
  Prompt: Candid snapshot of a young woman, around 24 years old, Science Fiction Magazines, River Tam is a gifted but troubled you...
  Pexels: trovata foto di Vanessa Pozos
  Immagine: 28735 bytes
  Server: static/avatars/sci-fi/river_tam_hf910.png
  Android drawables: char_river_tam_hf910.png
  characters.py aggiornato per 'river_tam_hf910'
  ✅ Avatar salvato!

============================================================
Generazione: Sadie Ritter (sadie_ritter_hf911)
============================================================
  Uso API gratuita: free
  Prompt: Candid snapshot of a young man, around 26 years old, Crime Noir, Sadie Ritter is a teenage mother whose newborn son migh...
  Pexels: trovata foto di Andres Idda Bianchi
  Immagine: 20517 bytes
  Server: static/avatars/detective/sadie_ritter_hf911.png
  Android drawables: char_sadie_ritter_hf911.png
  characters.py aggiornato per 'sadie_ritter_hf911'
  ✅ Avatar salvato!

============================================================
Generazione: Harvey Specter (harvey_specter_hf912)
============================================================
  Uso API gratuita: free
  Prompt: Candid snapshot of a mature man, around 35 years old, Dramas, Harvey Specter is a senior partner at the law firm Pearson...
  Pexels: trovata foto di M_pxio
  Immagine: 38939 bytes
  Server: static/avatars/romantici/harvey_specter_hf912.png
  Android drawables: char_harvey_specter_hf912.png
  characters.py aggiornato per 'harvey_specter_hf912'
  ✅ Avatar salvato!

============================================================
Generazione: Morgana (morgana_hf913)
============================================================
  Uso API gratuita: free
  Prompt: Candid snapshot of a young woman, around 28 years old, Western Board Games, Morgana is a character from the social deduc...
  Pexels: trovata foto di Tima Miroshnichenko
  Immagine: 57957 bytes
  Server: static/avatars/viaggi/morgana_hf913.png
  Android drawables: char_morgana_hf913.png
  characters.py aggiornato per 'morgana_hf913'
  ✅ Avatar salvato!

============================================================
Generazione: Kenshin Himura (kenshin_himura_hf914)
============================================================
  Uso API gratuita: free
  Prompt: Candid snapshot of a young man, around 28 years old, Anime and Manga Characters Blogs, Kenshin Himura is the main charac...
  Errore Pexels: HTTP 429
  Immagine: 43202 bytes
  Server: static/avatars/anime/kenshin_himura_hf914.png
  Android drawables: char_kenshin_himura_hf914.png
  characters.py aggiornato per 'kenshin_himura_hf914'
  ✅ Avatar salvato!

============================================================
Generazione: Natasha Romanoff (Black Widow) (natasha_romanoff_black_widow_hf915)
============================================================
  Uso API gratuita: free
  Prompt: Candid snapshot of a mature woman, around 34 years old, Espionage RPGs, Natasha Romanoff, also known as Black Widow, is ...
  Pexels: trovata foto di Ahmet Mert
  Immagine: 54419 bytes
  Server: static/avatars/fantasy/natasha_romanoff_black_widow_hf915.png
  Android drawables: char_natasha_romanoff_black_widow_hf915.png
  characters.py aggiornato per 'natasha_romanoff_black_widow_hf915'
  ✅ Avatar salvato!

============================================================
Generazione: David Bowie (david_bowie_hf916)
============================================================
  Uso API gratuita: free
  Prompt: Candid snapshot of a young man, around 29 years old, Urban legends about celebrities, David Bowie was a groundbreaking m...
  Pexels: trovata foto di Alexander Krivitskiy
  Immagine: 66072 bytes
  Server: static/avatars/creativi/david_bowie_hf916.png
  Android drawables: char_david_bowie_hf916.png
  characters.py aggiornato per 'david_bowie_hf916'
  ✅ Avatar salvato!

============================================================
Generazione: Antoine Roquentin (antoine_roquentin_hf917)
============================================================
  Uso API gratuita: free
  Prompt: Candid snapshot of a young man, around 27 years old, Historical Existentialist Fiction, Antoine Roquentin is the protago...
  Errore Pexels: HTTP 429
  Immagine: 40883 bytes
  Server: static/avatars/storia/antoine_roquentin_hf917.png
  Android drawables: char_antoine_roquentin_hf917.png
  characters.py aggiornato per 'antoine_roquentin_hf917'
  ✅ Avatar salvato!

============================================================
Generazione: Jordan Belfort (jordan_belfort_hf918)
============================================================
  Uso API gratuita: free
  Prompt: Candid snapshot of a young man, around 18 years old, Character-Inspired Business Blogs, Jordan Belfort is a former stock...
  Pexels: trovata foto di MART  PRODUCTION
  Immagine: 33738 bytes
  Server: static/avatars/creativi/jordan_belfort_hf918.png
  Android drawables: char_jordan_belfort_hf918.png
  characters.py aggiornato per 'jordan_belfort_hf918'
  ✅ Avatar salvato!

============================================================
Generazione: Bloody Mary (bloody_mary_hf919)
============================================================
  Uso API gratuita: free
  Prompt: Candid snapshot of a young woman, around 18 years old, Cemetery legends, Bloody Mary is a legendary ghost or spirit said...
  Pexels: trovata foto di Anya  Juárez Tenorio
  Immagine: 41288 bytes
  Server: static/avatars/creativi/bloody_mary_hf919.png
  Android drawables: char_bloody_mary_hf919.png
  characters.py aggiornato per 'bloody_mary_hf919'
  ✅ Avatar salvato!

============================================================
Generazione: Red Redding (red_redding_hf920)
============================================================
  Uso API gratuita: free
  Prompt: Candid snapshot of a young man, around 24 years old, Prison Films, Ellis Boyd \. Natural indoor lighting from window, so...
  Pexels: trovata foto di Favour Concepts
  Immagine: 22304 bytes
  Server: static/avatars/intrattenimento/red_redding_hf920.png
  Android drawables: char_red_redding_hf920.png
  characters.py aggiornato per 'red_redding_hf920'
  ✅ Avatar salvato!

============================================================
Generazione: Dr. Sheldon Cooper (dr_sheldon_cooper_hf921)
============================================================
  Uso API gratuita: free
  Prompt: Candid snapshot of a young man, around 25 years old, Scientific Research Journals, Dr. Natural indoor lighting from wind...
  Errore Pexels: HTTP 429
